Headline,Description,Author,Date
Congratulations to EquipmentShare on Going Public,"Today, EquipmentShare (YC W15) goes public. From Missouri to 373 locations nationwide, they've built the operating system construction has been missing—built by contractors, for contractors. Congrats to Jabbok, Willy, and the EquipmentShare team on a huge milestone.",Garry Tan,Garry Tan
Announcing the YC AI Stack,"We've partnered with nearly two dozen companies to offer students who attend YC events a suite of over $25,000 in free credits for AI devtools.",Ankit Gupta,Ankit Gupta
2026 Demo Day Dates,"We’re excited to share the Demo Day dates for 2026 so founders, investors, and our broader community can plan ahead.",Y Combinator,Y Combinator
Meesho Goes Public,"Meesho goes public today. From S16 to IPO, they’ve built one of India’s largest e-commerce platforms—empowering millions of small merchants to grow their businesses.

Congrats to Vidit and Sanjeev on a decade of relentless building and listening to users!",Tim Brady,Tim Brady
Congratulations to Groww,"Today, Groww, India's leading digital investing platform, goes public. Tens of millions use Groww to invest simply and confidently in stocks, mutual funds, and ETFs. As YC's first company to list in India, we couldn't be more proud.",Jon Levy,Jon Levy
BillionToOne Goes Public — The Startup That Made Genetic Testing Universal,"Today, BillionToOne goes public, becoming YC's fourth publicly traded biotech company. More importantly, they have built one of the most important genetic tests in the U.S. Today, 1 in 11 babies born in the US are tested with BillionToOne's fetal genetic test.",Jared Friedman,Jared Friedman
Meet YC's Newest Visiting Partners,"We're excited to announce that nine exceptional founders are joining us as Visiting Partners at YC: Matt Riley, Harshita Arora, Grey Baker, Christopher Golda, Raphael Schaad, Christina Gilbert, Francois Chaubard, Vivian Shen, and James Evans.",Harj Taggar,Harj Taggar
YC x Coinbase RFS: Build Onchain,"We are entering the era of Fintech 3.0.

Regulatory clarity, growing consumer adoption, and low-cost chains have paved the way for a golden age of building in crypto — and at YC, Base, and Coinbase, we want to fund builders to seize this moment.",Harj Taggar,Harj Taggar
"Ankit Gupta Joins YC as General Partner, Bringing Deep ML Expertise",We’re thrilled to announce that Ankit Gupta is joining YC as our newest General Partner.,Garry Tan,Garry Tan
Dalton Caldwell’s Move to Partner Emeritus,"After 12+ years, 25 batches, and working with more than a thousand startups, Dalton Caldwell is transitioning to Partner Emeritus at YC.",Garry Tan,Garry Tan
Welcoming Jon Xu and Andrew Miklas as YC’s Newest General Partners,"Over the last few batches, visiting partners Jon Xu and Andrew Miklas have become two of the most trusted voices in the YC community. They were both founders in YC’s Summer 2010 batch, and now, 15 years and two industry-shaping companies later, they’re back in a new role: General Partners at YC.",Garry Tan,Garry Tan
Tyler Bosmeny built Clever into a $500M company–now he’s helping YC founders do the same as General Partner,"We’re thrilled to welcome Tyler Bosmeny back to YC, this time as a General Partner.",Garry Tan,Garry Tan
Michael Seibel's Legacy Continues at YC: Transition to Partner Emeritus,"If you’ve been around YC, you know Michael Seibel has been a huge part of it for over a decade. He’s done it all - YC Founder (w07, w12), Group Partner, and Managing Director/CEO of the YC accelerator. Along the way, he’s helped thousands of founders, shaped how we work with startups, and played a big role in YC’s growth.",Garry Tan,Garry Tan
East Coast College Tour 2025,"YC is going on a college tour! We're visiting Harvard, Yale, MIT, Columbia, Cornell, and Cornell Tech. 

If you're a current student at any of those schools and interested in startups, we'd love to meet you.",Y Combinator,Y Combinator
Summer Fellows Grants,"This summer, YC will be giving grants to college students to work on their own technical projects. We’re calling these the Summer Fellows Grants.

We hope this will encourage the smartest students to indulge their intellectual curiosity and work on hard technical things.",Harj Taggar,Harj Taggar
Join us at AI Startup School — June 16-17,"We're gathering 2,000 of the top CS undergrads, masters, and PhD candidates in AI to hear from speakers including Elon Musk, Satya Nadella, Sam Altman, Andrej Karpathy, Andrew Ng, and many more — the world’s top AI experts and founders who will teach you how to build the future.",Garry Tan,Garry Tan
Announcing the YC Spring 2025 batch,"Y Combinator is now running four batches per year: Winter, Spring, Summer, and Fall. We completed the first ever fall batch last year, F24, and are proud to announce the first ever spring batch. Applications are now open.",Dalton Caldwell,Dalton Caldwell
"YC Winter 2025 batch applications due by Tuesday, November 12, 2024","To better serve founders given the rapid rate of technological change, YC recently switched from two to four batches per year.
The winter 2025 batch will run from January to March, and applications are due on November 12.",Jared Friedman,Jared Friedman
Correcting the record for Continue and PearAI,"YC is at our best when backing founders with an ethos of building for others, including strong open source developers like the founders of Continue and many others.",Garry Tan,Garry Tan
Join us at Startup School Europe in London - November 23,Applications for Startup School Europe are now open!,Y Combinator,Y Combinator
YC Fall 2024 batch applications due by 8/27,"In response to overwhelming demand, we are running a YC batch this fall. Applications are now open.",Dalton Caldwell,Dalton Caldwell
Join us at Startup School 2024 in San Francisco - July 27,Applications for Startup School 2024 are now open!,Y Combinator,Y Combinator
Female Founders Conference applications are open now,"We’re bringing the Female Founders Conference back in-person, and we’ll be hosting it on August 2 at our office in the Dogpatch in San Francisco.",Surbhi Sarna,Surbhi Sarna
Dissecting the past to predict the future: Tracy Young on building TigerEye,"In 2018, Tracy Young and her co-founders sold PlanGrid for $875 million. By 2021, she was ready to jump back in and do it all over again with a brand new startup. I chatted with Tracy about what drives her and some of what she's learned along the way.",Greg Kumparak,Greg Kumparak
Last chance to apply for YC’s S24 batch,"If you were interested in applying for S24 but thought it was too late, it’s not. If you apply by June 13, we’ll still have time to look at your application.",Y Combinator,Y Combinator
Humanloop CEO Raza Habib shares 5 common mistakes teams make when building with LLMs,"After working with hundreds of teams to make better products with LLMs, Humanloop CEO Raza Habib shares some of the most common mistakes he's seen.",Greg Kumparak,Greg Kumparak
Why YC went to DC,"A few weeks ago, I went to DC to start engaging policymakers and be the voice of little tech. Here's why.",Garry Tan,Garry Tan
The origins of RevenueCat,"If you build something because you need it, chances are good others need it too.  In this interview, RevenueCat CEO Jacob Eiting shares how solving his own frustrations led to building a tool that helps power over 30,000 apps.",Greg Kumparak,Greg Kumparak
How AI will create more successful founders,"When a major new technology comes out, huge new opportunities open up for founders that get in on the ground floor. In this episode of Dalton and Michael, we’ll talk about why this is that moment for AI and who will find those opportunities.",Dalton Caldwell,Dalton Caldwell
Lessons on building hardware from the founders of Eight Sleep,The co-founders of Eight Sleep share some things they've learned about building hardware over the last 10 years,Greg Kumparak,Greg Kumparak
Congratulations to the 2024 YC Top Companies!,We’re excited to announce the 2024 YC Top Companies list! This list features the YC alumni with the highest revenue in 2023.,Garry Tan,Garry Tan
"Getting to know YC's newest Group Partner, David Lieb","Last week we shared some awesome news: David Lieb, the creator of Bump (part of the summer 2009 batch!) and Google Photos, has joined YC as a Group Partner. I sat down with David to hear more about his incredible story so far.",Greg Kumparak,Greg Kumparak
"After creating Google Photos and Bump, David Lieb is our newest Group Partner",Today Google Photos has more than a billion users. Most of those users probably don’t know that Google Photos' story begins at a startup called Bump.,Garry Tan,Garry Tan
When should a founder trust gut instincts?,We often see founders getting this one backwards.,Dalton Caldwell,Dalton Caldwell
Meet YC’s newest Visiting Group Partners,We're excited to announce we have three new Visiting Group Partners joining us for the S24 YC batch.,Harj Taggar,Harj Taggar
YC in the UK,"YC will be visiting London and three universities in the UK – Cambridge, Imperial, and Oxford. If you’re interested in starting a startup, or are in the early stages of building one, we hope to see you there.",Y Combinator,Y Combinator
"Hard Tech Companies, Then and Now",Most people know YC for funding software companies. But some of our most successful companies are the ones doing incredible things in the real world — the hard tech companies.,Jared Friedman,Jared Friedman
Meet the YC Winter 2024 Batch,"Today we’re kicking off Y Combinator’s 38th Demo Day, celebrating the incredible batch that is W24.",Garry Tan,Garry Tan
Building AI Models is faster and cheaper than you probably think,These 25 YC companies have built AI models that do things that just a couple of years ago would have been impossible.,Diana Hu,Diana Hu
Want to start a startup? Meet all the YC partners in Boston - Apr 20th,Join us for Startup School East on April 20.,Y Combinator,Y Combinator
"Build for customers, not VCs","It’s easy to analyze your way out of taking the first step. It’s something we see a lot, particularly when founders try to choose what to build based on what they think VCs will like.",Dalton Caldwell,Dalton Caldwell
The Reddits,"""I met the Reddits before we even started Y Combinator. In fact they were one of the reasons we started it,"" writes PG.",Paul Graham,Paul Graham
Michael Seibel on his next ten years at YC,"Earlier today Michael shared an update with the YC community, outlining a shift to his role within YC moving forward.",Garry Tan,Garry Tan
Pivoting to a billion-dollar idea: Lessons from Clipboard Health founder Wei Deng,Many of the greatest companies in YC’s history pivoted along the way. Here's the story of how Clipboard Health founder Wei Deng found an idea worth over $1B.,Greg Kumparak,Greg Kumparak
Building Confidence In Yourself and Your Ideas,People are going to have feedback about your startup idea — how do you make sense of it all?,Dalton Caldwell,Dalton Caldwell
One-off Early Interviews for Summer 2024 - Apply by Feb 21st,"We’re planning to do a special one-off round of early interviews for the next YC batch. If you want to do the next batch of YC, you should consider applying now by Feb 21 so you can get a faster decision (and earlier funding).",Y Combinator,Y Combinator
Stop innovating on the wrong things,In this episode of Dalton & Michael we’ll discuss the downsides of trying to “innovate” on certain things and why that can make it LESS likely a company succeeds.,Dalton Caldwell,Dalton Caldwell
YC's latest Request for Startups,These are some of the things we want to see more founders working on.,Dalton Caldwell,Dalton Caldwell
Bootstrap or VC?,"In this episode of Dalton & Michael, we’ll explain why the ""Bootstrap or raise Venture Capital?"" debate is a much simpler one than many make it out to be.",Dalton Caldwell,Dalton Caldwell
Backstory: How Tom Blomfield founded two billion-dollar companies,"There aren’t a ton of people in the world who can say they founded a billion dollar company. There are far fewer that can say they did it twice.

YC Group Partner Tom Blomfield is one of those few — this is his backstory.",Garry Tan,Garry Tan
Why do investors say you need a business co-founder?,Every software company needs a technical co-founder. But what kind of co-founder does the technical founder need?,Dalton Caldwell,Dalton Caldwell
The asymmetric upside of being positive,Dalton & Michael on the best ways for founders to think about weighing optimism and pessimism in their day-to-day lives.,Dalton Caldwell,Dalton Caldwell
"New year, new company - 10 additional spots in W24 for late applicants","The end of the year is a time of reflection and when many founders decide it's time to make a change and get serious about their startup. Thus, we are opening up at least 10 additional spots in the W24 batch for companies that apply now via a special application process.",Y Combinator,Y Combinator
Why you really DO need a technical co-founder,"Based on the thousands of companies YC has funded over the years, companies lacking a technical co-founder underperform. In this episode of Dalton + Michael, we’ll discuss exactly why that is.",Dalton Caldwell,Dalton Caldwell
YC Happy Hour at JP Morgan Healthcare Conference 2024,"We're hosting a happy hour during the JP Morgan Healthcare Conference. If you’re a YC alum, an investor, industry leader, or are interested in starting a bio or healthcare company, we’d love to see you there.",Surbhi Sarna,Surbhi Sarna
The 10-Year “Overnight” Success Story of Casetext,How did Casetext evolve into one of the biggest AI success stories? YC's Garry Tan talks with Casetext co-founder Jake Heller to find out,Greg Kumparak,Greg Kumparak
"FTC Chair Lina Khan on AI regulation, startup acquisitions, and more","FTC Chair Lina Khan stopped at YC's SF office last week to talk with Garry Tan about startups, AI, and more. Here's that interview!",Y Combinator,Y Combinator
Dalton and Michael's tips for technical founders,"The stories are true: technical founders (and early technical employees!) often end up with the short end of the stick when starting a company. In this episode of Dalton & Michael, we'll discuss how to keep that from happening to you.",Dalton Caldwell,Dalton Caldwell
Design Review: How to convert more visitors into customers,"Getting people to visit your startup’s website is just step one. Getting them to actually sign up or buy something is a whole different challenge — and it’s one where good design is crucial.

Join YC's Aaron Epstein and Pete Koomen as they share tips for turning more visitors into actual customers.",Greg Kumparak,Greg Kumparak
Is it time to quit your job at a unicorn?,"If you’re an employee of a late-stage company right now, how would you know when it’s time to move on? There isn't an easy answer — but in this episode, Dalton + Michael share suggestions on the good/bad signs to look for.",Dalton Caldwell,Dalton Caldwell
YC’s Health & Bio Summit is coming to SF in December — apply now to attend,"If you’re in the early stages of building a health or bio startup and want to meet others doing the same, join us at the YC Health & Bio Summit in San Francisco on December 6, 2023.",Surbhi Sarna,Surbhi Sarna
Office Hours: YC’s Group Partners share advice on actually getting things done,"For this episode of Office Hours, the Group Partners are talking about productivity — what works for the founders they help, and, perhaps more importantly, what doesn’t.",Greg Kumparak,Greg Kumparak
Meet YC’s newest Group Partner and Visiting Group Partners,"I'm thrilled to welcome YC's newest Group Partner and Visiting Group Partners. Welcome, Tyler and Nate — and congrats, Pete!",Garry Tan,Garry Tan
"‘Backstory’ introduces you to YC’s Group Partners, starting with the unbeatable Surbhi Sarna","Surbhi Sarna is a Group Partner at YC, mentoring a generation of healthcare founders. Her story is one of the most intense startup stories I’ve ever heard, but it’s one best told by Surbhi herself. In this debut episode of our new series ‘Backstory’, she’ll do just that.",Garry Tan,Garry Tan
Why you shouldn't copy your tech idols,"For this episode of Dalton + Michael, we dig into why some advice givers might be tempted to say “Do as I say, not as I DID.”",Dalton Caldwell,Dalton Caldwell
Meet the YC Summer 2023 Batch,"We're kicking off our 37th Demo Day — the one celebrating the Summer 2023 batch. I’ve seen a lot of batches in the last decade and a half, and I can say without a doubt: this is a good one. It’s one of the strongest YC batches ever.",Garry Tan,Garry Tan
Design Review: Building a better mobile app,"There’s a lot to think about when designing mobile apps, where seemingly small details can have a big impact. Viewers have been asking for a mobile-focused episode of Design Review — and here it is!",Greg Kumparak,Greg Kumparak
Why investors (secretly) love YC,"How do investors really feel about YC? In this episode, Michael and Dalton dig in!",Dalton Caldwell,Dalton Caldwell
Check out the new YC Library,"Today we’re excited to show you the reimagined YC Library — a new hub for the best videos, talks, essays, and more that Y Combinator creates for startup founders.",Greg Kumparak,Greg Kumparak
YC’s Group Partners share their worst investor meetings,"Before any of us were Group Partners at YC, we were founders. We know how it feels to be in the hot seat when you’re raising money, and we’ve seen just how many ways an investor meeting can go wrong. 

For the latest episode of Office Hours, we tell some of those stories.",Garry Tan,Garry Tan
"Peek into the latest YC batch in our new series, Founder FAQ","There are a thousand stories behind every startup. Our newest video series, Founder FAQ, aims to scratch the surface on some of these stories for the latest YC companies.",Greg Kumparak,Greg Kumparak
Does your startup need to be in SF? Dalton & Michael say...,"If you’re starting a company, does it need to be in San Francisco? One rare aspect of this episode: it’s one where Dalton and Michael disagree.",Dalton Caldwell,Dalton Caldwell
Introducing our newest video series: Office Hours,"Many of the billion dollar startups you know and love had to pivot, and that’s what the first episode of our newest video series Office Hours is about.",Garry Tan,Garry Tan
Dalton & Michael on what AI means for the future of startups,"Will ever-evolving AI models grow to consume the idea of startups as we know it, or is this the beginning of a whole new era for startups — akin to the arrival of the iPhone?",Greg Kumparak,Greg Kumparak
The 3 newest companies on YC’s Top Revenue List and what they’re doing so right,"Co-founders from Deel, Whatnot, and Nowports share how they got started, what they focus on, and what's next",Greg Kumparak,Greg Kumparak
Inaugural YC Top Companies List by Revenue,Today we’re publishing a list that recognizes the companies in the YC community that achieved the highest net revenue throughout 2022. Congratulations to everyone on the inaugural YC Top Companies List by Revenue!,Garry Tan,Garry Tan
Design Review: Aaron Epstein and Garry Tan critique AI startup websites,"What are you aiming to say with your startup’s website, and what’s actually coming through?

Watch along as Aaron and Garry examine what’s working (and what’s not) on five different AI startup websites.",Greg Kumparak,Greg Kumparak
The latest Startup School talks are now available to all,"The recordings of these talks were initially available only to Startup School students. After those students told us how helpful the videos were for them, we decided to make them available to everyone.",Greg Kumparak,Greg Kumparak
Tom Blomfield of GoCardless and Monzo is our newest Group Partner,"Introducing YC's newest Group Partner, Tom Blomfield",Garry Tan,Garry Tan
"PlanGrid and TigerEye Co-Founder Tracy Young on immigration, representation, and “the most important decision” in her life",YC President and CEO Garry Tan sits down with PlanGrid/TigerEye co-founder Tracy Young to learn about her family's immigrant journey.,Greg Kumparak,Greg Kumparak
"Welcome back to YC, Emmett Shear and Wayne Crosby","Today, we’re excited to welcome Emmett Shear and Wayne Crosby as our newest Visiting Group Partners.",Aaron Epstein,Aaron Epstein
10 Questions to Discuss with a Potential Co-founder,"When you're trying to figure out if someone is a good co-founder match, it helps to start by asking the right questions. We’ve compiled a list of the 10 questions that we think are the most important ones to answer.",Y Combinator,Y Combinator
Announcing the YC Summer Conference – for students interested in startups,"If you want to learn more about what it takes to start a startup – or how to get a job at one – join us for a one-day event in Mountain View, CA!",Y Combinator,Y Combinator
Meet the YC Winter 2023 Batch,"Today, we're kicking off our 36th Demo Day — featuring founders from over 250 startups, building across a variety of verticals including B2B/enterprise, fintech, healthcare, consumer, climate, and more.",Michael Seibel,Michael Seibel
Building APIs for AI: An Interview with Zapier’s Bryan Helmig,"We sat down with Bryan Helmig, the CTO and founder of Zapier, to talk APIs and interoperability, and learn more about the company’s first-ever public API: Natural Language Actions (NLA).",Garry Tan,Garry Tan
YC Meetup on Building Open Source Software Startups,"We're hosting a meetup for Open Source Software startups! YC has funded over 75 OSS companies to date and we’re especially excited about them. If you’re interested in starting one someday, join us to connect & learn with other founders in the space.",Y Combinator,Y Combinator
Changes at YC,"In recent years, we have also done some late stage investing. But late stage investing turned out to be so different from early stage that we found it to be a distraction from our core mission. So we’re going to decrease the amount of late stage investing we do.",Garry Tan,Garry Tan
Urgent: Sign the petition now,"Nearly 40,000 of all depositors at Silicon Valley Bank were small businesses. If swift action isn’t taken, over 100,000 people could soon lose their jobs.",Y Combinator,Y Combinator
Surbhi Sarna's new book on entrepreneurship,"YC Group Partner Surbhi Sarna has written a book called Without a Doubt, and today it goes on sale.",Jared Friedman,Jared Friedman
Announcing Y Combinator's Spring 2022 Tech Hiring Event,"We're excited to host an in-person tech hiring event on Wednesday, March 8th at 5:30 PM at Y Combinator's San Francisco office. This will be the first in-person hiring event we're hosting at YC in over two years, and we have 9 YC-backed startups who are looking to hire engineers and technical talent.",Ryan Choi,Ryan Choi
Congratulations to the 2023 YC Top Companies!,"There are now 16 public YC companies, 290 private YC companies and 33 exits that are valued at over $150M, and over 80 that are worth more than $1B.",Y Combinator,Y Combinator
Why would you work at a startup in an economic downturn?,"Now is as good a time as any to start a startup – especially if you get into YC. But what about joining a startup in this economy? We’re obviously biased, but we think it’s a great time to join a startup too. Here are three reasons to consider.",Ryan Choi,Ryan Choi
Why would you start a startup in an economic downturn?,"In an economic downturn, there are obvious downsides of starting a startup — but there are also powerful upsides; because to survive, you have to *actually* build something people want.",Stephanie Simon,Stephanie Simon
YC Career Coaching,"YC is launching Career Coaching for job seekers actively looking to startups for their next adventure. If you're actively searching for a new role, create a profile & apply to join our career coaching program!",Y Combinator,Y Combinator
Learnings of a CEO: Snapdocs’ Aaron King on navigating market cycles,"Founder & CEO Aaron King expertly built Snapdocs through volatile market conditions and with minimal outside funding into the mortgage industry's leading digital closing platform, valued at $1.5B today. This is what he learned about navigating market cycles.",Lindsay Amos,Lindsay Amos
The YC Founder Directory (+ New Company Content),"Today, the YC community is made up of nearly 10,000 founders, from all different backgrounds – each with a unique road to entrepreneurship. Discover founders who have had experiences that reflect your own and learn more about their journey.",Casey Muller,Casey Muller
2022 YC Year in Review,"Over the past year, we've funded 650+ startups from 40+ countries, welcomed two new public companies, resumed in-person batch events, and so much more. YC's Geoff Ralston looks back at 2022 in our year in review — with an eye on the future.",Geoff Ralston,Geoff Ralston
75 YC Companies Hiring Now!,"If you’re actively looking for a job in tech, we want to help you. To help you narrow down your search, here is a list of 75 Y Combinator companies hiring now.",Paige Omura,Paige Omura
Request for Startups: Climate Tech,"At YC, we believe founders and startups can make a positive impact on climate change and support the transition to a sustainable future. Here are a few areas and ideas we find most interesting, and hope to see founders apply with.",Y Combinator,Y Combinator
YC Generative AI Co-Founder Meetup,"YC is excited to announce our first-ever generative AI themed co-founder speed-dating event, happening virtually on Saturday, December 17th at 11am-1pm PST. This is your chance to meet other ambitious and creative individuals who share your passion for using generative AI to drive innovation.",Catheryn Li,Catheryn Li
YC Happy Hour at the JP Morgan Healthcare Conference,"Join us for a happy hour during the JP Morgan Healthcare Conference in San Francisco on January 10th. If you’re a YC alum, an investor, industry leader, or are interested in starting a bio or healthcare company, we’d love to see you there.",Surbhi Sarna,Surbhi Sarna
"Welcome Diana, Dave, Edrizio, and Umur","Today, we’re excited to welcome Diana Hu as our newest Group Partner and Dave Lieb, Edrizio Delacruz, and Umur Cubukcu, as our newest Visiting Group Partners.",Aaron Epstein,Aaron Epstein
How to maintain engineering velocity as you scale,"Faire’s engineering team grew from five to over 100 engineers in three years. Throughout this growth, we were able to sustain our pace of engineering execution by adhering to four guiding principles.",Marcelo Cortes,Marcelo Cortes
YC Founder Firesides: Mutiny on AI and the next era of company growth,"YC’s Anu Hariharan sat down with Mutiny co-founder and CEO Jaleh Rezaei to talk about their recent acquisition of Intellipse, an AI marketing platform, as well as how AI will impact the next era of growth.",Y Combinator,Y Combinator
"Learnings of a CEO: Matt Schulman, Pave, on Hiring","Pave Founder and CEO Matt Schulman has created one of the most comprehensive and thorough recruiting processes, which has made him one of the most successful recruiters in the YC community.",Lindsay Amos,Lindsay Amos
YC ClimateTech Co-Founder Meetup,"We’re excited to announce the first YC ClimateTech Co-Founder Meetup. If you’re interested in starting a ClimateTech startup and want to meet other potential co-founders in the space, register to attend by October 25th.",Catheryn Li,Catheryn Li
First Five Launches with Whatnot,"Like every startup, the founders of Whatnot began with only an idea. YC’s Anu Hariharan sat down with the co-founder and CEO of Whatnot Grant LaFontaine to discuss their first five launches, and how they helped shape the company into a billion dollar marketplace today.",Y Combinator,Y Combinator
Women Engineers in Startups: Tess's Story,"This October, we are hosting our second annual Women Engineers in Startups program. One participant in our first cohort, Tess Huelskamp, accepted a role at Middesk (YC W19). She shared her experience and advice for thinking about joining a startup.",Y Combinator,Y Combinator
YC’s 1st Health and Bio Summit,"We’re excited to announce the first YC Health and Bio Summit that will take place in San Francisco on October 21, 2022. 
The half day conference will feature bio and healthcare founders and investors who will tell their stories and share advice for entrepreneurs who are just getting started.",Surbhi Sarna,Surbhi Sarna
Meet the YC Summer 2022 Batch,"For the Summer 2022 batch, we received 19,000 applications from founders around the world and funded 240. Today, these founders will present their companies to an invite-only audience of investors at our 35th Demo Day. Here’s what we saw in the S22 batch.",Michael Seibel,Michael Seibel
YC Jobs Series: Women Engineers in Startups,"This fall, we are hosting our second annual Women Engineers in Startups program. The program brings together a cohort of women engineers who are interested in finding roles at fast growing startups.",Paige Omura,Paige Omura
"Welcome Home, Garry Tan",Today we're excited to announce that Garry Tan will be YC's next president and CEO. He is a visionary and builder — having founded the earliest blogging platform and advised hundreds of startups over the last decade.,Geoff Ralston,Geoff Ralston
Y Combinator Top Companies - August 2022,"Today we’re excited to release an update to the YC Top Companies list. There are now 15 public YC companies, 316 private YC companies that are valued at over $150M, and over 80 are valued at over $1B.",Y Combinator,Y Combinator
First Five Hires with PostHog,PostHog (YC W20) is a suite of open source product analytic tools that companies can host themselves. YC’s Anu Hariharan sat down with the co-founder and CEO of PostHog James Hawkins to discuss hiring their first five employees.,Y Combinator,Y Combinator
YC Founder Firesides: Gusto on building for new verticals,"Today, more than 200,000 businesses use Gusto for payroll, employee benefits, talent management, and more. And with the recent addition of Gusto Embedded, developers now use Gusto’s APIs and pre-build UI  flows to embed payroll, tax filing, and payments infrastructure into products.",Y Combinator,Y Combinator
"Learnings of a CEO: Wade Foster, Zapier","Today, Zapier automates work by connecting with over 5,000 apps. The company has been profitable since 2014 and is valued at $5B – with 700 employees working remotely. Wade, Zapier CEO, shared his learnings growing into the role of a growth-stage CEO.",Lindsay Amos,Lindsay Amos
New: Filter by equity – at the best YC startups,"YC's job board now lets job seekers filter by equity offered on the job description. Over 380 startups have posted roles with equity, with some early engineering roles offering 2%.",Ryan Choi,Ryan Choi
YC S22 Virtual Demo Day,"On the morning of September 7th and September 8th, 2022, YC will host our 35th Demo Day live on Zoom. This two day event will feature founders from 30 countries and startups in every sector — open source, ML/AI, dev tools, fintech, B2B SaaS, consumer, healthcare, hard tech, and more.",Michael Seibel,Michael Seibel
"Learnings of a CEO: Max Rhodes, Faire","Outside of the YC community, little has been documented on best practices to be an effective CEO. We want to help founders everywhere scale and build enduring companies — and today, we’re launching a new series to do just that: Learnings of a CEO.",Lindsay Amos,Lindsay Amos
New YC video series: First Five,"Introducing First Five, a new video series where growth stage companies look back on their first five hires, customers, and launches. In the first episode, YC Managing Director Anu Hariharan sits down with Tomer London, the co-founder and CPO of Gusto, to look back on the company’s first five hires.",Y Combinator,Y Combinator
6 founding engineer roles at W22 YC startups,"The YC job board has always been the best way to find early roles at funded and vetted YC startups. Below are a few of the most recent YC startups (Winter '22 batch) hiring for founding engineers, with compensation in the $160-180K range and equity around 1.5-2.0%.",Ryan Choi,Ryan Choi
"Same, Same but Different with Vanta and Zapier","Both Vanta CEO Christina Cacioppo and Zapier CEO Wade Foster made the decision to take a disciplined approach to fundraising. They flipped the equation of a typical startup founder: instead of raising money to enable a certain amount of growth, they eliminated the assumption of fundraising, controlled their spend, and evaluated how to ramp up spending based on what the business was bringing in.",Y Combinator,Y Combinator
"Get one-on-one career advice from YC, starting with Anu Hariharan (Managing Director)","Women have historically been underrepresented in tech, especially in technical roles like engineering and product. YC has run events to educate and support women in tech, and now we’re doubling down to offer tailored advice that’s specific to you and your career.",Paige Omura,Paige Omura
Launch YC: The Launchpad for YC Startups,Today we launched a new way to discover recently-backed YC startups and product updates from YC alum — Launch YC.,Y Combinator,Y Combinator
"New YC audio series: Same, Same but Different","We’re launching a new audio series on Twitter Spaces called Same, Same but Different. Each episode brings together two YC founders who will discuss a similar decision they made on their journey to building a growth-stage company.",Y Combinator,Y Combinator
YC is back in person,"Dalton and Michael announce the S22 batch will be in person, talk about trends among the most recent YC applicants, where founders are moving, the economic downturn, and the impact of the new standard deal.",Michael Seibel,Michael Seibel
Announcing Startup School 2022,"Today, we’re opening up registration for Startup School 2022, a live, online course where YC Group Partners and successful YC founders teach you how to build a billion dollar company.",Jared Friedman,Jared Friedman
Welcome S22 Visiting Group Partners,"Welcome to our newest YC S22 Visiting Group Partners: JJ, Liz, Pete, Puneet, and Rich! We’re excited for them to bring their insights and operational experiences to our next batch of companies.",Aaron Epstein,Aaron Epstein
Y Combinator’s (Virtual) Summer Career Expo - June 8th,"Y Combinator is hosting our Summer Career Expo online on Wednesday, June 8th, 4 pm PT. This is our way to introduce engineers, PMs, and designers to the latest batch of YC startups (W22) that are looking to hire.",Paige Omura,Paige Omura
YC Founder Firesides: Brex on spend and speed as a strategy,YC’s Anu Hariharan sat down with Brex Co-CEO Henrique Dubugras to talk about the launch of Empower and Henrique’s advice for startup founders and CEOs.,Y Combinator,Y Combinator
Meet top founders at YC Tech Talks: Healthcare,"We’re hosting YC Tech Talks: Healthcare on Wednesday, May 4 at 4pm PT (via Zoom). This event will give engineers, scientists, and other attendees an opportunity to hear directly from founders what problems keep them up at night and learn about emerging trends in the healthtech space.",Paige Omura,Paige Omura
Tim Brady is leaving YC,"It has been our pleasure to have Tim as a colleague and a friend, and wish him only the best in whatever adventures lie ahead in his, always epic, journey.",Geoff Ralston,Geoff Ralston
Meet the YC Winter 2022 Batch,"For the Winter 2022 batch, we received 17,000 applications from founders around the world and funded 414. Today, these founders will present their companies to an invite-only audience of investors at Y Combinator’s 34th Demo Day.",Michael Seibel,Michael Seibel
Congrats to Rigetti Computing (YC S14) on going public!,"Congratulations to Chad and to all of the folks at Rigetti who have worked so hard to get to this point. There’s a ton of quantum distance still to go, but no company and no team is better positioned to make that journey.",Geoff Ralston,Geoff Ralston
Join the YC Internship Program - Summer 2022,"YC startups are actively looking for summer interns across engineering, marketing, and more. If you're an undergrad or graduate student, apply to join our summer 2022 cohort.",Paige Omura,Paige Omura
More Ways to Support Ukraine,Join us and our alum in bringing aid to Ukraine and help spread the word.,Geoff Ralston,Geoff Ralston
Y Combinator Top Companies - February 2022,"We’re excited to share the 2022 YC Top Companies. In addition to the list of top companies, we’ve also launched the YC Breakthrough List to highlight the fast-growing companies that have received between $15M-$300M from YC.",Y Combinator,Y Combinator
YC W22 Virtual Demo Day,"On the morning of March 29th and 30th, 2022, YC will host our 34th Demo Day live on Zoom. This two day event will feature founders from 43 countries and startups in every sector.",Michael Seibel,Michael Seibel
Discover Black-founded companies,"Today, we updated the YC directory dedicated to highlighting Black-founded companies. Whether you’re an investor, job seeker, or potential customer, we hope you explore the directory and use it as a resource when seeking to support Black-founded startups.",Y Combinator,Y Combinator
YC's Spring Tour 2022,"We are excited to announce our 2022 Spring Outreach Tour. If you are starting a startup or have questions about YC, we want to meet you. We believe that talent is worldwide and look forward to seeing our community of founders grow.",Tamanna Khemani,Tamanna Khemani
2021 — YC Year in Review,"In 2021, many YC founders led their companies to achieve outstanding results, and we are honored to be part of these companies’ history.",Geoff Ralston,Geoff Ralston
Black Engineers in Startups Seminar,"This February, YC's Michael Seibel and Aston Motes, Director of /dev/color and 1st employee at Dropbox, are bringing together a cohort of black engineers who are interested in learning about startups and finding roles at fast-growing YC companies.",Ryan Choi,Ryan Choi
Startups For Students Guide,"In the past two years, we’ve met over 6,000 students during our virtual outreach tours. We compiled a list of the questions they most frequently asked about startups, and created this Startups for Students Guide.",Tamanna Khemani,Tamanna Khemani
YC @ HBCUs,"We’re excited to announce that on February 9, we will be hosting an event for Historically Black Colleges and Universities (HBCUs). If you’re interested in starting or working at a startup, we hope to meet you there.",Tamanna Khemani,Tamanna Khemani
What startup hiring looks like in 2021 — and during a pandemic,"Since launching Work at a Startup in 2018, we’ve collected a lot of data about the startup job landscape.

We wanted to share some trends we’ve seen over the last year that show where we’ve been – and inform where we’re going as a product:",Ryan Choi,Ryan Choi
Now Accepting Applications for YC Summer 2022,"The Winter 2022 batch is underway, and we’re excited to announce that we’re now accepting applications for Summer 2022. We will invest a total of $500,000 in every company accepted into the batch as part of our new standard deal.",Stephanie Simon,Stephanie Simon
"YC’s $500,000 Standard Deal","We have a new standard deal at Y Combinator. When a company is accepted into the YC batch program, we now invest a total of $500,000. We still invest $125,000 for 7% and now also invest an additional $375,000 on an uncapped safe with an MFN.",Geoff Ralston,Geoff Ralston
Does co-founder matching work? It did for these YC companies.,"Read about how the founders of Seer, Sequin, and Kiwi Biosciences used YC’s co-founder matching platform to complete their founding team.",Catheryn Li,Catheryn Li
"Welcome Surbhi, Nicolas, Divya, Ashu, and Tom","We’re excited to welcome two new full-time Group Partners (Surbhi Sarna and Nicolas Dessaigne) and three W22 Visiting Group Partners (Divya Bhat, Ashu Desai and Tom Blomfield) to YC.",Y Combinator,Y Combinator
Weave (YC W14) is Going Public,"Today, Weave, which was part of YC’s W14 batch, is going public. Brandon, Jared, and Clint worked incredibly hard, stayed the course and, as a result, Weave has become an extraordinary success.",Geoff Ralston,Geoff Ralston
Embark Trucks’ (W16) Road to IPO,"Today, Embark Trucks, once a startup in YC’s W16 batch, is going public. Congrats to Alex, Brandon and the entire Embark team.",Geoff Ralston,Geoff Ralston
What do people want in a co-founder?,"YC launched a co-founder matching platform about 3 months ago. There are now 16,000 co-founder profiles on the platform. Potential co-founders have sent 130,000 matching invites through the platform, and, with a 25% acceptance rate, we’ve seen a total of 33,000 matches.",Catheryn Li,Catheryn Li
How to pick the right startup to work for,"I talk to a lot of people who are trying to figure out which startup to join. I want to share some of the advice I’ve been giving, and I hope it helps you navigate your own job search.",Ryan Choi,Ryan Choi
Come Work at YC - October 2021,"YC is hiring across many of our teams, including Admissions, Continuity, Software, People Ops and Finance. Find out more about the open roles here.",Y Combinator,Y Combinator
Amplitude (W12) is going public,"Today, Amplitude, which was part of  YC’s W12 batch, is going public. Their story of grit, determination, and creativity, is an epic one.",Geoff Ralston,Geoff Ralston
Ginkgo Bioworks (S14) is going public today,"Ginkgo Bioworks is the first biotech company YC funded, and today they are going public. To celebrate their IPO, here’s the story of how Ginkgo Bioworks ended up in YC, and what their journey was like as YC’s first biotech startup.",Jared Friedman,Jared Friedman
YC’s Fall Tour 2021,"We are excited to kick off our virtual Fall Tour, and below is a list of the cities and schools we are visiting. We’ll host talks with YC Group Partners, Investors, Executives and Alumni who’ve built successful companies in different regions and verticals. They’ll talk about how they got started, the misconceptions that exist around starting startups, and they’ll answer questions from founders and future founders in the audience.",Tamanna Khemani,Tamanna Khemani
YC Summer 2021 Batch Stats,Earlier this month we hosted our 33rd Demo Day where 377 companies presented virtually. You can see a list of the companies that presented on-the-record in the YC Directory.,Michael Seibel,Michael Seibel
YC Jobs Series: Women Eng in Startups,"This fall, YC and Elpha (S19) will bring together a cohort of women engineers who are interested in finding roles at fast growing startups.",Kat Mañalac,Kat Mañalac
Venture Debt 101: Basics and Approach,"In this guide, YC Managing Director Jon Levy talks about venture debt. He covers what it is, walks through some of its benefits and risks, and gives advice on how to approach the process of taking on venture debt.",Jon Levy,Jon Levy
Inside YC: The Admissions Team,"Twice a year, YC accepts applications from startups around the world. The Admissions Team is responsible for designing that process and reviewing the tens of thousands of applications we receive each year.",Mark Thurman,Mark Thurman
"11 YC startups hiring for biology, life sciences, chemistry and data informatics roles","Today, YC funds more seed stage biotech companies than any other investor.

To help further the mission of our biotech and hard science startups, YC is now expanding YC’s job platform to support science-related roles.",Ryan Choi,Ryan Choi
Find a remote or in-person job at a YC startup from the most recent Winter '21 batch,"Y Combinator hosted our Summer 2021 Career Expo last month, which included 34 founders — many of whom graduated from YC’s most recent W21 batch. Many have customers and revenue and completed a fundraise; all are hiring early team members in engineering, product, design, sales and more.",Ryan Choi,Ryan Choi
Come Work at YC - July 2021,"YC’s Admissions, Continuity and Software teams are hiring. Find out more about the open roles here.",Y Combinator,Y Combinator
YC S21 Virtual Demo Day,"On the morning of August 31st and September 1st, YC will host our 33rd Demo Day live on Zoom. This two day event will feature founders from over 46 countries and startups in every sector — from healthcare and fintech to consumer and B2B software. Every company will have one minute to present.",Michael Seibel,Michael Seibel
Y Combinator Launches Co-Founder Matching Platform,"We’re excited to announce Y Combinator’s co-founder matching platform is now available for everyone through Startup School, our free online program and community for founders. Anyone actively looking for a co-founder can sign up.",Catheryn Li,Catheryn Li
Y Combinator Top Companies — July 2021,"YC companies raise money year round — leading to the YC Top Companies list becoming outdated almost as soon as it’s published. To combat this, moving forward the list will be refreshed every six months, in February and July. With that said, explore our newest list, which now includes more than 160 companies valued at $150M+. Together, the companies on July’s list are valued at more than $400B+ and have created more than 70,000 full-time jobs.",Y Combinator,Y Combinator
Come Work at YC,"Y Combinator's legal and software teams, and YC Continuity are hiring. Learn more about the open roles.",Y Combinator,Y Combinator
Welcome S21 Visiting Group Partners,"Every batch, we invite founders and executives to advise YC companies as Visiting Group Partners.  These advisors bring valuable insights and recent operational experience to YC early stage companies.  Throughout the batch, they take on a subset of YC Group Partner responsibilities, including application reading, interviews, group office hours, individual office hours, demo day prep, and more.",Michael Seibel,Michael Seibel
"Y Combinator’s Summer Career Expo Is Online on Thursday, June 10th","Y Combinator is hosting our Summer Career Expo online on June 10th. It’s our way to introduce engineers, PMs and designers to the most recent batch of YC startups (W21) that are looking to hire. (We’ve also included a few older startups, in case you’re open to 20-50 person companies.)",Ryan Choi,Ryan Choi
Watch 30 founder pitches from YC's GTM Jobs Expo,"Y Combinator hosted our first Go-To-Market Jobs Expo in March, and we’re now posting the founder pitches on Work at a Startup.",Ryan Choi,Ryan Choi
YC Companies Looking for Summer 2021 Interns,"With summer just around the corner, YC startups have projects that could benefit from the help of industrious student interns. Over 20 startups have posted open positions on YC’s Work at a Startup, which range from engineering to marketing to sales and more.",Ryan Choi,Ryan Choi
Coinbase from YC to IPO,"Today, Coinbase has gone public. We are proud to say that Coinbase is a Y Combinator company and a member of the Summer 2012 batch.",Dalton Caldwell,Dalton Caldwell
From Self-Doubt to Starting Up: Words of Wisdom for Women Founders From YC Continuity Partner Anu Hariharan,"We’ve been talking about the unique challenges facing women founders for years, but the pandemic was particularly hard for women looking to start their own companies. According to recent data, funding to women-founded companies dropped from 2.8% in 2019 to 2.3% in 2020.",Lindsay Amos,Lindsay Amos
Promise Co-Founder and CEO Phaedra Ellis-Lamkins on Being a Force for Good,"Pheadra Ellis-Lamkins, Co-Founder and CEO of Promise, had witnessed technology’s impact on the work communities in which she’d been a part — and not always for good. In the labor force and the environment sector, she’d seen technology replace jobs, relegating janitors and receptionists to contract work. In the music industry, she’d seen artists’ content devalued with advances in digital innovation. “I went into tech to understand it,” she said.",Lindsay Amos,Lindsay Amos
YC Winter 2021 Batch Stats,"Today is our 32nd Demo Day, and 319 companies are presenting virtually. You can see a list of the companies that presented on-the-record in the YC Directory.",Michael Seibel,Michael Seibel
Scaling YC,One of the most common questions I hear is: “why has YC continued to grow our batch size?”.,Geoff Ralston,Geoff Ralston
Startup School Aspiring Founders Track Relaunches,"Starting today, we’re reopening the Startup School Aspiring Founders track as a continuous course. This track is intended for potential founders who are interested in starting a company in the future. You can register now for the new track.",Kyle Corbitt,Kyle Corbitt
Apply to YC Summer 2021,"The deadline to apply to the Y Combinator Summer 2021 batch is Friday, March 19 at 8pm PT. Due to COVID-19, Summer 2021 will be the third batch in a row to be fully remote.",Lindsay Amos,Lindsay Amos
YC hiring events (all virtual) to network with founders and find your next job,"YC is hosting virtual events to help you meet great YC founders and find open roles at top YC startups. All YC startups attending are well-funded and actively hiring; each event starts with founders giving pitches for you to get familiar with the business and vision, followed by a virtual expo hall for you to network with the founders and their teams directly.",Ryan Choi,Ryan Choi
The Pre-Product Startup and the FDA,"A frequent question we get at YC is “when do I start thinking about the FDA Obviously, there is no single answer to such a complex question, but here are some basic rules of thumb for how to think about it.",Reshma Khilnani,Reshma Khilnani
FDA: Orientation for Early Stage Startups,"One of the most common topics YC Bio founders ask us about is the US Food and Drug Administration (FDA), and the broader regulatory environment. As a starting point, we wanted to touch on some of the most important concepts bio founders should think about.",Reshma Khilnani,Reshma Khilnani
Edlyft Co-Founder and CEO Erika Hairston: How Community Can Elevate Tech,"Edlyft co-founder and CEO Erika Hairston never imagined herself as a “techie,” but was drawn to computer science while at Yale University—not that it was a cinch for her. “I actually really struggled through the major and almost dropped it,” she says. While she ultimately persevered and graduated with her computer science degree from Yale in 2018, she also built appreciation for what it’s like to be truly intimidated by a subject matter.",Lindsay Amos,Lindsay Amos
Squire Co-Founder and CEO Songe LaRon: Powering Barbershops of the Future,"Songe LaRon didn’t have experience working in the barbershop world when he first had the idea for Squire, a business management and point-of-sales software focusing on barbershop owners. He did, however, have firsthand knowledge of the customer experience.",Lindsay Amos,Lindsay Amos
Promotions at YC — and Welcome Brad,"YC was created to support founders during their startup journey. Now more than ever we support founders throughout the life of their company. Today, we are celebrating some of the people who make our batch program, our Series A Program, Work at a Startup, and YC Continuity successful — and we’re recognizing their contributions through the following promotions.",Geoff Ralston,Geoff Ralston
YC Build Sprint Winter 2021,"We’re delighted to announce the launch of another YC Build Sprint through Startup School! It will begin on February 15 and end on March 14. Signups just opened, so you can register for the sprint now.",Kyle Corbitt,Kyle Corbitt
YC's Go-To-Market Jobs Expo is March 18th,"We are hosting our first Go-To-Market Jobs Expo on March 18th, specifically for people looking for non-engineering roles at YC startups. We’ll have 20+ YC startups that are looking for sales people, marketing experts, growth specialists and operators, among others. All companies are well-funded and growing quickly, and are looking for versatile candidates to help them scale their business.",Ryan Choi,Ryan Choi
YC W21 Virtual Demo Day,"On March 23, YC will host our 32nd Demo Day live over Zoom. This one day event will feature founders from 45 countries and startups in every sector — from healthcare and fintech to consumer and B2B software. Every company will have one minute to present.",Michael Seibel,Michael Seibel
YC’s Spring Tour 2021,"We are excited to announce our 2021 Spring Outreach Tour. On this tour, our goal is to virtually meet founders and future founders from cities and universities around the world.",Tamanna Khemani,Tamanna Khemani
How to Start a Biotech Company on a Budget,"Running a biotech company is capital intensive, and this can make it intimidating to get started. Founders sometimes face a chicken and egg problem: how do you make progress without millions of dollars in funding, and how do you raise millions of dollars in funding without having made progress?",Reshma Khilnani,Reshma Khilnani
Y Combinator Top Companies — 2021,"We’re excited to share the newest YC Top Companies list. We put this list together to help potential employees, partners, and late stage investors get to know a wider set of YC companies. If you’re looking for a job at one of our top companies, you can hit the Jobs button to be taken to their careers page.",Y Combinator,Y Combinator
Welcome W21 Visiting Group Partners,"Every batch, we invite founders and executives to advise YC companies as Visiting Group Partners. These advisors bring valuable insights and recent operational experience to YC early stage companies. Throughout the batch, they take on a subset of YC Group Partner responsibilities, including application reading, interviews, group office hours, individual office hours, demo day prep, and more.",Michael Seibel,Michael Seibel
2020 — Year in Review,"In early 2020 the entire world underwent a transformation. The planet was consumed by a pandemic that altered life as we knew it. Most of our normal routines changed immediately. At YC, like most businesses, we closed our offices. We were forced to rethink the end of our Winter 2020 batch and transformed its demo day to an online-only event.",Geoff Ralston,Geoff Ralston
ICYMI: Watch 40+ founders pitch at YC's Work at a Startup Expo,"If you’ve ever wondered what YC’s Demo Day is like, YC’s annual Work at a Startup Expo is a peek behind the curtain. Founders share what’s unique about their company, business and team, and attendees get to meet founders 1-1 to learn more. Granted, these pitches are geared a bit more towards hiring and engineering, but the stakes are still high and founders share the same energy and drive as during Demo Day. (And hiring a great early team is often as important as raising an early round.)",Ryan Choi,Ryan Choi
The Airbnbs,"To celebrate Airbnb’s IPO and to help future founders, I thought it might be useful to explain what was special about Airbnb.",Paul Graham,Paul Graham
DoorDash from application to IPO,"DoorDash is the first company that I’ve had the opportunity to follow all the way from YC application to IPO, so to celebrate I thought it would be fun and interesting to share what a great company like DoorDash looks like at the earliest stages.",Paul Buchheit,Paul Buchheit
Partnering with CodePath and ColorStack to support future technical founders,"YC was founded around the idea that technologists should be at the center of tech innovation. It seems obvious today, but it wasn’t always that way. We believe that technology startups should include a technical founder because it is critical that a CTO have a seat at the table where key decisions regarding the future of the startup are made. When it comes to deciding what to do with technology, technical founders know what the options are and what kinds of problems are hard and which are easy.1 Because of this core thesis, over the years we have actively done outreach to computer science majors in order to explain the advantages of being a startup founder.",Geoff Ralston,Geoff Ralston
"Y Combinator’s Work at a Startup Expo Is Online on Thursday, December 3rd","Y Combinator runs our annual Work at a Startup Expo as a way of introducing promising YC startups to engineers (and others) who want to learn more about startups and might consider working at one. This year’s event is happening on Thursday, December 3rd and will be entirely online, including both the founder pitches and the virtual expo hall:",Ryan Choi,Ryan Choi
Building for the future,"YC was founded in 2005 as an antidote to the classic venture capital firm. PG, Jessica, Trevor, and Robert decided to fund hackers and thereby enable the next generation of startup founders who would understand technology and its capabilities. Over the ensuing 15 years YC developed into a startup institution, one which we believe will continue to help founders create epic companies for decades to come.",Geoff Ralston,Geoff Ralston
Startup School for Future Founders,"We launched Startup School as an online program in 2017 to support founders actively working on building their companies. On November 9th, we’re also opening Startup School to potential founders who are interested in starting a company in the future. You can register for the new course today.",Kyle Corbitt,Kyle Corbitt
How to spin your scientific research out of a university and into a startup,This is advice for people who have done scientific research at a university and are considering starting a company to commercialize it.,Jared Friedman,Jared Friedman
Future Founders Conference for Women Globally,"On November 18, we are hosting our first Future Founders Conference for women who aspire to become a startup founder. The event will be online, and whether you are curious about launching your own startup or are in the early stages of building one, you’ll walk away with the knowledge to define your own path.",Kat Mañalac,Kat Mañalac
First YC Bio company to start clinical trials,Shasqi is the first YC Bio company to start first-in-human clinical trials for a drug.,Jared Friedman,Jared Friedman
YC x Glimpse Hiring Expo for Women in Tech: This Weds & Thurs (Sept 30th & Oct 1st),"Grace Hopper recently announced they will not host their open expo hall for hiring this year. To help would-be attendees of GHC, Y Combinator and Glimpse (W20) are running a series of events this week to match prospective candidates with YC companies that are actively hiring.",Ryan Choi,Ryan Choi
The YC Directory,"We recently launched the YC Directory. The directory lists 2,000+ publicly launched YC companies and makes it simple to filter by batch, industry, status, region, and company size. Potential investors and partners can use the directory to easily find and contact the companies with whom they’d like to work. The directory also has a filter for discovering YC companies that are hiring. We hope this tool helps job seekers find their next role.",Geoff Ralston,Geoff Ralston
Understanding Startup Stock Options,"Benjamin Beltzer is an early engineer at Berbix (S18), a startup building identity verification and fraud deterrence as a service. He previously founded his own company and worked at both Apple and other startups.",Y Combinator,Y Combinator
YC W21 Remote Batch,"YC W21 batch will be remote. Amid the global pandemic, the safety of our founders and staff is our top priority.",Michael Seibel,Michael Seibel
Early Engineer at Vanta (YC W18): Tom Denham,"Tom Denham is an early engineer at Vanta (YC W18), automating security and compliance, starting with SOC 2, to protect customer data and build trust in internet businesses. Read more about his experience picking up full stack development and becoming a jack-of-all trades at the early stages of YC company.",Ryan Choi,Ryan Choi
YC’s Fall Tour 2020,"Twice a year (fall and spring), we visit cities and universities around the world. Our goal is to meet founders and future founders, introduce them to the YC community, and share what we’ve learned from helping thousands of startups launch and grow.",Tamanna Khemani,Tamanna Khemani
YC's First Virtual IIT Tour,We’re excited to announce that we’ll be hosting our first series of virtual talks at 7 IITs this fall.,Kat Mañalac,Kat Mañalac
"#Hired on Work at a Startup: Deepak Jhalani, CTO at Ravti (YC S14)","Deepak Jhalani joined Ravti (S14) as their CTO after finding them on YC’s Work at a Startup. He previously managed a team of over 40 people, and was looking for his next challenge building a team and the technology from the ground up.",Ryan Choi,Ryan Choi
Apply Early for YC W21,"The deadline to apply for YC Winter 2021 is Wednesday, September 23 at 8pm PT.",Kat Mañalac,Kat Mañalac
YC Summer 2020 Batch Stats,"At our 31st Demo Day, 198 companies presented virtually over two days. You can see a list of the companies that presented on-the-record in the YC Directory.",Michael Seibel,Michael Seibel
YC’s First Lightning Tech Talks Series & Hiring Event on September 10,"There are a lot of great YC startups that are experiencing rapid growth — despite COVID — and actively hiring in engineering, product and more. We want to create a space for engineers and others to learn more about these companies, their technology, and engage directly with founders and their teams, in small groups and 1-1.",Ryan Choi,Ryan Choi
Open Office Hours: Sign up for Office Hours with YC Partners,We’re delighted to announce that YC is hosting online office hours for startup founders every Friday throughout the month of September.,Tamanna Khemani,Tamanna Khemani
Announcing YC Build Sprint and 20 Equity-Free Grants,"We’re excited to announce our first-ever YC Build Sprint. This is a 4-week period to work intensively towards a defined goal alongside a community of thousands of other founders. The sprint will kick off on August 24 and be administered through our free Startup School platform. Also, we’ll be awarding 20 grants of $10,000 to winners selected from among the sprint participants! Sign up for Startup School and register for the sprint now.",Eric Migicovsky,Eric Migicovsky
Career and Resume Advice: Student Edition,"With the launch of YC’s list of startups hiring for fall 2020 interns, I’ve been getting a lot of requests for advice from students about their upcoming fall plans.",Ryan Choi,Ryan Choi
Announcing the YC Startup Library,"We’re excited to announce the launch of the YC Startup Library, found at ycombinator.com/library. Over the last 15 years, YC has invested in and worked with more than 2,000 companies, and we’ve seen and learned from their successes and failures. The library consolidates the knowledge and advice we’ve previously published and provides a central location for new content. We strive to make entrepreneurship more accessible, and hope that by sharing our knowledge publicly, we can support the founder community more broadly.",Catheryn Li,Catheryn Li
YC Companies Looking for Fall 2020 Interns,"We’ve spoken to a number of college students who are considering foregoing a virtual fall term and instead looking to gain valuable work experience. Posts like this one on Linkedin — with over 7,500 interested responses from students — echo this same sentiment.",Ryan Choi,Ryan Choi
YC S20 Virtual Demo Day,"On August 24 and 25, YC will host our 31st Demo Day live over Zoom. After considering community feedback from our first, rapidly planned online Demo Day in March, we’ve decided that a live Demo Day is an important part of founders’ YC experience. The event will span two days, with half the batch presenting on day one and the other half on day two; every company will have one minute to present. At the start of each day, a single-slide summary, short company description, and team bio for the companies presenting will be available to investors through the YC Demo Day website. At the end of the week on August 28, recordings of the presentations will be published on the website.",Michael Seibel,Michael Seibel
A New Standard Deal,"We are making two changes to our standard deal in conjunction with a recent fundraise. Starting with the Winter 2021 batch, our deal will be $125,000 for 7% equity on a post-money safe, and we will reduce the amount of our pro rata right to 4% of subsequent rounds. In the coming years, this will enable us to fund as many as 3000 more companies.",Geoff Ralston,Geoff Ralston
Engineer #1 at ReadMe (YC W15): Marc Cuva,"Marc Cuva is the lead Product Manager at ReadMe (YC W15), where he was also the company’s first full-time engineer. Learn more about Marc’s impact on the company vision, his transition to product, and the mentorship he’s gotten from ReadMe’s founder to further his development.",Ryan Choi,Ryan Choi
Startup School Relaunching as Continuous Program,We’re excited to announce that Startup School (SUS) is relaunching today as a continuous program. This change will allow us to serve many more founders than the traditional annual course we’ve been running since 2017 and better support startup founders year-round.,Kyle Corbitt,Kyle Corbitt
Next steps,"Within our organization and community of over 5,000 founders, we have begun a conversation about what we can do to help improve racial and social justice in America.",Y Combinator,Y Combinator
Advice for job seekers on resumes and standing out,"In my role here at YC, I spend a lot of time with job seekers doing 1-1s and resume reviews. Below are my most common pieces of advice.",Ryan Choi,Ryan Choi
Startup HR: What’s important?,"In the early stages of working on a startup, there is little time to spend on areas other than product development and talking to users. However, as you start to hire people and build a team, there are HR fundamentals worth investing in. Having basic HR practices in place can help your startup scale quickly and may eliminate unforeseen and often costly problems down the road.",Renee Mars,Renee Mars
Participate in Cal Hacks' hack:now and win prizes including summer mentorship or a YC interview,"On April 24-26th, Cal Hacks is running hack:now, a 36-hour global online hackathon to foster innovative and technical solutions to challenges around the COVID-19 pandemic.",Ryan Choi,Ryan Choi
YC S20 Remote Batch,"We have decided to run the S20 batch remotely, because amid the COVID-19 crises, the safety of founders and YC staff is our top priority. Interviews for the batch will be remote, and office hours, evening talks, and meetups throughout the batch will all take place over video conferencing, as well as on our online platform and forum for YC founders.",Michael Seibel,Michael Seibel
YC’s Director of Events on Hosting a Virtual Event,"It’s likely that the responsibility of hosting virtual events no longer falls solely on the webinar expert in your organization. It’s now a necessity for all teams to host their own virtual events to stay connected with customers, employees and followers. The uptick in virtual events at YC — and amongst YC companies — has reminded us that the details matter. For an audience to find an event truly valuable, you have to remove distractions and over prepare for the hiccups. Here is a list of dos and don’ts when it comes to hosting a virtual event:",Lindsay Selvitelle,Lindsay Selvitelle
Meet 8 YC startups that are hiring right now,"Many YC startups are actively hiring on Work at a Startup across engineering, product, design, marketing and more. We asked founders to shoot a 30-second video describing their businesses and open roles. Meet them below:",Ryan Choi,Ryan Choi
Welcome Aaron and Harj,"We’re excited to welcome Aaron Epstein to the YC Team, and welcome back Harj Taggar.",Geoff Ralston,Geoff Ralston
Finding your next role through Y Combinator,"At YC, we want to help those who have been impacted by recent layoffs. As always, anyone is welcome to create a profile on Work at a Startup, which makes it simple to browse the 400+ YC companies that are well-funded and actively hiring, including larger ones like Segment, Brex and Instacart",Ryan Choi,Ryan Choi
YC Alum Advice for Managing Remote Teams,"We hosted a virtual panel with YC alum on best practices for managing a remote team. We aggregated the advice shared by alum, including Sid Sijbrandij & Darren Murph of GitLab (remote team of 1,200+), Wade Foster of Zapier (remote team of 300+), Ian Tien of Mattermost (remote team of 100+), Nick Raushenbush & Finbarr Taylor of Shogun (remote team of 60), Rajiv Ayyangar of Tandem (remote team of 6) and more.",Kat Mañalac,Kat Mañalac
Responding to COVID-19,"In order to confront the COVID-19 crisis, we need to immediately mobilize global scientific and technical talent. There are already a number of YC companies that are helping with the crisis, and we’re looking for more startups that, if successful, could alter the trajectory of COVID-19. We’re particularly interested in startups working on:",Jared Friedman,Jared Friedman
An Update on YC S20 International Interviews,"The Summer 2020 batch is still on, however due to safety concerns relating to COVID-19, YC staff will no longer be traveling to do interviews. We will still be interviewing startups from all over the world (with safety modifications), but local interviews in Bangalore, Paris and São Paulo are canceled.",Y Combinator,Y Combinator
YC Winter 2020 Batch Stats,"Today, we’re excited to introduce you to YC’s 30th batch.",Y Combinator,Y Combinator
YC S20 Batch Updates,"COVID-19 will have an impact on every part of the global economy over the upcoming months. Like every organization, we’ve been weighing how to respond and have already announced that W20 Demo Day will be a week early and online only.",Y Combinator,Y Combinator
YC W20 Online Demo Day Now on March 16,"Over the last few days, a large number of investors have accelerated their outreach to our current batch of founders. They are moving quickly to make investment decisions, and we’re going to match their pace and accelerate our schedule by one week. YC W20 online Demo Day will now be on March 16.",Y Combinator,Y Combinator
YC W20 Online Demo Day,Edit: YC W20 Demo Day is now on March 16. See here for more info.,Y Combinator,Y Combinator
40+ YC startups are now hiring for interns in the YC Summer Internship Program,"We’ve nearly doubled the number of YC startups looking for interns this summer, and the companies & roles are posted on Work at a Startup!",Ryan Choi,Ryan Choi
YC S20 Interviews in Brazil,"We’re excited to announce that we’re hosting interviews in Brazil for startups based in South America for the first time this spring. They will be held in São Paulo from May 16-18 and are like regular YC interviews in every way. The application is the same, as well as what we look for in the application and the criteria for acceptance.",Y Combinator,Y Combinator
YC S20 Interviews in Western Europe,"Last fall, we hosted interviews in Paris. They were so successful that we’ll be hosting them again this May. Interviews will take place from May 12-14 and are like regular YC interviews in every way. The application is the same, as well as what we look for in the application and the criteria for acceptance.",Y Combinator,Y Combinator
YC S20 Interviews in India,"Once again, YC is coming to India! We’re hosting interviews in Bangalore from May 12-14. These will be like regular YC interviews in every way. The application is the same, as well as what we look for in the application and the criteria for acceptance.",Y Combinator,Y Combinator
Apply Early for YC S20,"The deadline to apply for YC Summer 2020 is Monday, March 16 at 8pm.",Y Combinator,Y Combinator
YC Fireside and Office Hours at Harvard - Feb 11,"Join us for a fireside chat with YC partner Aaron Harris, hosted by Harvard WiCS. Aaron graduated from Harvard in 2006 and has been a partner at YC since 2013. He’ll share what he’s learned from working with over 1,000 startups, and he’ll talk about what you should work on while you’re in school if you’re interested in starting a company. Food and drink will be served.",Y Combinator,Y Combinator
YC Fireside and Office Hours in NYC - Feb 10,"Join us for a fireside, hosted by Harvard in Tech, with YC partner Aaron Harris. Aaron was the founder of edtech company Tutorspree (a startup that was based in NY) and has been a partner at Y Combinator since 2013. He’ll share what he’s learned from working with over 1,000 startups, and he’ll talk about some of the myths around starting a startup and getting into YC.",Y Combinator,Y Combinator
Diego Saez Gil on How Pachama Uses Tech to Help Solve Climate Change,Diego Saez Gil is the founder of Pachama (YC W19). Pachama is building a marketplace where companies can support carbon offset projects.,Y Combinator,Y Combinator
Y Combinator Is Hiring a Data Scientist,"YC has one of the most robust data sets on startups in the world, and the admissions team is excited to hire our first data scientist to dig into it.",Y Combinator,Y Combinator
YC Bio Tour - 2020,"This year, for the first time, we’ll be visiting universities and institutions to meet founders who are focused on building biotech and healthcare companies.",Y Combinator,Y Combinator
How To Build Product As A Small Startup,Y Combinator CEO and Partner Michael Seibel shares a process for building product as a small startup.,Michael Seibel,Michael Seibel
Announcing the Startup School 2019 Grant Recipients,"As part of our efforts to further support founders in Startup School, we awarded $15,000 in equity-free grants to the most promising companies to go through the course. The quality (and quantity!) of founders who participated in Startup School this past year made the grant selection process a tough one.",Steven Pham,Steven Pham
Amber Atherton of Zyper and Iba Masood of TARA on Raising a Series A as a Female Founder,Amber Atherton is the founder and CEO of Zyper (YC W18).,Y Combinator,Y Combinator
Laks Srini on Making Homeownership in Reach with ZeroDown,Laks Srini is the cofounder and CTO of ZeroDown. Before that he was the cofounder and CTO of Zenefits.,Y Combinator,Y Combinator
Announcing Startup School Winter 2020,"We’re excited to announce the next iteration of Startup School. The 8-week course will launch on January 20, 2020, and you can sign up to participate here!",Eric Migicovsky,Eric Migicovsky
Work with us: Looking for great people to join YC's software & community teams,"Y Combinator has a lot planned for 2020, including reaching more people with our worldwide events, going bigger with Startup School and serving our ever-growing communities of founders and developers.",Y Combinator,Y Combinator
Matt Cutts on the US Digital Service and Working at Google for 17 Years,Matt Cutts is the Administrator of the US Digital Service and previously he was the head of the webspam team at Google.,Y Combinator,Y Combinator
Cory Doctorow and Joe Betts-Lacroix on Adversarial Interoperability,"Cory Doctorow is a blogger, journalist, and science fiction author. He’s also the co-editor of Boing Boing.",Y Combinator,Y Combinator
November 2019 Hackathon Recap,Last weekend we hosted a hackathon for 225 people who made over 60 projects.,Y Combinator,Y Combinator
Vikrum Nijjar: Engineer #1 at Firebase and Founder of Gold Fig Labs (YC S19),"Vikrum Nijjar joined as the first engineer at Firebase, and did whatever it took to help the company succeed: scaling out infrastructure, shipping mobile SDKs, hosting 1-1 office hours with developers and even standing in as SRE for 24×7 hour shifts… for over a year.",Ryan Choi,Ryan Choi
Why Fundraising Is Different In Silicon Valley,Y Combinator CEO and Partner Michael Seibel on why fundraising in Silicon Valley is different.,Michael Seibel,Michael Seibel
An update on YC China,"In the summer of 2018, Qi Lu joined Y Combinator to help create YC China, a localized version of our U.S. program. As we worked to establish YC China, we had a change in leadership. With this, our strategy changed back to our tried and true approach of supporting local and international startups from our headquarters in Silicon Valley.",Y Combinator,Y Combinator
What Makes The Top 10% Of Founders Different?,Y Combinator CEO and Partner Michael Seibel on what makes the top 10% of founders different.,Michael Seibel,Michael Seibel
Startup School Week 11 Recap - Geoff Ralston's Parting Advice,In this week’s lecture YC President Geoff Ralston shares parting advice for all the founders that participated in Startup School.,Y Combinator,Y Combinator
Startup School Week 10 Recap - Ali Rowghani on How to Lead and Kevin Hale and Adora Cheung on Startup School 2019 by the Numbers,We’ve cut down the tenth week of lectures to be even shorter and combined them into one podcast.,Y Combinator,Y Combinator
Startup School Week 9 Recap - Carolynn Levy on Modern Startup Financing and Jared Friedman’s Advice for Hard-tech and Biotech Founders,We’ve cut down the ninth week of lectures to be even shorter and combined them into one podcast.,Y Combinator,Y Combinator
Intern #1 to YC Founder: An Interview with Jack Forbes of Kopa (YC W19),"I got a chance to interview Jack Forbes, CEO of Kopa (YC W19). He shares his experiences moonlighting as an intern at HigherMe (YC W15), playing soccer with YC founders & partners, and what drove him to start a YC company — even after being rejected.",Ryan Choi,Ryan Choi
Startup School Week 8 Recap - Adora Cheung on Prioritizing Your Time and Kevin Hale on Evaluating Startup Ideas,We’ve cut down the eighth week of lectures to be even shorter and combined them into one podcast.,Y Combinator,Y Combinator
How Much Should You Spend After Fundraising?,YC Partner Gustaf Alströmer on how much money to spend after fundraising.,Gustaf Alströmer,Gustaf Alströmer
Startup School Week 7 Recap - Kevin Hale on Conversion Rates and Pricing,We’ve cut down the seventh week of lectures to be even shorter and combined them into one podcast.,Y Combinator,Y Combinator
Apply to the YC Fall Hackathon,This November we’re hosting a hackathon at YC.,Y Combinator,Y Combinator
Consume Information That Encourages You To Do More,YC Partner and Head of Admissions Dalton Caldwell on consuming tech media and being careful to choose things that encourage you to do more.,Dalton Caldwell,Dalton Caldwell
Startup School Week 6 Recap - Tim Brady on Culture and Dalton Caldwell on Pivoting,We’ve cut down the sixth week of lectures to be even shorter and combined them into one podcast.,Y Combinator,Y Combinator
Y Combinator Top Companies - 2019,We’re excited to share the list of 2019 Top Y Combinator Companies. We also included top exits.1,Michael Seibel,Michael Seibel
Startup School Week 5 Recap - Kirsty Nathoo and Kevin Hale,We’ve cut down the fifth week of lectures to be even shorter and combined them into one podcast.,Y Combinator,Y Combinator
Engineer #2 at ClearBrain (YC W18): Cynthia Rogers,"Cynthia Rogers, a CS graduate from WPI near Boston, made her move to San Francisco with no job lined up, a decision tree of startup failure outcomes and well wishes from her old team at DraftKings.",Ryan Choi,Ryan Choi
Startup School Week 4 Recap - Kat Mañalac and Gustaf Alströmer,We’ve cut down the fourth week of lectures to be even shorter and combined them into one podcast.,Y Combinator,Y Combinator
How To Cold Email Investors - Michael Seibel,Y Combinator CEO and Partner Michael Seibel on how to cold email investors.,Y Combinator,Y Combinator
Applying to YC Early Decision – GreenTiger (YC S19),"Last week, we interviewed Wren about their Early Decision experience. This week, we talked to GreenTiger.",Kat Mañalac,Kat Mañalac
YC Summer 2019 Batch Stats,"At our 29th Demo Day, 175 companies presented over two days. You can read more about the companies on TechCrunch (day one and day two coverage of S19 Demo Day), Forbes, and Crunchbase.",Y Combinator,Y Combinator
Applications now open for the YC Summer 2020 Internship Program,The Y Combinator Summer Internship Program is for undergraduate & graduate students in software engineering & data science who want to intern at a YC-backed startup.,Ryan Choi,Ryan Choi
Startup School Week 3 Recap: Anu Hariharan and Adora Cheung,We’ve cut down the third week of lectures to be even shorter and combined them into one podcast.,Y Combinator,Y Combinator
Applying to YC Early Decision - Wren (YC S19),"Last week, we interviewed Rent the Backyard about their Early Decision experience. This week, we talked to Wren.",Kat Mañalac,Kat Mañalac
YC and Ginkgo Bioworks announce new partnership for synthetic biology startups,"Ginkgo Bioworks was the first bio company YC funded, back in summer 2014, which makes us especially delighted to announce a new partnership between YC and Ginkgo.",Jared Friedman,Jared Friedman
YC Biotech Fireside and Happy Hour - 9/17,"The MIT Biotech Group and The Harvard Biotech Club are hosting us on Tuesday, September 17 for a fireside and happy hour with YC partner Jared Friedman and Visiting Partner Dr. Uri Lopatin.",Y Combinator,Y Combinator
YC at Grace Hopper,We’re excited to attend the Grace Hopper Celebration this year — the world’s largest gathering of women technologists.,Kat Mañalac,Kat Mañalac
"Startup School Week 2 Recap: Michael Seibel, Adora Cheung, and Ilya Volodarsky",We’ve cut down the second week of lectures to be even shorter and combined them into one podcast.,Y Combinator,Y Combinator
Applying to YC Early Decision - Rent the Backyard (YC S19),"We began offering the option to apply to Y Combinator Early Decision last September. If you’re a student, applying Early Decision to YC allows you to apply one batch ahead of the current one. For example, you can apply to YC in September, get your acceptance in October, and start the program in June after you graduate.",Kat Mañalac,Kat Mañalac
YC W20 Interviews in Western Europe,"This fall, we will be hosting interviews for the Winter 2020 batch in Paris for startups based in Western Europe. Interviews will take place from November 5-7 and are like regular YC interviews in every way. The application is the same, as well as what we look for in the application and the criteria for acceptance.",Y Combinator,Y Combinator
YC W20 Interviews in India,"We’re excited to announce that we are holding interviews for the Winter 2020 batch in Bangalore for founders based in India. Interviews will take place from November 10 to 12 and are like regular YC interviews in every way. The application is the same, as well as what we look for in the application and the criteria for acceptance. The only difference: you can stay closer to home.",Y Combinator,Y Combinator
Office Hours for Startups Tackling Climate Issues,"We’re delighted to announce that YC is hosting online office hours for founders of startups and nonprofits that are solving climate issues on Tuesday, September 24.",Y Combinator,Y Combinator
Startup School Week 1 Recap: Kevin Hale and Eric Migicovsky,We’ve cut down the first week of Startup School lectures to be even shorter and combined them into one podcast.,Y Combinator,Y Combinator
Diana Hu on Augmented Reality and Building a Startup in a New Market,"Diana Hu cofounded Escher Reality, which went through the Summer 2017 batch of YC. They were acquired by Niantic and she is now the head of their AR platform.",Y Combinator,Y Combinator
Meet YC in São Paulo - Sept 14,We’re excited to announce that YC will be visiting São Paulo on September 14.,Y Combinator,Y Combinator
Aaron Harris on Fundraising and Meeting with Investors,Aaron Harris is a Partner at YC and before that he cofounded Tutorspree.,Y Combinator,Y Combinator
The Biggest Mistakes First-Time Founders Make,Y Combinator CEO and Partner Michael Seibel on the biggest mistakes first-time founders make.,Michael Seibel,Michael Seibel
"Jay Reno of Feather, a Furniture Subscription Startup",Jay Reno is the CEO and founder of Feather. Feather is a furniture subscription service. They were in the Summer 2017 batch of YC.,Y Combinator,Y Combinator
How Do You Convince Someone to Join Your Startup?,"Dalton Caldwell, Y Combinator partner and founder of imeem and Mixed Media Labs, on how to convince someone to join your startup.",Dalton Caldwell,Dalton Caldwell
EconTalk Host Russ Roberts on Key Economic Concepts for Founders,"Russ Roberts is the host of the podcast EconTalk (iTunes, RSS, and YouTube), a research fellow at Stanford’s Hoover Institution, and the author of several books, including How Adam Smith Can Change Your Life.",Y Combinator,Y Combinator
How Biotech Startup Funding Will Change in the Next 10 Years,"Back when YC was getting started about 10 years ago, Paul Graham wrote some essays that predicted the way startup fundraising would change in the next decade – accurately, it turns out. Paul Graham predicted that there would be way more startups, that they’d be cheaper to start, that new kinds of investors would fund them, that founders would be more technical, and that founders would keep control of their companies. All of those seem to have come true.",Jared Friedman,Jared Friedman
Startup School Podcast Preview with Kevin Hale,Today’s episode is a preview of the Startup School podcast.,Y Combinator,Y Combinator
Anu Hariharan on Managing a Board,"Anu Hariharan is a partner at YC. Today’s episode is about her recent post, How To Manage a Board.",Y Combinator,Y Combinator
YC Interviews in Israel,We’re excited to announce that we’ll be holding interviews for the Winter 2020 batch in Tel Aviv for founders based in Israel. These interviews will take place on September 10 and 11.,Y Combinator,Y Combinator
Camille Fournier on Managing Technical Teams,Camille Fournier is a Managing Director at Two Sigma and the former CTO of Rent The Runway. She’s also the author of The Manager’s Path: A Guide for Tech Leaders Navigating Growth and Change.,Y Combinator,Y Combinator
Y Combinator in Buenos Aires - Sept 17-18,"We’re excited to announce that Y Combinator will be visiting Buenos Aires on September 17-18, 2019.",Y Combinator,Y Combinator
Startup School 2019 Meetups,"This year, more Startup School founders can get the opportunity to attend meetups and live tapings of the lectures. They’ll also be able to interact with YC partners, alumni and, more importantly, meet other founders in the Startup School community.",Steven Pham,Steven Pham
Startup Hiring Advice from Lever CEO Sarah Nahm with Holly Liu,"Sarah Nahm is the CEO and cofounder of Lever. Lever builds modern recruiting software for teams to source, interview, and hire top talent. They were in the Summer 2012 batch of YC. You can try Lever out at Lever.co.",Y Combinator,Y Combinator
Updates for Startup School 2019 and Office Hours with Kevin Hale,Kevin Hale is a Partner at YC. Before working at YC he cofounded Wufoo.,Y Combinator,Y Combinator
"2019 YC Expo Recap: Watch the Pitches, Hear the Keynote & Find Your Dream Job","Over 900 engineers joined us for YC’s annual Work at a Startup Expo. The event kicked off with our Female Founders & Engineers mixer, followed by our open Expo hall and pitches by 40 vetted & funded YC companies.",Ryan Choi,Ryan Choi
Announcing Startup School 2019,"Today, we’re opening up registration for Startup School 2019, our free online course for founders looking to get help turning an idea into a startup. The 10 week course will begin July 22, 2019 and is free for everyone to participate. You can register at Startup School.",Kevin Hale,Kevin Hale
Advice on Organizing and Running Growth Teams from Dan Hockenmaier and Gustaf Alströmer,Dan Hockenmaier is the founder of the growth strategy firm Basis One. Prior to Basis One he was the Director of Growth Marketing at Thumbtack. You can learn more at BasisOne.com.,Y Combinator,Y Combinator
Female Founders Office Hours and Happy Hour - July 26,"We’re hosting group office hours and a happy hour for female founders on Friday, July 26 at the YC office in Mountain View, California.",Kat Mañalac,Kat Mañalac
Work at a Startup Expo on 6/29: Female Founder & Engineer Mixer,"If you’re a woman engineer and you’re interested in meeting with female founders, we’re hosting a small mixer immediately before the Work at a Startup Expo — at 12 PM on 6/29 and hosted at the same venue.",Ryan Choi,Ryan Choi
Jeremy Rossmann of Make School on Income Share Agreements and the Future of College,Jeremy Rossmann is the cofounder of Make School. Make School is a college for computer science headquartered in San Francisco. Make School students don’t pay until they have a job after graduation. They were part of YC’s Winter 2012 batch.,Y Combinator,Y Combinator
Tracy Young on Scaling PlanGrid to 400+ People with YC Partner Kat Manalac,Tracy Young is a cofounder and the CEO of PlanGrid. PlanGrid makes mobile construction productivity software. They were acquired by Autodesk in 2018 and were part of YC’s Winter 2012 batch.,Y Combinator,Y Combinator
Simone Giertz on Her Robots and Returning to Work After Brain Surgery,Simone Giertz describes herself as a maker/robotics enthusiast/non-engineer. She’s also known as the Queen of Shitty Robots. She runs a YouTube channel about those robots and is a cohost on Tested with Adam Savage from MythBusters.,Y Combinator,Y Combinator
Analyzing Billions of Transactions to Answer Questions on Consumer Behavior - Michael Babineau of Second Measure with Kevin Hale,Michael Babineau is cofounder and CEO of Second Measure. Second Measure analyzes billions of credit card transactions to answer real-time questions on consumer behavior. They were in the Summer 2015 batch of YC and you can check them out at SecondMeasure.com.,Y Combinator,Y Combinator
"Join Y Combinator’s 3rd Annual Startup Expo on June 29th, 2019",Are you a software engineer interested in joining a startup?,Ryan Choi,Ryan Choi
"Vidit Aatrey on Building Meesho, India's Top Reselling Platform, with Adora Cheung",Vidit Aatrey is cofounder and CEO of Meesho. Meesho is a platform in India that allows people to resell products using their social networks. They were in the Summer 2016 batch of YC and you can check them out at Meesho.com.,Y Combinator,Y Combinator
Request for Startups: Government 2.0,"In 2018, Pew Research Center reported that 57% of Americans believe that children in America today will be worse off financially than their parents. Since 2013, this number has been as high as 65% — even though we are experiencing our 10th straight year of economic growth.",Michael Seibel,Michael Seibel
Geoff Ralston for President,I’m delighted to announce that Geoff Ralston is taking over for me as President of YC.,Sam Altman,Sam Altman
Monetizing Podcasts and Newsletters - Chris Best of Substack and Jonathan Gill of Backtracks,Chris Best is the cofounder and CEO of Substack. Substack makes it simple for a writer to start a paid newsletter. They were in the Winter 2018 batch of YC. You can check them out at Substack.com.,Y Combinator,Y Combinator
Applications for YC China Fall 2019 Are Open,"YC China is now accepting applications for their first batch, which will take place Fall 2019. The three-month program will be held in Beijing and tailored to the Chinese market.",Y Combinator,Y Combinator
HubSpot CEO and Cofounder Brian Halligan with Wufoo Cofounder Kevin Hale,"Brian Halligan is the CEO and cofounder of HubSpot. HubSpot builds software for marketing, sales, and customer service. You can try it out at HubSpot.com.",Y Combinator,Y Combinator
Software Engineer Turned Youtuber - Jarvis Johnson,"Jarvis Johnson was previously a software engineer at Patreon, Yelp, and Google. He’s now a YouTuber.",Y Combinator,Y Combinator
YC Partners With Atomwise to Fund More Bio Companies,"In the last 10 years, the tools for studying biology have become much less expensive and more widely available. This has made it possible for new startups to do serious research right from the start, and it is leading to an explosion of biotech startups.",Jared Friedman,Jared Friedman
Harry Zhang with Kevin Hale on Building Lob to Automate the Offline World,Harry Zhang is the cofounder of Lob. Lob makes it possible for enterprises to programmatically send physical mail. They were in the Summer 2013 batch of YC.,Y Combinator,Y Combinator
Max Rhodes of Faire with Anu Hariharan on Scaling and Fundraising,Max Rhodes is the cofounder and CEO of Faire. Faire helps retailers find and buy unique wholesale merchandise for their stores. They were in the Winter 2017 batch of YC.,Y Combinator,Y Combinator
Google Photos Product Lead and Bump Cofounder David Lieb with Gustaf Alströmer,"David Lieb is the Product Lead for Google Photos. Prior to working on Google Photos, David was the cofounder and CEO of Bump, which was in the Summer 2009 batch of YC.",Y Combinator,Y Combinator
YC at the University of Washington - April 18,"Startup UW will be hosting YC on Thursday, April 18 for a talk and office hours at the University of Washington.",Kat Mañalac,Kat Mañalac
A CS Education That's Free Until You Get a Job - Austen Allred of Lambda School,Austen Allred is the CEO and cofounder of Lambda School.,Y Combinator,Y Combinator
YC at Stanford - April 9,YC will be visiting Stanford and hosting a talk and group office hours on April 9.,Kat Mañalac,Kat Mañalac
YC Interviews in India,We’re excited to announce that we’ll be holding interviews for the Summer 2019 batch in Bangalore for founders based in India. This will take place from May 7 to 9.,Y Combinator,Y Combinator
Amy Buechler and Michael Seibel on Founder Coaching and Having Hard Conversations,Amy Buechler is an executive coach for startup founders.,Y Combinator,Y Combinator
Marques Brownlee on Building an Audience and Other Advice for Creators,"Marques Brownlee is a YouTuber. He has over 8 million subscribers to his channel MKBHD where he reviews electronics, drives electric vehicles, and interviews people such as Kobe Bryant and Bill Gates.",Y Combinator,Y Combinator
YC Winter 2019 Batch Stats,"We are about to kick off the second day of YC’s 28th Demo Day. In total, 189 companies will present over two days. You can read more about some of the companies here, here, here, here, here, here, and here. And here is TechCrunch’s coverage of Day 1 of YC W19 Demo Day.",Y Combinator,Y Combinator
Meet 7 Companies from the YC W19 Batch Part 7,"It’s YC W19 Demo Day – Day 1 this afternoon! Meet 7 companies that recently announced they’re part of the YC Winter 2019 batch. To see more companies from YC W19 read Part 1, Part 2, Part 3, Part 4, Part 5 and Part 6.",Y Combinator,Y Combinator
Meet 5 Companies from the YC W19 Batch Part 6,"Meet 5 companies that recently announced they’re part of the YC Winter 2019 batch. To see more YC W19 companies read Part 1, Part 2, Part 3, Part 4 and Part 5.",Y Combinator,Y Combinator
Meet 23 Companies from the YC W19 Batch Part 5,"Meet 23 companies that recently announced they’re part of the YC Winter 2019 batch. To see more YC W19 companies read Part 1, Part 2, Part 3 and Part 4.",Y Combinator,Y Combinator
17 Companies from the YC W19 Batch Part 4,"Meet 17 companies that recently announced they’re part of the YC Winter 2019 batch. To see more YC W19 companies read Part 1, Part 2, and Part 3.",Y Combinator,Y Combinator
Craig Cannon on Podcasting with Adora Cheung,Craig Cannon is the Director of Marketing at Y Combinator. He usually hosts the YC podcast but today is the guest on this episode about podcasting.,Y Combinator,Y Combinator
YC's Director of Events Domonique Fines with Elpha CEO Cadran Cowansage,Domonique Fines is the Director of Events at YC.,Y Combinator,Y Combinator
Updates from YC,We have a few updates about YC to share.,Y Combinator,Y Combinator
9 Companies from the YC W19 Batch Part 3,Meet 9 companies that recently announced they’re part of the YC Winter 2019 batch. To see more YC W19 companies read Part 1 and Part 2.,Y Combinator,Y Combinator
Mike Knoop on Product and Design Processes for Remote Teams with Kevin Hale,"Mike Knoop is cofounder and Chief Product Officer at Zapier, which was in the YC Summer 2012 batch. Zapier moves information between your web apps automatically.",Y Combinator,Y Combinator
Apply to the YC Spring Hackathon,This April we’re hosting a hackathon at YC.,Y Combinator,Y Combinator
Karn Saroya on the Capital-Light Way to Start an Insurance Business,"Karn Saroya is the CEO and cofounder of Cover, which was in the YC Winter 2016 batch.",Y Combinator,Y Combinator
13 Companies from the YC Winter 2019 Batch Part 2,"At YC, founders decide when they want to announce that they’re part of the program. Meet 13 of the companies who recently announced that they’re part of the YC Winter 2019 batch. To see more YC W19 companies, read Part 1 here.",Y Combinator,Y Combinator
"Caterina Fake on Her New Podcast, Should This Exist? With Kat Manalac","Caterina Fake hosts the podcast Should This Exist? which is about how technology is impacting our humanity. It launches today on iTunes. She also cofounded Flickr, Hunch, and Findery and is an investor at Yes VC.",Y Combinator,Y Combinator
YC at UC Berkeley - Feb 28,"The UC Berkeley Society of Women Engineers (SWE) is hosting YC at UC Berkeley on Thursday, February 28. We’ll be meeting with students and founders for group office hours and hosting a dinner talk. We hope to see you there.",Kat Mañalac,Kat Mañalac
Ryan Hoover on Product Hunt's Acquisition and Lessons Learned About Startup Launches with Dalton Caldwell,Ryan Hoover is the founder of Product Hunt which was in the Summer 2014 YC batch and was acquired by AngelList. He also invests in startups through his Weekend Fund.,Y Combinator,Y Combinator
Intern at a YC Company,"If you’re an ambitious undergrad or graduate student with an engineering background, YC can help you get an internship at a YC-backed company. You apply once, and your profile will be sent to over 50 YC startups that are looking for summer interns.",Jared Friedman,Jared Friedman
9 Companies from the YC W19 Batch,"At YC, we let founders decide when they want to announce that they’re part of the program. Meet 9 companies who recently announced that they are part of the YC Winter 2019 batch.",Y Combinator,Y Combinator
YC Interviews in NYC,We’re excited to announce that we’ll be holding a small number of interviews for the Summer 2019 batch of YC in New York City on February 23.,Y Combinator,Y Combinator
YC at Cornell Tech - Feb 22,YC will be visiting Cornell Tech on Feb 22 and we’d love to meet you there.,Kat Mañalac,Kat Mañalac
YC at Columbia University - Feb 25,YC partner Jared Friedman will be meeting founders at Columbia University on February 25.,Kat Mañalac,Kat Mañalac
Transitioning from Academia to Data Science - Jake Klamka with Kevin Hale,Jake Klamka founded Insight. Insight provides intensive 7 week professional training fellowships in fields such as data science and data engineering. Insight was in the YC Winter 2011 batch.,Y Combinator,Y Combinator
YC in Atlanta,This month we’ll be meeting founders in Atlanta. We hope to see you there.,Kat Mañalac,Kat Mañalac
Leap Spins Out of YC,"In 2017, Cadran Cowansage, a software engineer at YC, started building Leap, an online community for women in tech. This YC project led to thousands of women talking openly about their experiences and sharing career insight.",Michael Seibel,Michael Seibel
What Shutting Down Your Startup Feels Like - Avni Patel Thompson of Poppy with Kat Manalac,"Avni Patel Thompson founded Poppy, which helped parents book the best caregivers. They went through the YC Winter 2016 batch and recently shut down. Avni asked to come on the podcast to talk about what the process of shutting down was like.",Y Combinator,Y Combinator
YC 120,,Sam Altman,Sam Altman
YC at Harvard - 2/4,"Harvard Biotech Club and Harvard Undergraduate Biotechnology Association will be hosting us on Monday, February 4 for a talk by YC’s Kevin Hale.",Kat Mañalac,Kat Mañalac
A Standard and Clean Series A Term Sheet,"We’ve noticed a common problem: founders don’t know what “good” looks like in a term sheet. This makes sense, because it is often, literally, the first time in their careers that they’ve seen one. This puts founders at a significant disadvantage because VCs see term sheets all the time and know what to expect. Because we’ve invested in so many founders over the years and have seen hundreds of Series A term sheets, we know what “good” looks like. We work with our founders to understand where terms diverge from “good”, what they can do about that divergence, and when and how it makes sense to negotiate.",Jason Kwon,Jason Kwon
Applications for YC Summer 2019 Are Open,Applications for YC Summer 2019 are now open. Apply here.,Y Combinator,Y Combinator
Tracking Political Manipulation Through Social Media - Samantha Bradshaw,Samantha Bradshaw is a researcher at the Computational Propaganda Project and a doctoral candidate at the Oxford Internet Institute. She’s been tracking the phenomenon of political manipulation through social media.,Y Combinator,Y Combinator
"Welcome Elizabeth, Lindsay, Aaron, Kevin, Solomon, Holly, Mia, Casey, Sachin, Rachel and Janelle","A lot of great people joined our team in the last year, and we have four Visiting Partners joining us for the YC Winter 2019 batch. Help us welcome them (or welcome them back) to YC.",Michael Seibel,Michael Seibel
YC at CMU - Feb 6-7,"This February, YC will be visiting Carnegie Mellon University on Feb 6-7.",Kat Mañalac,Kat Mañalac
YC at MIT and MIT xFair,"This February we’ll be visiting MIT xFair on Feb 4, and the Startup School team will be hosting a workshop at MIT on Feb 5.",Kat Mañalac,Kat Mañalac
Cindy Mi and Qi Lu Share Advice for Entrepreneurs Building Global Companies,Cindy Mi is the founder and CEO of VIPKID. VIPKID is a 1-on-1 teaching platform where children in China learn english from North American teachers.,Y Combinator,Y Combinator
Vinod Khosla on How to Build the Future,"Vinod Khosla is the founder of Khosla Ventures, a firm focused on assisting entrepreneurs to build impactful new energy and technology companies. Previously he was the founding CEO of Sun Microsystems, where he pioneered open systems and commercial RISC processors.",Y Combinator,Y Combinator
Meet YC in Waterloo and Toronto,"This winter, YC will host office hours and talks in cities across the US and Canada. Our first two stops are Waterloo and Toronto, Canada.",Kat Mañalac,Kat Mañalac
Frank Lantz - Director of NYU's Game Center and Creator of Universal Paperclips,Frank Lantz is a game designer and Director of the NYU Game Center. He cofounded Area/Code Games and most recently released a game called Universal Paperclips in which you’re an AI that makes paperclips.,Y Combinator,Y Combinator
"Meet Flockjay, a Company in the YC Winter 2019 Batch","At YC, founders decide when they want to announce that they’re part of the program. Internally we call this a company’s “YC launch”. Starting January we’ll publish a weekly post that highlights recently launched W19 companies.",Y Combinator,Y Combinator
Starting a Startup After Business School - Reham Fagiri and Kalam Dennis of AptDeco,"Reham Fagiri and Kalam Dennis are the founders of AptDeco, where you can buy and sell used furniture. They were in the YC Winter 2014 batch and you can find them at AptDeco.com.",Y Combinator,Y Combinator
"Leonard Susskind on Richard Feynman, the Holographic Principle, and Unanswered Questions in Physics",Leonard Susskind is a professor of theoretical physics at Stanford University and he’s regarded as one of the fathers of string theory.,Y Combinator,Y Combinator
Hacker News Highlights August to November 2018,Here are some of our favorite Hacker News comments from August to November.,Y Combinator,Y Combinator
"Michael Seibel on Starting a Startup, Finding Product Market Fit, and Fundraising","Michael Seibel is a partner and the CEO of YC. He cofounded Justin.tv, which was in the winter 2007 batch and Socialcam, which was in the winter 2012 batch.",Y Combinator,Y Combinator
Andrew Kortina of Venmo and Fin on Technological Determinism and Work's Relationship to Dignity,Andrew Kortina is the cofounder of Venmo and Fin.,Y Combinator,Y Combinator
Brian Donohue on Operating Instapaper Through an Acquisition,Brian Donohue is President of Instapaper and a Product Engineering Manager at Pinterest.,Y Combinator,Y Combinator
Y Combinator is Hiring a Visiting Partner in the Life Sciences,"YC started funding bio companies in 2011 and since then the number of bio companies we’ve funded per batch has risen exponentially, now over 141 in total. The most recent batch was 25% bio, by far the highest ever. Some of the notable life sciences companies we’ve funded include Gingko Bioworks, Science Exchange, uBiome, Atomwise, and Verge Genomics.",Y Combinator,Y Combinator
A Conversation with Werner Vogels,"Werner Vogels, CTO of Amazon, joins YC Software Engineer Kyle Corbitt to share his experience and insights on technology and startups.",Y Combinator,Y Combinator
Gaming AMA with YC Visiting Partner Holly Liu,YC Visiting Partner Holly Liu recently did a Gaming AMA with Startup School founders. It was so good that we wanted to share it here.,Y Combinator,Y Combinator
"Sam Altman on Choosing Projects, Creating Value, and Finding Purpose","In this episode of the podcast Sam Altman expands on ideas that have come up in several of his essays. Specifically: choosing projects, creating value, and finding purpose.",Y Combinator,Y Combinator
Why You Should or Should Not Work at a Startup by Justin Kan,Justin Kan is the CEO of Atrium.,Y Combinator,Y Combinator
Hardware AMA with YC Partner Eric Migicovsky,YC Partner Eric Migicovsky recently did a Hardware AMA with Startup School founders. It was so good that we wanted to share it here.,Y Combinator,Y Combinator
Growth AMA with YC Partner Gustaf Alströmer,YC Partner Gustaf Alströmer recently did a Growth AMA with Startup School founders. It was so good that we wanted to share it here.,Y Combinator,Y Combinator
How to Win by Daniel Gross,"Daniel Gross, former YC Partner and founder shares his wisdom of how to survive and thrive as a startup founder.",Y Combinator,Y Combinator
"After PMF: People, Customers, Sales by Mathilde Collin","Mathilde Collin, founder of YC alumnus Front, describes what she learned as she scaled Front to 1000s of paying customers.",Y Combinator,Y Combinator
The Path to $100B by Paul Buchheit,"YC Partner and the creator of Gmail, Paul Buchheit in conversation with Geoff describes how he thinks about companies that manage to scale to the ultimate level.",Y Combinator,Y Combinator
Frontier Carbon Removal Technologies,We’re excited to announce our new and expanded request for startups and nonprofits focusing on frontier technologies to remove carbon from the atmosphere. Read the RFS here.,Sam Altman,Sam Altman
"Increasing Healthy Human Lifespan, Laura Deming of The Longevity Fund",Laura Deming is a partner at The Longevity Fund. They invest in companies that will allow us to live longer and healthier lives.,Y Combinator,Y Combinator
Angelcalc and Y Combinator's New Deal,"Recently we made an announcement of a significant change in how we finance companies and, indeed, how we recommend that any startup raise seed financing. We released a new kind of safe, or simple agreement for future equity – a type of convertible security – called a post-money safe. Like most convertible securities used to invest in startup companies, post-money safes usually include a “cap” or maximum valuation which will be used to calculate the price-per-share upon conversion. However, with a post-money safe, if the cap is used, it indicates precisely the value of the company to be used, irrespective of how much other cash has been raised or will be raised on other convertibles. This makes it much easier to determine how much of a company an investor is purchasing.",Geoff Ralston,Geoff Ralston
A Conversation with Elad Gil,Serial entrepreneur and angel investor Elad Gil sits down with YC Partner Geoff Ralston to discuss startups.,Y Combinator,Y Combinator
"Q&A with Harshil Mathur & Shashank Kumar, Cofounders of Razorpay",We put together a list of the top YC companies by valuation as of October 2018. You can see that list at https://ycombinator.com/topcompanies.,Y Combinator,Y Combinator
"Q&A with David Chen, Dafeng Guo and Teng Bao, Cofounders of Strikingly",We put together a list of the top YC companies by valuation as of October 2018. You can see that list at https://ycombinator.com/topcompanies.,Y Combinator,Y Combinator
"Q&A with Zahir Dossa, Cofounder of Function of Beauty",We put together a list of the top YC companies by valuation as of October 2018. You can see that list at https://ycombinator.com/topcompanies.,Y Combinator,Y Combinator
"Q&A with Willy Schlacks, Cofounder of EquipmentShare",We put together a list of the top YC companies by valuation as of October 2018. You can see that list at https://ycombinator.com/topcompanies.,Y Combinator,Y Combinator
"Q&A with Michael Babineau, Cofounder of Second Measure",We put together a list of the top YC companies by valuation as of October 2018. You can see that list at https://ycombinator.com/topcompanies.,Y Combinator,Y Combinator
"Q&A with Elizabeth Iorns and Dan Knox, Cofounders of Science Exchange",We put together a list of the top YC companies by valuation as of October 2018. You can see that list at https://ycombinator.com/topcompanies.,Y Combinator,Y Combinator
"Q&A with Josh Reeves, Cofounder of Gusto","YC posted a list of top alumni companies by valuation, as of October 2018. You can see the full list at https://ycombinator.com/topcompanies.",Y Combinator,Y Combinator
"Q&A with Mathilde Collin, Cofounder of Front",We put together a list of the top YC companies by valuation as of October 2018. You can see that list at https://ycombinator.com/topcompanies.,Y Combinator,Y Combinator
"Q&A with Henrique Dubugras and Pedro Franceschi, Cofounders of Brex","YC posted a list of top alumni companies by valuation, as of October 2018. You can see the full list at https://ycombinator.com/topcompanies.",Y Combinator,Y Combinator
"Q&A with Sarah Nahm and Nate Smith, Cofounders of Lever",We put together a list of the top YC companies by valuation as of October 2018. You can see that list at https://ycombinator.com/topcompanies.,Y Combinator,Y Combinator
"Q&A with Rakesh Tondon and Brett Northart, Cofounders of Le Tote",We put together a list of the top YC companies by valuation as of October 2018. You can see that list at https://ycombinator.com/topcompanies.,Y Combinator,Y Combinator
"Q&A with Hans Gangeskar and Dr. Edvard Engesaeth, Cofounders of Nurx",We put together a list of the top YC companies by valuation as of October 2018. You can see that list at https://ycombinator.com/topcompanies.,Y Combinator,Y Combinator
"Q&A with Apoorva Mehta, Founder & CEO, Instacart",We put together a list of the top YC companies by valuation as of October 2018. You can see that list at https://ycombinator.com/topcompanies.,Y Combinator,Y Combinator
"Q&A with Stephen Lake, Aaron Grant, and Matt Bailey, Cofounders of Thalmic",We put together a list of the top YC companies by valuation as of October 2018. You can see that list at https://ycombinator.com/topcompanies.,Y Combinator,Y Combinator
"Q&A with Pete Koomen, Cofounder of Optimizely",We put together a list of the top YC companies by valuation as of October 2018. You can see that list at https://ycombinator.com/topcompanies.,Y Combinator,Y Combinator
"Q&A with Divey Gulati & Dhruv Saxena, Cofounders of Shipbob",We put together a list of the top YC companies by valuation as of October 2018. You can see that list at https://ycombinator.com/topcompanies.,Y Combinator,Y Combinator
"Q&A with Ali Sabeti, CEO and Cofounder of ZeroCater",We put together a list of the top YC companies by valuation as of October 2018. You can see that list at https://ycombinator.com/topcompanies.,Y Combinator,Y Combinator
"Q&A with Harry Zhang and Leore Avidar, Cofounders of Lob",We put together a list of the top YC companies by valuation as of October 2018. You can see that list at https://ycombinator.com/topcompanies.,Y Combinator,Y Combinator
"Q&A with Abraham Heifets, Cofounder of Atomwise",We put together a list of the top YC companies by valuation as of October 2018. You can see that list at https://ycombinator.com/topcompanies.,Y Combinator,Y Combinator
"Q&A with Jiyan Wei and David Petersen, Cofounders of BuildZoom",We put together a list of the top YC companies by valuation as of October 2018. You can see that list at https://ycombinator.com/topcompanies.,Y Combinator,Y Combinator
"Q&A with Sid Sijbrandij, Cofounder of GitLab","YC posted a list of top alumni companies by valuation, as of October 2018. You can see the full list at https://ycombinator.com/topcompanies.",Y Combinator,Y Combinator
"Q&A with Michael Carvin, Cofounder of SmartAsset",We put together a list of the top YC companies by valuation as of October 2018. You can see that list at https://ycombinator.com/topcompanies.,Y Combinator,Y Combinator
"Q&A with Sasha Orloff, cofounder and CEO of LendUp",We put together a list of the top YC companies by valuation as of October 2018. You can see that list at https://ycombinator.com/topcompanies.,Y Combinator,Y Combinator
"Q&A with Fred Stevens-Smith, Cofounder of Rainforest",We put together a list of the top YC companies by valuation as of October 2018. You can see that list at https://ycombinator.com/topcompanies.,Y Combinator,Y Combinator
"Q&A with Jason Kelly, Cofounder of Ginkgo Bioworks",We put together a list of the top YC companies by valuation as of October 2018. You can see that list at https://ycombinator.com/topcompanies.,Y Combinator,Y Combinator
"Q&A with Cai GoGwilt and Jason Boehmig, Cofounders of Ironclad","YC posted a list of top alumni companies by valuation, as of October 2018. You can see the full list at https://ycombinator.com/topcompanies.",Y Combinator,Y Combinator
"Q&A with Peter Reinhardt, Cofounder of Segment",We put together a list of the top YC companies by valuation as of October 2018. You can see that list at https://ycombinator.com/topcompanies.,Y Combinator,Y Combinator
"Q&A with Oleg Rogynskyy, Founder and CEO of People.ai",We put together a list of the top YC companies by valuation as of October 2018. You can see that list at https://ycombinator.com/topcompanies.,Y Combinator,Y Combinator
"Q&A with Max Rhodes, Cofounder of Faire","YC posted a list of top alumni companies by valuation, as of October 2018. You can see the full list at https://ycombinator.com/topcompanies.",Y Combinator,Y Combinator
"Q&A with Zach Sims, Founder of Codecademy",We put together a list of the top YC companies by valuation as of October 2018. You can see that list at https://ycombinator.com/topcompanies.,Y Combinator,Y Combinator
"Q&A with Daniel Yanisse, Cofounder of Checkr",We put together a list of the top YC companies by valuation as of October 2018. You can see that list at https://ycombinator.com/topcompanies.,Y Combinator,Y Combinator
"Q&A with George Melika and Akbar Thobhani, Cofounders of SFOX",We put together a list of the top YC companies by valuation as of October 2018. You can see that list at https://ycombinator.com/topcompanies.,Y Combinator,Y Combinator
"Q&A with Jesse Vollmar, Cofounder & CEO of Farmlogs",We put together a list of the top YC companies by valuation as of October 2018. You can see that list at https://ycombinator.com/topcompanies.,Y Combinator,Y Combinator
YC Top Companies List - 2018,"We’re excited to share a list of Y Combinator’s top companies. The top 100 YC companies are listed by valuation1 (including the top 12 exits), as of October 16, 2018.",Michael Seibel,Michael Seibel
"Q&A with Victor Ho and Matthew Doka, Cofounders of FiveStars",We put together a list of the top YC companies by valuation as of October 2018. You can see that list at https://ycombinator.com/topcompanies.,Y Combinator,Y Combinator
"Q&A with Alex Mather and Adam Hansmann, Cofounders of The Athletic",We put together a list of the top YC companies by valuation as of October 2018. You can see that list at https://ycombinator.com/topcompanies.,Y Combinator,Y Combinator
"Q&A with Tony Xu, co-founder, and CEO of DoorDash",We put together a list of the top YC companies by valuation as of October 2018. You can see that list at https://ycombinator.com/topcompanies.,Y Combinator,Y Combinator
"Q&A with Robert Vis, Founder of MessageBird",We put together a list of the top YC companies by valuation as of October 2018. You can see that list at https://ycombinator.com/topcompanies.,Y Combinator,Y Combinator
"Q&A with Jessica Mah, Cofounder of inDinero","YC posted a list of top alumni companies by valuation, as of October 2018. You can see the full list at https://ycombinator.com/topcompanies.",Y Combinator,Y Combinator
"Q&A with Felipe Villamarin, Simon Borrero and Sebastian Mejia, Cofounders of Rappi",We put together a list of the top YC companies by valuation as of October 2018. You can see that list at https://ycombinator.com/topcompanies.,Y Combinator,Y Combinator
"Q&A with Jason Tan, Cofounder of Sift Science",We put together a list of the top YC companies by valuation as of October 2018. You can see that list at https://ycombinator.com/topcompanies.,Y Combinator,Y Combinator
"Q&A with Matin Movassate and Ravi Parikh, Cofounders of Heap","YC posted a list of top alumni companies by valuation, as of October 2018. You can see the full list at https://ycombinator.com/topcompanies.",Y Combinator,Y Combinator
"Q&A with Kathryn Minshew & Alexandra Cavoulacos, Cofounders of The Muse",We put together a list of the top YC companies by valuation as of October 2018. You can see that list at https://ycombinator.com/topcompanies.,Y Combinator,Y Combinator
"Q&A with Vivek Ravisankar, Cofounder of HackerRank","YC posted a list of top alumni companies by valuation, as of October 2018. You can see the full list at https://ycombinator.com/topcompanies.",Y Combinator,Y Combinator
"Q&A with Alex Rodrigues, Cofounder of Embark",We put together a list of the top YC companies by valuation as of October 2018. You can see that list at https://ycombinator.com/topcompanies.,Y Combinator,Y Combinator
"Q&A with Mike Xu, Cofounder of Grubmarket",We put together a list of the top YC companies by valuation as of October 2018. You can see that list at https://ycombinator.com/topcompanies.,Y Combinator,Y Combinator
"Q&A with Tracy Young, CEO and Cofounder of PlanGrid",We put together a list of the top YC companies by valuation as of October 2018. You can see that list at https://ycombinator.com/topcompanies.,Y Combinator,Y Combinator
"Q&A with Wade Foster, Cofounder of Zapier",We put together a list of the top YC companies by valuation as of October 2018. You can see that list at https://ycombinator.com/topcompanies.,Y Combinator,Y Combinator
"Q&A with Joris Poort and Adam McKenzie, Cofounders of Rescale",We put together a list of the top YC companies by valuation as of October 2018. You can see that list at https://ycombinator.com/topcompanies.,Y Combinator,Y Combinator
"Q&A with Joe Ariel, Cofounder of Goldbelly","YC posted a list of top alumni companies by valuation, as of October 2018. You can see the full list at https://ycombinator.com/topcompanies.",Y Combinator,Y Combinator
"Q&A with Dave Gausebeck, Cofounder of Matterport",We put together a list of the top YC companies by valuation as of October 2018. You can see that list at https://ycombinator.com/topcompanies.,Y Combinator,Y Combinator
"Q&A with Stefan Lederer  and Christopher Mueller, Cofounders of Bitmovin","YC posted a list of top alumni companies by valuation, as of October 2018. You can see the full list at https://ycombinator.com/topcompanies.",Y Combinator,Y Combinator
How to Get Meetings with Investors and Raise Money by Aaron Harris,YC Partner Aaron Harris gives invaluable advice for how to most effectively and strategically meet with investors.,Y Combinator,Y Combinator
Understanding SAFEs and Priced Equity Rounds by Kirsty Nathoo,YC CFO and Partner Kirsty Nathoo gives the lowdown on several different ways to capitalize your company and how those impact founder equity and cap tables overall.,Y Combinator,Y Combinator
"Helping African Businesses Get Paid, Shola Akinlade of Paystack","Shola Akinlade is CEO and cofounder of Paystack. Paystack helps businesses in Africa get paid online and offline. They’re based in Lagos, Nigeria and were part of the Winter 2016 batch.",Y Combinator,Y Combinator
Survey of YC female founders on sexual coercion and assault by angel and VC investors,"Earlier this year we funded Callisto, a non-profit dedicated to building tech to combat sexual assault and harassment. During their time at YC, we helped Callisto send a survey to 125 of the 384 female founders who have participated in YC.1 They were asked if they’d ever been assaulted or coerced by an angel or VC investor in their startup career. We also created a formal process for founders in the YC community to report bad behavior by investors.",Y Combinator,Y Combinator
A Conversation on Hard Tech with Eric Migicovsky,YC Partner Adora Cheung talks to Pebble founder and YC Partner Eric Migicovsky about hard tech.,Y Combinator,Y Combinator
"Cannabis Startup Founders David Hua and Vincent Ning on Legalization, Banking, and Industry Trends",David Hua is CEO and cofounder of Meadow. Meadow makes retail and delivery software for dispensaries. They were part of the Winter 2015 batch. You can check them out at GetMeadow.com. David’s on Twitter @Hua.,Y Combinator,Y Combinator
Fundraising Fundamentals by Geoff Ralston,YC Partner Geoff Ralston gives an introduction to the key concepts to keep in mind once you enter a fundraising process.,Y Combinator,Y Combinator
Startup Technology - Technical Founder Advice,"YC Partner Jared Friedman joins founders Lillian Chou (COO, Second Measure), Diana Hu (CTO, Escher Reality), Calvin French-Owen (CTO, Segment) and Ralph Gootee (CTO, PlanGrid), to talk about what can go right and wrong building technology.",Y Combinator,Y Combinator
October 2018 Hackathon Recap,Last weekend we hosted a hackathon for 250 people who made over 80 projects.,Craig Cannon,Craig Cannon
Running Your Company by Patrick Collison,"YC Partner Adora Cheung, along with Patrick Collison, the founder of well known YC alumnus Stripe, discuss how to most effectively run a startup company towards success.",Y Combinator,Y Combinator
A Conversation with Elizabeth Iorns: Advice for Biotech Founders,YC Partner Adora Cheung talks to Science Exchange Co-Founder and CEO Elizabeth Iorns about her experience as a biotech startup founder.,Y Combinator,Y Combinator
Mathilde Collin on Feature Prioritization and Employee Retention at Front,Mathilde Collin is the cofounder and CEO of Front. Front is a shared inbox for teams and they were part of the YC Summer 2014 batch.,Y Combinator,Y Combinator
"Elpha AMA with Cat Lee, Angel Investor and Former Head of Culture at Pinterest","I’m the founder of Elpha, an online community for women that is built by and for women. You can read more about Elpha here. Usually conversations on Elpha are only accessible to our members, but we wanted to experiment with making some conversations available to everyone. We’re kicking off this experiment with a 6-part AMA series.",Cadran Cowansage,Cadran Cowansage
YC Has Changed,"As YC grows, founders are wondering how it’s improved over time. This is a valid line of questioning – clearly much has changed about YC over 13 years. We have new leadership, much larger batch sizes, we invest more money, we have a growth fund, a series A program, a massive MOOC, and an internal social network for YC founders named Bookface.",Michael Seibel,Michael Seibel
New Standard Deal,"We are changing the standard deal at YC and increasing our investment from $120K to $150K. The $150K investment for 7% will be made on a post-money cap safe. We believe the post-money safe is simpler, making ownership and dilution easier to understand.",Michael Seibel,Michael Seibel
How to Apply and Succeed at Y Combinator by Dalton Caldwell,YC Partner Dalton Caldwell gives insight into how YC admissions works and what makes for a successful YC experience.,Y Combinator,Y Combinator
"SEO Advice from SurveyMonkey Director of SEO and Growth, Eli Schwartz",Eli Schwartz is the Director of SEO and Growth at SurveyMonkey. He came in to answer commonly asked questions about SEO.,Y Combinator,Y Combinator
Building an Engineering Team by Ammon Bartram and Harj Taggar,"Former YC Partner and founder of TripleByte Harj Taggar, along with his cofounder Ammon Bartram discuss a topic startups often struggle with most: finding and hiring the key engineers who will build your product.",Y Combinator,Y Combinator
How to Sell by Tyler Bosmeny,Tyler Bosmeny from YC alumnus Clever shares his expertise on how an early stage company should think about sales and about building an enterprise sales team.,Y Combinator,Y Combinator
A Conversation with Aileen Lee - Moderated by Geoff Ralston,YC Partner Geoff Ralston talks to Cowboy Ventures Founder Aileen Lee.,Y Combinator,Y Combinator
Early Decision,"We’re excited to announce Early Decision for 2019. Similar to what many colleges allow, we’ll be offering undergrad and graduate students the chance to apply one batch early.",Kat Mañalac,Kat Mañalac
PR + Content for Growth by Kat Mañalac and Craig Cannon,YC Partner Kat Manalac and Director of Marketing Craig Cannon describe the most effective ways to use PR and content to help your companies brand and to find more users.,Y Combinator,Y Combinator
Design for Startups by Garry Tan,"Former YC partner Garry Tan, the cofounder of Initialized Capital and a design expert describes how to effectively integrate design into a product development process.",Y Combinator,Y Combinator
Joan Lasenby on Applications of Geometric Algebra in Engineering,"Joan Lasenby is a University Reader in the Signal Processing and Communications Group of the Cambridge University Engineering Department, and is a College Lecturer and Director of Studies in Engineering at Trinity College. Here’s a list of her published work.",Y Combinator,Y Combinator
A Conversation with Andy Bromberg - Moderated by Geoff Ralston,YC Partner Geoff Ralston talks to CoinList cofounder and President Andy Bromberg.,Y Combinator,Y Combinator
Startup School Lectures Are Now Available as a Podcast,We’re now publishing the Startup School lectures as a podcast.,Steven Pham,Steven Pham
How to Monetize a Freemium Business,ClearBrain (YC W18) provides self-serve predictive analytics for marketers. This is an excerpt from their Growth Playbook. Read the full playbook here.,Melissa Tan,Melissa Tan
Suhail Doshi - How to Measure Your Product,"Suhail Doshi, founder of YC alumnus Mixpanel and a world-class expert on measurement, details how startups should think about discovering the important facts about how their product is used.",Y Combinator,Y Combinator
Gustaf Alstromer - How to Get Users and Grow,"YC Partner Gustaf Alströmer, who was most recently a growth expert at Airbnb describes strategies for scaling your user base.",Y Combinator,Y Combinator
Apply to the YC Fall Hackathon,This October we’re hosting a hackathon at YC.,Y Combinator,Y Combinator
There Are Now 141 Bio Companies Funded by YC,"Since joining Y Combinator as a Visiting Partner last November, the most common question that I have received from folks outside of YC is: “When did YC start investing in bio?” The answer is that bio at YC is not new – YC has been investing in bio companies since 2011. And we are doubling down. Over the last two years, YC has made more seed investments in bio companies than any other investor in the world.",Diego Rey,Diego Rey
A Conversation with Ooshma Garg - Moderated by Adora Cheung,YC Partner Adora Cheung talks to Gobble (YC W14) founder and CEO Ooshma Garg.,Y Combinator,Y Combinator
Convincing Engineers to Join Your Team,"Harj Taggar is cofounder and CEO of Triplebyte (YC S15). Triplebyte helps great engineers find work at the fastest growing companies in the world, with the least amount of time and effort. Before cofounding Triplebyte, Harj was a Partner at YC.",Harj Taggar,Harj Taggar
Peter Reinhardt on Finding Product Market Fit at Segment,Peter Reinhardt is cofounder and CEO of Segment.,Y Combinator,Y Combinator
David Rusenko - How To Find Product Market Fit,David Rusenko from Weebly (YC W07) details the story of how Weebly developed one of the most popular website creation and hosting sites on the web today.,Y Combinator,Y Combinator
Michael Seibel - Building Product,YC CEO Michael Seibel outlines how successful startups think about building something people want.,Y Combinator,Y Combinator
A Conversation with Paul Graham - Moderated by Geoff Ralston,"YC Partner Geoff Ralston talks with Paul Graham, one of the founders of YC, and tries to draw out as much startup wisdom as possible in an hour of conversation.",Y Combinator,Y Combinator
Reminder: Female Founders Conference - Bay Area,"Tuesday, September 4, is the last day to sign up for YC’s Female Founders Conference. Learn more about the conference here.",Kat Mañalac,Kat Mañalac
"Ryan Petersen on Building Flexport, a Modern Freight Forwarder",Ryan Petersen is the founder and CEO of Flexport.,Y Combinator,Y Combinator
"Carolynn Levy And Panel (Jon Levy, Jason Kwon) - Startup Legal Mechanics","YC Partners Carolynn Levy, Jon Levy, and YC General Counsel Jason Kwon discuss legal mechanics for startups, in addition to common mistakes and problems.",Y Combinator,Y Combinator
Sam Altman - How to Succeed with a Startup,"Sam Altman, President of Y Combinator, shares his thoughts on how you can succeed with a startup.",Y Combinator,Y Combinator
Geoff Ralston And Adora Cheung - Introduction To Startup School,YC Partners Adora Cheung and Geoff Ralston introduce Startup School 2018.,Y Combinator,Y Combinator
Meet YC This Fall,"This fall, YC and YC alum will be hosting office hours and events in cities around the world. We’ll be adding to this list in the next couple weeks. We hope to see you there.",Kat Mañalac,Kat Mañalac
YC Summer 2018 Batch Stats,"We just wrapped up YC’s 27th Demo Day. 132 companies presented over two days. You can read more about some of the companies here, here, here and here.",Kat Mañalac,Kat Mañalac
David Zeevi on Personalized Nutrition Based on Your Gut Microbiome,"David Zeevi is a James S. McDonnell independent fellow at the Rockefeller University Center for Studies in Physics and Biology. He focuses on developing computational methods for studying microbial ecology in the human gut and in the marine environment, and its contribution to human and environmental health.",Y Combinator,Y Combinator
How to Hire Your First Engineer,"Harj Taggar is cofounder and CEO of Triplebyte (YC S15). Triplebyte helps great engineers find work at the fastest growing companies in the world, with the least amount of time and effort. Before cofounding Triplebyte, Harj was a Partner at YC.",Harj Taggar,Harj Taggar
16 Companies from the YC Summer 2018 Batch,"At YC, founders decide when they want to announce that they’re part of the program. Meet 16 of the companies who recently announced that they’re part of the YC Summer 2018 batch. See more companies from the S18 batch here, here and here.",Y Combinator,Y Combinator
"Jessica Brillhart, Immersive Director, on VR and AR",Jessica Brillhart is the founder of Vrai Pictures. They’re an independent immersive content studio.,Y Combinator,Y Combinator
YC China + Qi Lu,Edit: Read this update on YC China.,Sam Altman,Sam Altman
YC Office Hours at Hack the North - September 14,"We’re hosting office hours at Hack the North at the University of Waterloo on Friday, September 14, 2018.",Y Combinator,Y Combinator
Female Founders Conference in Silicon Valley on September 15,"Our 3rd Female Founders Conference (FFC) of 2018 is on September 15 in Silicon Valley. This year, for the 5th anniversary of the conference, we decided to host three conferences throughout the U.S., and our final stop will be at YC’s office in Mountain View.",Kat Mañalac,Kat Mañalac
15 Companies from the YC Summer 2018 Batch,"At Y Combinator, founders decide when they want to announce that they’re part of the program. Meet 15 of the companies who recently announced that they’re part of the YC Summer 2018 batch. See more companies from the S18 batch here and here.",Y Combinator,Y Combinator
Startup School 2018 - Curriculum,"Two weeks ago we announced Startup School 2018. Our free, online course will kick off in just three weeks, on August 28th. We also let founders know that 100 of the companies that complete the course will receive $10,000 in equity-free funding from YC.",Geoff Ralston,Geoff Ralston
Geoff Ralston and Adora Cheung Discuss Startup School,Geoff Ralston and Adora Cheung are both partners at YC.,Y Combinator,Y Combinator
Office Hours with Michael Seibel,Michael Seibel is a Partner and the CEO of YC.,Y Combinator,Y Combinator
Learning Math for Machine Learning,Vincent Chen is a student at Stanford University studying Computer Science. He is also a Research Assistant at the Stanford AI Lab.,Vincent Chen,Vincent Chen
"Elad Gil Shares Advice from the High Growth Handbook, a Guide to Scaling Startups","Elad Gil is an entrepreneur, operator, and investor. He cofounded Color Genomics and Mixer Labs. Worked at Google and Twitter. And has invested in companies including Airbnb, Coinbase, and Stripe.",Y Combinator,Y Combinator
9 Companies from the YC Summer 2018 Batch,"At Y Combinator, founders decide when they want to announce that they’re part of the program. Meet 9 of the companies who have announced that they’re part of the YC Summer 2018 batch.",Y Combinator,Y Combinator
YC’s 2018 Summer Reading List,A post about summer reading on Hacker News inspired us to put a list together for 2018. Here’s what we’ve been reading.,Y Combinator,Y Combinator
Helping Veterans Transition into the Private Sector - Jocko Willink and Mike Sarraille,"Jocko Willink and Mike Sarraille served together as Navy SEALs and now work together at Echelon Front, a company Jocko cofounded.",Y Combinator,Y Combinator
Announcing Startup School 2018,"We’re hosting Startup School again this year. Startup School is a free, 10-week, online course. It’s designed for any startup founder who would like to get help through the earliest, most difficult challenges of starting a company. The course will begin on August 27, 2018 and applications are now open at StartupSchool.org.",Geoff Ralston,Geoff Ralston
Interview with Sam Altman from The High Growth Handbook,"Elad Gil is a serial entrepreneur (Mixer Labs – acquired by Twitter, and Color Genomics), operator (Google, Twitter) and an investor in a number of YC companies including Airbnb (W09), Checkr (S14), Coinbase (S12), Front (S14), Gusto (W12), Instacart (S12), Stripe (S10), Optimizely (W10), PagerDuty (S10), and Zenefits (W13).",Elad Gil,Elad Gil
YC Partner AMA at the Female Founders Conference,"Recorded live at our Female Founders Conference in New York, an AMA with Kat Manalac, Kirsty Nathoo, Adora Cheung, Holly Liu, Jessica Livingston, and Carolynn Levy.",Y Combinator,Y Combinator
"Fireside Chat with Kat Mañalac, Kathryn Minshew, and Alex Cavoulacos","Recorded live at our Female Founders Conference in New York, Kat Mañalac sits down with The Muse cofounders Kathryn Minshew and Alex Cavoulacos.",Y Combinator,Y Combinator
Jessica Livingston Shares 9 Things She Learned From Founding YC,"Recorded live at our Female Founders Conference in New York, Jessica Livingston shares lessons learned while starting and operating YC.",Y Combinator,Y Combinator
"Mariya Nurislamova, Founder of Scentbird at the Female Founders Conference","Recorded live at our Female Founders Conference in New York, Mariya Nurislamova shares the story of building Scentbird.",Y Combinator,Y Combinator
"Essential Startup Advice with Adora Chung, Reham Fagiri, Tiffani Ashley Bell, and Alana Branston","Recorded live at our Female Founders Conference in New York, Adora Cheung discusses essential startup advice with Reham Fagiri, Tiffani Ashley Bell, and Alana Branston.",Y Combinator,Y Combinator
"Reshma Shetty, Founder of Ginkgo Bioworks at the Female Founders Conference","Recorded live at our Female Founders Conference in New York, Reshma Shetty shares the story of building Ginkgo Bioworks.",Y Combinator,Y Combinator
Why Does Your Company Deserve More Money?,"The hardest conversation I have to have with a founder is when they’ve spent their 1-2 million dollar angel round but haven’t found product market fit. Unfortunately, I have to ask them a very unforgiving question: why does your company deserve more money?",Michael Seibel,Michael Seibel
6 companies from the YC Summer 2018 Batch,"At Y Combinator, founders decide when they want to announce that they’re part of the program. Meet 5 of the companies who have announced that they’re part of the YC Summer 2018 batch so far.",Y Combinator,Y Combinator
Fermat's Library - Annotating Academic Papers Every Week,João Batalha and Luís Batalha are cofounders of Fermat’s Library.,Y Combinator,Y Combinator
Scott Aaronson on Computational Complexity Theory and Quantum Computers,"Scott Aaronson is the David J. Bruton Centennial Professor of Computer Science at The University of Texas at Austin, and director of its Quantum Information Center. Before teaching at UT, he taught Electrical Engineering and Computer Science at MIT. His research interests center around the capabilities and limits of quantum computers, and computational complexity theory more generally.",Y Combinator,Y Combinator
Henrique Dubugras and Anu Hariharan Discuss Brex's Corporate Card For Startups,"Henrique Dubugras is the cofounder of Brex, which provides corporate cards for startups.",Y Combinator,Y Combinator
Applications for YC W19 Are Open,Applications for YC Winter 2019 are now open. Apply here.,Y Combinator,Y Combinator
Jared Friedman and Matt Long Discuss Work at a Startup,Jared Friedman is a partner at YC and before that cofounded Scribd (YC S06).,Y Combinator,Y Combinator
Join us at YC’s Work at a Startup Expo - July 28 in Mountain View,"Are you a software engineer interested in joining a startup? This July 28, come to Y Combinator HQ for our Work at a Startup Expo. You can meet the founders of 35 rapidly growing YC companies and figure out the right startup for you.",Jared Friedman,Jared Friedman
Announcing YC’s Work at a Startup,"Note: Join us in person at the Work at a Startup Expo on July 28, which was also announced today. YC startups will be presenting, and they are hiring at all levels — from junior engineers to VP of Engineering.",Jared Friedman,Jared Friedman
Office Hours with Adora Cheung,"Adora Cheung is a partner at YC and she also cofounded Homejoy, which went through YC in the Summer 2010 batch.",Y Combinator,Y Combinator
Hacker News Highlights: April & May 2018,Here are some of our favorite Hacker News comments from April and May.,Y Combinator,Y Combinator
Advice for Students and Recent Graduates on Finding Jobs – Liz Wessel of WayUp,Liz Wessel is the cofounder and CEO of WayUp. WayUp is a job and internship platform for college students and recent graduates. They were part of the Winter 2015 YC batch.,Y Combinator,Y Combinator
Simon Benjamin on Architectures for Quantum Computing,Simon Benjamin is a Professor of Quantum Technologies at Oxford. He is also the Principle Investigator for Oxford’s project on Quantum Optimisation and Machine Learning.,Y Combinator,Y Combinator
John Preskill on Quantum Computing,John Preskill is a theoretical physicist and the Richard P. Feynman Professor of Theoretical Physics at Caltech.,Y Combinator,Y Combinator
Mathematical Approaches to Image Processing with Carola Schönlieb,Carola Schönlieb is an applied mathematician at the University of Cambridge.,Y Combinator,Y Combinator
Helping Landlords Find Tenants - Sean Mitchell of Rezi,"Sean Mitchell is the cofounder and CEO of Rezi. REZI helps landlords find high quality, long-term tenants in 48 hours. They were part of the Winter 2017 batch.",Y Combinator,Y Combinator
"Crypto Investors Linda Xie and Avichal Garg on Opportunities, Use Cases, and Regulation","Today's episode is with Linda Xie, co-founder of Scalar Capital, and Avichal Garg, Managing Partner at Electric Capital.",Y Combinator,Y Combinator
Gaming Studio Founders - Patrick Moberg and Holly Liu,"Patrick Moberg is the cofounder of Playdots, which is a mobile game studio in New York. They make Dots, Two Dots, and Dots and Co.",Y Combinator,Y Combinator
Announcing Startup School Beijing,"Y Combinator is heading to China for the first time with a live Startup School conference on May 19, 2018 at Tsinghua University in Beijing. Applications are open today.",Eric Migicovsky,Eric Migicovsky
A.I. Policy and Public Perception - Miles Brundage and Tim Hwang,Miles Brundage is an AI Policy Research Fellow with the Strategic AI Research Center at the Future of Humanity Institute. He is also a PhD candidate in Human and Social Dimensions of Science and Technology at Arizona State University.,Y Combinator,Y Combinator
Claire McDonnell and Jennifer Kim on Building an Inclusive Company Culture,"Claire McDonnell is cofounder and COO of True Link Financial (YC S13). True Link is a financial services firm that offers money management, investment, and insurance products, primarily for retirees.",Y Combinator,Y Combinator
CoinList Cofounder Andy Bromberg and Ramon Recuero,Today's episode is with Andy Bromberg and Ramon Recuero. Andy is the co-founder and CEO of CoinList and CoinList provides financial infrastructure for token creators and investors. Ramon is an engineer here at YC.,Y Combinator,Y Combinator
Hacker News Highlights: February & March 2018,Here are some of our favorite Hacker News comments from February and March.,Y Combinator,Y Combinator
Anne Wojcicki on How to Build the Future,"Anne Wojcicki is the cofounder and CEO of 23andMe, which provides direct-to-consumer genetic testing.",Y Combinator,Y Combinator
"Cost vs Quality in Edtech - Keith Schacht, Avichal Garg, and Geoff Ralston","Keith Schacht is the cofounder of Mystery Science, which makes lessons that inspire kids to love science. They were part of the Summer 2017 YC batch.",Y Combinator,Y Combinator
3D Home Printing for the Developing World - Alexandria Lafci and Brett Hagler of New Story Charity,Alexandria Lafci and Brett Hagler are cofounders of New Story Charity.,Y Combinator,Y Combinator
"Breaking Down HackerRank's Survey of 40,000 Developers with Vivek Ravisankar","Vivek Ravisankar is the CEO and cofounder of HackerRank, which was in the Summer 2011 batch.",Y Combinator,Y Combinator
Congrats Dropbox!,"I wrote Dropbox their first investment check on June 26, 2007. What strikes me as I look at a copy of the check is that Drew and Arash must have been fairly effective at getting all their incorporation paperwork completed. I often had to chase startups well into July.",Jessica Livingston,Jessica Livingston
Funding Is an Outcome of Building a Good Business - Porter Braswell of Jopwell,"Porter Braswell is the CEO and cofounder of Jopwell (YC S15). Jopwell is a career advancement platform for Black, Latinx, and Native American students and professionals.",Y Combinator,Y Combinator
One Order of Operations for Starting a Startup,"More often than not, when I talk to a talented technical person who’s thinking about becoming a founder, their number one blocker is that they don’t have an idea. At some point during their formative years they learned that every great startup started with a great idea and if the idea isn’t amazing (usually as judged by peers, parents, or other people with little startup experience), the startup will fail.",Michael Seibel,Michael Seibel
YC Winter 2018 Stats,Today is Y Combinator’s 26th Demo Day.,Kat Mañalac,Kat Mañalac
14 Companies From YC Winter 2018,"Meet 14 companies that announced they’re part of the YC Winter 2018 batch. You can see more companies from the Winter 2018 batch here, here, here, here, here, and here.",Y Combinator,Y Combinator
13 Companies From YC Winter 2018,"Meet 13 companies that are part of the Winter 2018 batch of Y Combinator. (You can see more companies from the YC W18 batch here, here, here, here and here.)",Y Combinator,Y Combinator
Researching Psilocybin's Effects on Depression - Dr. Rosalind Watts,Dr. Rosalind Watts is a clinical psychologist at the Psychedelic Research Group at Imperial College London.,Y Combinator,Y Combinator
10 Companies From YC Winter 2018,"Meet 10 companies that recently announced they’re part of the YC Winter 2018 batch. (You can see more companies from the YC W18 batch here, here, here and here.)",Y Combinator,Y Combinator
YC Partner Panel at the Seattle Female Founders Conference,YC Partners answer questions from the audience at our Seattle Female Founders Conference.,Y Combinator,Y Combinator
"Pitch Practice with FlavorCloud, Holly Liu, and Adora Cheung","Rathna Sharad pitches FlavorCloud to Holly Liu, YC Visiting Partner, at our Seattle Female Founders Conference.",Y Combinator,Y Combinator
"I’m a Cofounder of Gusto, Here’s the Advice I Give Every Startup Founder","When we graduated from Y Combinator in the winter of 2012, we had a pretty limited payroll product and a handful of early local customers. Today, we’re proud to serve more than 60,000 passionate small businesses across the country with modern payroll, benefits, and HR.",Tomer London,Tomer London
8 Companies From YC Winter 2018,"Meet 8 companies that recently announced they’re part of the YC Winter 2018 batch. (You can see more companies from the YC W18 batch here, here, and here.)",Y Combinator,Y Combinator
Startup Investor School Day 4 Videos,Here’s what happened on Day 4 of Startup Investor School.,Y Combinator,Y Combinator
Startup Investor School Day 3 Videos,Here’s what happened on Day 3 of Startup Investor School.,Y Combinator,Y Combinator
Startup Investor School Day 2 Videos,Here’s what happened on Day 2 of Startup Investor School.,Y Combinator,Y Combinator
Startup Investor School Day 1 Videos,Here’s what happened on Day 1 of Startup Investor School.,Y Combinator,Y Combinator
Updated Request for Startups,"The application deadline for YC Summer 2018 is on March 24, and in honor of the deadline, we published an update to our Request for Startups (RFS).",Kat Mañalac,Kat Mañalac
14 Companies From the  YC Winter 2018 Batch,Meet 14 companies that recently announced they’re part of the YC Winter 2018 batch. (You can see more companies from the YC W18 batch here and here.),Y Combinator,Y Combinator
Startup Investor School Live Stream,This week we’ll be live streaming Startup Investor School. Tune in here or at https://investor.startupschool.org/,Y Combinator,Y Combinator
The Number One Goal is Getting Started - Avni Patel Thompson of Poppy,Avni Patel Thompson is the founder and CEO of Poppy (YC W16). Poppy lets parents book the best caregivers with just a text.,Y Combinator,Y Combinator
Apply to the YC Hackathon,This April we’re hosting a hackathon at YC.,Y Combinator,Y Combinator
"Dan Lewis, CEO of Convoy, on the Future of Freight",Dan Lewis is the CEO and Cofounder of Convoy.,Y Combinator,Y Combinator
Fundraising Advice from Female Founders,"During the Seattle Female Founders Conference we hosted a panel where Kristen Hamilton (Koru), Beth Kolko (Shift Labs) and Amy Nelson (The Riveter) spoke with YC CFO and Partner Kirsty Nathoo about their fundraising experiences.",Y Combinator,Y Combinator
Uncut Interview with Sam Altman on Masters of Scale,Reid Hoffman interviews Sam Altman in this uncut interview from the Masters of Scale podcast.,Y Combinator,Y Combinator
Founder Stories: Alexander Mistakidis of Gamelynx,Founder Stories are conversations with people that have been through YC.,Y Combinator,Y Combinator
"Welcome Eric, Holly, Diego, Matt, Nic, Kenny, Kyle, Adele, Jose, Matt, Ramon, and Gia",A lot of great people joined the YC and YCC teams in the past six months.,Michael Seibel,Michael Seibel
7 Companies From the YC Winter 2018 Batch,Meet 7 companies that announced they’re part of the YC Winter 2018 batch this week:,Y Combinator,Y Combinator
Instructors for Startup Investor School,"We recently announced our new, free course for seed investors called Startup Investor School. The course will kick off in Mountain View on Monday, March 5 and run through Thursday, March 8. The four-day class will have two lectures per day from 10am until 12pm and will be live-streamed for online viewing.",Y Combinator,Y Combinator
The Decentralized Future Series,"A good method for discovering startup ideas is to look into technological breakthroughs and think about what they unlock that wasn't possible before. In this introductory post, we are going to use this framework to examine Bitcoin.",Ramon Recuero,Ramon Recuero
Meet 12 Companies From the YC Winter 2018 Batch,"At Y Combinator, founders decide when they want to announce that they’re part of the program. Meet 12 of the companies who have announced that they’re part of the YC Winter 2018 batch so far:",Y Combinator,Y Combinator
Startup Investor School Preview with Geoff Ralston,"This episode covers Startup Investor School. Startup Investor School is a free, 4-day course designed to educate early stage investors interested in investing in startups. You can sign up at investor.startupschool.org.",Y Combinator,Y Combinator
Seattle Female Founders Conference Live Stream,We believe creating a platform where successful women can share their stories and advice with founders who are just getting started is one way to bring about even more successful women-led companies.,Y Combinator,Y Combinator
Startup Investor School: The Basics of Seed Investing,"Last year, for the first time, we taught a MOOC (massively open online course) for startup founders called Startup School. This year, we’re adding a new course called Startup Investor School which will teach the basics of seed (early) stage startup investing to anyone interested.",Geoff Ralston,Geoff Ralston
Masters of Scale: Reid Hoffman Interviews Sam Altman,"In the latest episode of Masters of Scale, Reid Hoffman’s podcast, Reid and Sam Altman discuss how people don’t stick with products they don’t love, all growth hacking eventually stops working, and stories from Y Combinator’s very first batch (Sam’s company was the very first to be accepted into Y Combinator).",Y Combinator,Y Combinator
Providing Fair Financial Products for the 56% of the US Without Access to Them - Jake Rosenberg of LendUp,"Jake Rosenberg is the cofounder and CTO of LendUp (W12). They provide access to quality credit cards and loans without hidden fees or debt traps. Their customers are the 56% of Americans that have what is described as a “subprime” credit score, meaning they can’t be approved for credit by most banks.",Y Combinator,Y Combinator
It's Surprising How Much Small Teams Can Get Done - Sam Chaudhary of ClassDojo,Sam Chaudhary is the cofounder and CEO of ClassDojo. They’ve raised $30M and have 30 employees.,Y Combinator,Y Combinator
YC Winter Tour 2018,"This February, YC will be hosting office hours and talks in Boston, Chicago, New York, Philadelphia, Pittsburgh and Seattle.",Kat Mañalac,Kat Mañalac
Applications for YC S18 Are Open,Applications for YC Summer 2018 are now open. Apply here.,Y Combinator,Y Combinator
Going Global with Your Startup,Kwindla Hultman Kramer is the founder of Daily.co (W16).,Kwindla Hultman Kramer,Kwindla Hultman Kramer
Alex Blumberg of Gimlet Media,"Alex Blumberg is the cofounder of Gimlet Media. Gimlet makes several podcasts you’ve probably heard of–StartUp, The Pitch, and Reply All are a few.",Y Combinator,Y Combinator
Join Elpha: An Online Community for Women,"I’m excited to share an experimental project I’ve been working on at YC over the last 10 months. It’s called Elpha and it’s an online community for women in tech to talk about whatever we want. Elpha has ~1,500+ members who are founders, designers, marketers, software engineers, VCs, women in sales and operations, etc. Today, we are launching publicly – sign up here.",Cadran Cowansage,Cadran Cowansage
Advice for First Time Founders,"We operate a platform called Bookface for YC founders to connect with each other, ask questions, find intros, and share advice. Recently on Bookface Zach Dixon, cofounder of the gaming company Players’ Lounge (W18), asked a great question:",Y Combinator,Y Combinator
Female Founders Conference Seattle: Speakers,We’re looking forward to hosting our first Female Founders Conference event of the year in Seattle on Feb 3.,Kat Mañalac,Kat Mañalac
Building for the Blockchain,"If you’re here, we assume that you’re a developer/hacker who’s intrigued by the blockchain. You’re convinced that you understand how it works and now you’re itching to figure out what the blockchain means for you and your developer skill set.",Vincent Chen,Vincent Chen
Leah Culver of Breaker and Tom Sparks of YC Answer Your Questions About Security and Podcasting,"Leah Culver is cofounder and CTO of Breaker, which is a social podcast listening and discovery app. They went through YC in the Winter 2017 batch. Leah’s also an author of both the OAuth and oEmbed API specifications.",Y Combinator,Y Combinator
YC in Toronto and Seattle,"This winter, YC will be hosting office hours and talks in cities across the US and Canada*. The full list will be released later this month, but for our first two stops, we’ll be visiting Toronto and Seattle.",Kat Mañalac,Kat Mañalac
Tim Urban of Wait But Why,Tim Urban cofounded the blog Wait But Why with Andrew Finn in 2013.,Y Combinator,Y Combinator
Y Combinator Female Founders Conference 2018,"Since 2014, Y Combinator’s Female Founders Conference has been helping women who want to start and run their own startups. We believe creating a platform where successful women can share their stories and advice with founders who are just getting started is one way to bring about even more successful women-led companies.",Kat Mañalac,Kat Mañalac
YC Alumni Who Paid It Forward,"As the YC community grows we have to continually make the choice to help one another. I know that as your company progresses, it becomes harder and harder to respond to that quick question or favor from another YC founder. This holiday season I wanted to give shoutouts to founders in the YC community who went above and beyond to help out their fellow alum.",Michael Seibel,Michael Seibel
Growth Office Hours: Round 2,Anu Hariharan and Gustaf Alstromer are partners at YC.,Y Combinator,Y Combinator
"Be Wary of Solving a Small, Rare Problem - Des Traynor of Intercom",Des Traynor is the cofounder of Intercom.,Y Combinator,Y Combinator
Making Physical Retail as Easy as Opening an Online Store - Ali Kriegsman and Alana Branston of Bulletin,Ali Kriegsman and Alana Branston are the founders of Bulletin.,Y Combinator,Y Combinator
There's an Art to Getting Brilliant People to Surprise Themselves - Kevin Slavin of The Shed,"Kevin Slavin is the Chief Science and Technology Officer of The Shed, which is an art center in New York that’s opening in 2019.",Y Combinator,Y Combinator
Preston Silverman on Building out a Marketplace in Education - at YC Edtech Night,"At YC Edtech Night, early-stage edtech founders from around the world gathered to meet and learn from each other. The sessions included fireside chats with edtech alums from YC and Imagine K12.",Karen Lien,Karen Lien
Growth Office Hours with Anu Hariharan and Gustaf Alstromer,Anu Hariharan and Gustaf Alstromer are partners at YC.,Y Combinator,Y Combinator
"Microbes, Robots, and Ambition - Robin Sloan on His Novel Sourdough",Robin Sloan is a writer and media inventor based in Oakland.,Y Combinator,Y Combinator
A Guide to Pitching Funding and Launch Stories,Leo Schwartz is the Media Strategy Lead at Upbeat (YC S10).,Leo Schwartz,Leo Schwartz
No Lean Season (YC W17) Named GiveWell Top Charity,"We are thrilled to announce that No Lean Season, a nonprofit from the Winter 2017 batch of Y Combinator, has been named one of GiveWell’s top charities.",Robby Walker,Robby Walker
Keith Schacht and Doug Peltz on What Traction Feels Like - at YC Edtech Night,"At YC Edtech Night, early-stage edtech founders from around the world gathered to meet and learn from each other. The sessions included fireside chats with edtech alums from YC and Imagine K12.",Karen Lien,Karen Lien
Sarah Chou on Finding Product-Market Fit in the Education Industry - at YC Edtech Night,"At YC Edtech Night, early-stage edtech founders from around the world gathered to meet and learn from each other. The sessions included fireside chats with edtech alums from YC and Imagine K12.",Karen Lien,Karen Lien
The Future of Bike Sharing with Ofo Cofounder Yanqi Zhang and Anu Hariharan,Yanqi Zhang is a cofounder and COO of Ofo.,Y Combinator,Y Combinator
13 Startup Ideas,"Hey, my name is Kyle Corbitt and I’m a software developer at Y Combinator. I spend most of my time creating software to support our founders as they build their businesses. Before joining YC I ran my own startup.",Kyle Corbitt,Kyle Corbitt
"Baidu's COO, Qi Lu Discusses AI with Daniel Gross",Qi Lu is the COO of Baidu.,Y Combinator,Y Combinator
"Tencent's Chief eXploration Officer, David Wallerstein on WeChat, QQ, and Gaming",David Wallerstein is Tencent’s Chief eXploration Officer.,Y Combinator,Y Combinator
"Building Dota Bots That Beat Pros - OpenAI's Greg Brockman, Szymon Sidor, and Sam Altman",Greg Brockman is the CTO and cofounder of OpenAI.,Y Combinator,Y Combinator
Sales Advice for Technical Founders,"Carol Luong leads U.S. business development at Leadfeeder. She has over 10 years of combined experience with marketing, sales and business development.",Carol Luong,Carol Luong
"Cindy Mi on Building VIPKID, the World's Largest English Learning Platform for Children",Cindy Mi is the founder and CEO of VIPKID. VIPKID is a 1-on-1 teaching platform where children in China learn english from North American teachers.,Y Combinator,Y Combinator
How Adversarial Attacks Work,Emil Mikhailov is the founder of XIX.ai (YC W17). Roman Trusov is a researcher at XIX.ai.,Emil Mikhailov,Emil Mikhailov
The Most Important Decision is Getting Started - Laura Behrens Wu,Laura Behrens Wu is the CEO and cofounder of Shippo. She shared the story of founding Shippo at the 2017 Female Founders Conference.,Y Combinator,Y Combinator
Casey Neistat and Matt Hackett on Live Video's Struggle for Interestingness,"Matt Hackett and Casey Neistat are the cofounders of Beme, which was acquired by CNN last year.",Y Combinator,Y Combinator
Crypto Evolution,"Bitcoin has already undergone several forks. A fork defines a moment in time when a specific digital currency gets split into two different currencies. A couple months ago, a Bitcoin fork created Bitcoin Cash (BCH). Another fork just created Bitcoin Gold last week. Segwit 2x will follow next month.",Ramon Recuero,Ramon Recuero
Robotics and 3D Printing with Voodoo Manufacturing,Oliver Ortlieb and Max Friefeld are two of Voodoo Manufacturing’s four cofounders.,Y Combinator,Y Combinator
Cashfree Automates Payouts and Bank Transfers for Indian Businesses (YC S17),"Cashfree is India’s first payment gateway that automates inbound and outbound bank transfers. This replaces the slow, error prone alternative of uploading Excel files for bulk payments or manually reconciling payments received via bank transfers. Using Cashfree, payments that take 2-3 days to process happen instantly, independent of banking hours.",Y Combinator,Y Combinator
Experiments in Art and Technology with Artforum Editor Michelle Kuo,Michelle Kuo is Editor in Chief of Artforum.,Y Combinator,Y Combinator
Content Marketing Tips from Experts at First Round Capital and Andreessen Horowitz,Camille Ricketts is the Head of Content and Marketing at First Round Capital.,Y Combinator,Y Combinator
Mr. Robot's Co-Producer and Writer - Kor Adana,"Kor Adana is a writer and co-producer on Mr. Robot. He started hacking in his teens and later went to school for CS. All the while he was hoping to become a writer for TV. Eventually he left a career in engineering, worked on a few projects, and then met Sam Esmail, the creator of Mr. Robot. He’s been working on the show ever since.",Y Combinator,Y Combinator
YC Application Advice from African Startups,Over 250 people attended the YC Lagos Meetup at Paystack HQ. Guests stayed for over five hours to hear eight Nigerian and Ghanaian alum share their stories.,Y Combinator,Y Combinator
"The More You Communicate with Users, the Higher Chance You'll Build Something They Want - Ryan Hoover of Product Hunt",Ryan Hoover is the founder of Product Hunt.,Y Combinator,Y Combinator
YC Is Visiting India,"We’re excited to announce that three of our partners, Gustaf Alströmer, Adora Cheung, and Anu Hariharan, will be visiting India this October.",Kat Mañalac,Kat Mañalac
"Three Paths in the Tech Industry: Founder, Executive, or Employee","When people ask me for tech career advice I find it helpful to lay out the three paths I’ve encountered most in my career: founder, executive, and employee. I’m leaving out investor because the best path to being an investor that I’ve seen starts with being successful (or failing) at one of these three first.",Michael Seibel,Michael Seibel
"Don't Start a Blog, Start a Cult - Mr. Money Mustache","Pete Adeney, more commonly known as Mr. Money Mustache, retired at 30 after working as a software engineer for about ten years.",Y Combinator,Y Combinator
Polly Is a Fun Social Polling App for Teens (YC S17),Polly (YC S17) is a fun social polling app for teens. The app allows users to create multiple-choice polls for sharing on Snapchat and other platforms. Polly was created by the team from Whale (video Q&A) which pivoted into Polly during the summer program.,Y Combinator,Y Combinator
YC’s Essential Startup Advice,"A lot of the advice we give startups is tactical; meant to be helpful on a day to day or week to week basis. But some advice is more fundamental. We’ve collected here what we at YC consider the most important, most transformative advice for startups. Whether common sense or counter-intuitive, the guidance below will help most startups find their path to success.",Geoff Ralston,Geoff Ralston
Your Whole Goal Is to Not Quit - Courtland Allen of Indie Hackers,"Courtland Allen is the founder of Indie Hackers, a place where the founders of profitable businesses and side projects can share their stories transparently, and where entrepreneurs can come to read and learn from those examples.",Y Combinator,Y Combinator
"Building a Startup Is Not About Building a Product, It's About Solving a Problem - Avni Patel Thompson of Poppy",Avni Patel Thompson is the CEO and Founder of Poppy.,Y Combinator,Y Combinator
Basic Income Research Proposal,"For the past year, we’ve been putting together the best possible research plan to study the effects of a basic income in the US. Today, we’re excited to share updates on our progress and the proposed design for a larger-scale study.",Elizabeth Rhodes,Elizabeth Rhodes
Request for Education Startups,"At YC, we’re deeply interested in education because of its power to transform lives and societies and to maximize human potential. On a micro level, we believe technology can help reverse the trend in K-12 of spending more and more money to achieve the same learning outcomes. We believe tech can also create alternatives in higher education that will prepare adults for the careers they want without the burden of excessive student debt.",Karen Lien,Karen Lien
Roofr is a Roofing Marketplace with Instant Satellite Roofing Estimates (YC S17),"Roofr uses satellite imagery to give home owners free estimates for roof replacements. Contractors have long used satellite imagery to save themselves time and money, to more quickly calculate cost estimates. Roofr brings the power of satellite imagery to the consumer.",Y Combinator,Y Combinator
The Technical Challenges of Measuring Gravitational Waves - Rana Adhikari of LIGO,"Rana Adhikari is a Professor of Physics at Caltech and a member of the LIGO team, who were the first to measure gravitational waves.",Y Combinator,Y Combinator
Elizabeth Iorns on Biotech Companies in YC,Elizabeth Iorns is cofounder and CEO of Science Exchange. She’s also an Expert here at YC.,Y Combinator,Y Combinator
YC World,We put together a map that shows where YC companies are from. It’s based on the location of the founders before applying for YC.,Ramon Recuero,Ramon Recuero
Stephanie Simon Guest Edits The Monday Morning Macro,"Happy Monday! I’m Stephanie Simon, an Admissions Manager at Y Combinator. I’m guest editing the YC newsletter with some of the topics on my mind this week. Hope you enjoy.",Y Combinator,Y Combinator
YC Edtech Night on October 17,"If you are thinking of starting an edtech startup or are in the early stages of building one, YC Edtech Night is for you!",Karen Lien,Karen Lien
The Challenges a Repeat Founder Faces,Tikhon Bernstam cofounded Scribd (YC S06) and Parse (YC S11).,Y Combinator,Y Combinator
"Hosain Rahman on the ""Defibrillator Experiences"" of Jawbone",Hosain Rahman is the CEO and Founder of Jawbone. Jessica Livingston is a cofounder of YC.,Y Combinator,Y Combinator
Spotting Ecommerce Trends in Shipping Data - Laura Behrens Wu,Laura Behrens Wu is the CEO and cofounder of Shippo.,Y Combinator,Y Combinator
Artist Lauren McCarthy Will Be Your Home's Brain,Lauren McCarthy is an artist and assistant professor at UCLA.,Y Combinator,Y Combinator
Y Combinator Fall Tour 2017,"Twice a year (fall and spring), we visit cities and universities around the world. Our goal is to meet founders and learn how we can be helpful to startups both in and outside of Silicon Valley.",Kat Mañalac,Kat Mañalac
Jack Dorsey On The Books That Helped Him Succeed,Jack Dorsey is the CEO of Twitter and Square. This is his talk from Startup School 2013.,Y Combinator,Y Combinator
Prerequisites for Starting a Company - Phil Libin,Phil Libin is the cofounder and CEO of All Turtles. Prior to that he was the CEO of Evernote. This is his 2013 Startup School talk.,Y Combinator,Y Combinator
The Two Most Common Mistakes Growth Stage Founders Make,"In this Office Hours excerpt, Ali Rowghani shares the two most common mistakes growth stage founders make.",Y Combinator,Y Combinator
How to Get Started with App Store Optimization,Eli is the Director of Marketing at SurveyMonkey.,Eli Schwartz,Eli Schwartz
bxblue Is the Only Marketplace for Payroll-Secured Loans in Brazil,"Payroll-secured loans don’t exist in the US, but they are a better alternative to credit cards. They let people with guaranteed incomes automatically deduct a monthly sum from their paycheck to re-pay the lending bank. That results in rates that are 10x lower than credit cards.",Y Combinator,Y Combinator
YC Summer 2017 Stats,Today is Y Combinator’s 25th Demo Day.,Kat Mañalac,Kat Mañalac
The CEO Who Pays Employees to De-Locate From the Bay,Wade Foster is the CEO of Zapier (YC S12).,Y Combinator,Y Combinator
Read This Before You Build Uber for X,Sam is a cofounder of PocketSuite (YC W16).,Sam Madden,Sam Madden
The Token Effect,"Cryptocurrencies and tokens are becoming increasingly popular. In this post, we’ll explore the context that triggered this frenzy, the new possibilities tokens unlock, and why people are excited about its future.",Ramon Recuero,Ramon Recuero
"Founders of Science Exchange, Goldbely, and The Flex Company Discuss Fundraising","During the Female Founders Conference Kat Manalac invited three YC founders on stage to share their experiences of fundraising. The founders are Elizabeth Iorns of Science Exchange, Vanessa Torrivilla of Goldbely, and Erica Jensen of The Flex Company.",Y Combinator,Y Combinator
Ask A Female Engineer: Thoughts on the Google Memo,"I’m the moderator for our Ask A Female Engineer series, and a female engineer on the software team at YC. This is the sixth installment in a series where we ask female engineers questions and share their candid, anonymous responses. In this post, we did something a bit different: we asked engineers to answer questions about the recent memo by former Google engineer James Damore. The engineers responding to these questions were given pseudonyms, and those pseudonyms are consistent through the series. Edith, in this post, is the same person named Edith in previous posts.",Cadran Cowansage,Cadran Cowansage
CocuSocial Is a Marketplace for Cooking Classes That Are Hosted at Restaurants and Hotels (YC S17),"Traditional cooking classes are expensive and intensive, but CocuSocial wants to make them affordable, easy to access and fun. In one year, CocuSocial has become the largest cooking class provider in New York City.",Y Combinator,Y Combinator
Kat Mañalac Guest Edits The Monday Morning Macro,"I’m Kat Mañalac, one of the partners at Y Combinator. I’m guest editing the YC newsletter this week. If you like the format, tweet me @katmanalac. If you don’t, email craig@ycombinator.com. 🙂",Y Combinator,Y Combinator
"Audm Brings You Longform Magazine Articles in Audio Form, Read Aloud by the World's Top Narrators (YC S17)","As more of the world falls in love with digital audio, listeners will gravitate toward the best storytelling. But many of the best storytellers aren’t all making podcasts — they’re writing for The Atlantic, WIRED, Esquire, BuzzFeed News, The Daily Beast, Foreign Policy, and Audm’s two dozen other partners. Audm is eliminating the gap between writing for the printed page and reaching the exploding digital audio market.",Y Combinator,Y Combinator
HealthWiz Lowers Employers' Healthcare Costs by Guiding Employees Through Their Healthcare Decisions (YC S17),"While lowering costs frequently means taking away benefits, they do the opposite. HealthWiz brings transparency and information to a messy healthcare system that allows employees to better navigate their benefits, resulting in less wasted spend and a faster return to health. They are rolling out three paying customers in August have a waitlist of additional customers that will launch in the fall.",Y Combinator,Y Combinator
PAYFAZZ Is Building Mobile Banking and Payment for Indonesia's Unbanked (YC S17),"64% of Indonesia’s population is unbanked — that represents 120 million adults and 80 million children. Yet, half of the adult unbanked population in Indonesia currently have a smartphone. Now any Indonesian with a smartphone can get access to mobile banking.",Y Combinator,Y Combinator
Baidu's AI Lab Director on Advancing Speech Recognition and Simulation,Adam Coates is the Director of Baidu’s Silicon Valley AI Lab.,Y Combinator,Y Combinator
Lessons From a Quarter Million Emails,"Every weekend I send a newsletter, The Prepared, to a few thousand people. It focuses on engineering & manufacturing, where I’ve worked for about a decade, and over the past three and a half years it has become a core part of my career.",Ankit Gupta,Ankit Gupta
Padmasree Warrior on Designing Autonomous Vehicles - With Anu Hariharan at the Female Founders Conference,Padmasree Warrior is the CEO of NIO.,Y Combinator,Y Combinator
Muzmatch Is the Place Where 400 Million Single Muslims Can Meet (YC S17),"Marriage is central to many Muslims’ upbringings yet ethnic, family, and religious pressures make this a difficult search.",Y Combinator,Y Combinator
Diane Greene's Advice for Founders,Diane Greene is SVP of Google Cloud and she was also the CEO and cofounder of VMware.,Y Combinator,Y Combinator
Dropleaf Is a Subscription Service for All-You-Can-Play Indie PC Games (YC S17),"Dropleaf helps players discover games that they can connect with and help developers grow their audience, and business. They’re launching with 41 games (adding 10-20 per month) and an initial price point of 4.99/month. You can sign up, download the client, install some games and get playing!",Y Combinator,Y Combinator
70MillionJobs Is the Internet's First Job Board for 70 Million Americans With Criminal Records (YC S17),There are 70 million Americans with criminal records – 1 in 3 adults – and they pretty much all experience pain in finding a job. 70MillionJobs has built the first job board for the formerly incarcerated.,Y Combinator,Y Combinator
Jeff Dean’s Lecture for YC AI,"Jeff Dean is a Google Senior Fellow in the Research Group, where he leads the Google Brain project.",Y Combinator,Y Combinator
UpCodes Helps the Construction Industry Deliver Code Compliant Buildings (YC S17),"UpCodes consolidates regulations, inserts government commentary, provides a custom search engine, and offers team collaboration tools. According to McKinsey, construction is the second least productive industry in the US. But with access to UpCodes, construction companies will save time, prevent errors and reduce the overall cost of building.",Y Combinator,Y Combinator
Hacker News Highlights: June & July 2017,Here are our favorite Hacker News comments from June and July.,Y Combinator,Y Combinator
VMware Cofounder Diane Greene with Jessica Livingston at the Female Founders Conference,Diane Greene is SVP of Google Cloud and she was also the CEO and cofounder of VMware.,Y Combinator,Y Combinator
Meetingbird Is the Calendar Reinvented for Teams (YC S17),Today Meetingbird is available as a full web app calendar and as a Chrome extension.,Y Combinator,Y Combinator
Piggy Is an Investment App for India (YC S17),"With Piggy you can invest in mutual funds, track your investment portfolio and save for retirement. They’re building a mobile first Vanguard for India. Historically in India, public sector employees vastly outnumbered private sector employees. Those public sector jobs came with pensions, so no one had to think about investing their own money. In 2016, for the first time, private sector jobs overtook public. People have to invest their own money now. That’s complicated, expensive, and hard to do. Piggy helps people solve those problems.",Y Combinator,Y Combinator
YC's 2017 Summer Reading List,,Y Combinator,Y Combinator
"Guggy Turns Your Text Messages Into Engaging Content, Such as Personalized GIFs (YC S17)","Guggy turns your text messages into engaging content by by using a highly optimized, messaging-oriented, contextual NLP engine. Today, they transform text messages into animated images, but soon will add richer media transformations.",Y Combinator,Y Combinator
Net30 Is Building an Invoicing Platform to Accelerate Payments Between Construction Contractors (YC S17),"The construction industry has the longest payment times of any industry, tying up over one trillion dollars every year. Currently, even a small commercial construction project can produce hundreds of pages of billing documents that require several layers of approval every month before payment is sent to vendors.",Y Combinator,Y Combinator
Templarbit Protects Web Applications from XSS Attacks and Other Malicious Activity (YC S17),"Since 2012, around 50% of all website vulnerabilities have been XSS. Ebay, for example, has been struggling with XSS attacks since 2014. Templarbit is the only solution that makes it easy for websites to adopt a Content Security Policy that monitors and protects against them.",Y Combinator,Y Combinator
Morgan DeBaun on Reaching 20M Millennials - With Kat Manalac at the Female Founders Conference,Morgan DeBaun is the founder and CEO of Blavity.,Y Combinator,Y Combinator
Emily Weiss on the Insights That Grew Glossier - With Amy Buechler at the Female Founders Conference,Emily Weiss is the founder and CEO of Glossier.,Y Combinator,Y Combinator
"Jessica Livingston on What's Different about ""Unicorns""",This is Jessica’s talk from the 2017 Female Founders Conference.,Y Combinator,Y Combinator
Sixty is a Freelancer Marketplace for SaaS Companies (YC S17),"Sixty lets you summon an expert to solve your web app problem in minutes. Say you get stuck creating a data tracking plan with Segment, can’t figure out how to work Zapier, or you have trouble implementing Stripe Connect. You can use Sixty to summon a best in class expert to a screenshare, and they’ll solve your problem in minutes. To date, Sixty has solver over 1,500 problems across over 70 web apps – including Squarespace, Mixpanel, and Mailchimp. Their customers range from Grammy nominated production agencies to other YC startups.",Y Combinator,Y Combinator
Making Music and Art Through Machine Learning - Doug Eck of Magenta,"Doug Eck is a research scientist at Google and he’s working on Magenta, a project making music and art through machine learning.",Y Combinator,Y Combinator
Why Should I Start a Startup?,A lot of people ask themselves this question.,Michael Seibel,Michael Seibel
Get Automated Leads from a Database of 70 Million People with Slik (YC S17),"Slik is a better, cheaper, sales prospecting engine. They’ve built a database of over 70 million people and created a simple way to filter through the database so that salespeople can save time and automate their process of gathering leads and figuring out who to reach out to.",Y Combinator,Y Combinator
Blockchain Investing with Olaf Carlson-Wee and Aaron Harris,"Today's episode is with Aaron Harris, who's a partner at YC, and Olaf Carlson-Wee, who's the founder and CEO of Polychain Capital, a blockchain investing hedge fund. Olaf was also the first employee at Coinbase.",Y Combinator,Y Combinator
Feather Rents Furniture to People and Businesses on the Move (YC S17),"Feather is a furniture rental company, setting out to provide stylish, affordable furniture to people and startups that move frequently.",Y Combinator,Y Combinator
Q&A with YC Partners at the Female Founders Conference,This Q&A was recorded at our fourth annual Female Founders Conference.,Y Combinator,Y Combinator
Aileen Lee and Kirsty Nathoo at the Female Founders Conference,Aileen Lee is the founder of Cowboy Ventures.,Y Combinator,Y Combinator
Safes are not bad for entrepreneurs,"Pascal Levensohn and Andrew Krowne recently published an article: “Why Safe Notes are not safe for entrepreneurs.” The authors were critical of the safe, describing it (as the click-bait title suggests), as bad for entrepreneurs. But the authors make an important point –- which was clarified by Levensohn in a follow-up post — with which we don’t disagree: both investors and entrepreneurs need to understand the way that convertible securities convert, and they need to understand dilution.",Jon Levy,Jon Levy
Illustrations from the Female Founders Conference,Alli McKee of Stick.ai illustrated several talks during our fourth annual Female Founders Conference. She outlined the key points from each talk along with some of her favorite quotes.,Y Combinator,Y Combinator
The Evolution of Chat Apps for the Service Economy,Chat is evolving.,Sam Madden,Sam Madden
Making Culture a Tangible Metric,"Startups are taught to be laser-focused on the one or two critical things that will mean growth and success for their company, maximizing those metrics above all else. However, this leads to a paradox when it comes to the problem of building startup culture, a notoriously fuzzy and intangible concept to define, let alone execute on.",Eric Blondeel,Eric Blondeel
"IPFS, CoinList, and the Filecoin ICO with Juan Benet and Dalton Caldwell","Today's episode is with Dalton Caldwell, who's a partner at YC, and Juan Benet, who's the founder of Protocol Labs, a YC company that's working on IPFS, Filecoin, and CoinList.",Y Combinator,Y Combinator
Watch the Female Founders Conference Live Stream,,Y Combinator,Y Combinator
Ex Machina's Scientific Advisor - Murray Shanahan,Murray Shanahan was one of the scientific advisors on Ex Machina.,Y Combinator,Y Combinator
"The Monday Morning Macro: June 26, 2017",Every Monday we send out an email recapping what’s been on the YC blog and some of the top posts on Hacker News.,Y Combinator,Y Combinator
Scaling Growth | Gustaf Alstromer (YC Partner + Airbnb) & Ed Baker (Uber),"Gustaf Alstromer, YC’s newest Partner (formerly product lead for Growth at Airbnb) joined a panel with Ed Baker, (former Head of Growth at Uber), to share tips on growth experiments and team dynamics at a scaling company.",Y Combinator,Y Combinator
"Welcome Eric, Gustaf, and Jocelyn","We’re excited to welcome Eric, Gustaf, and Jocelyn to the YC Team.",Michael Seibel,Michael Seibel
How Should Business Schools Prepare Students for Startups? - Jeff Bussgang and Michael Seibel,Jeff Bussgang is a lecturer at Harvard Business School and General Partner at Flybridge Capital Partners.,Y Combinator,Y Combinator
The Job of a CFO at a Scaling Company | Sarah Friar (CFO of Square) & Jason Child (CFO of Opendoor),"Anu Hariharan, YC Partner on the Continuity Fund, sat down with Sarah Friar and Jason Child to dig into the job of a CFO at a scaling company.",Y Combinator,Y Combinator
"At the Intersection of AI, Governments, and Google - Tim Hwang",Tim Hwang is the Global Public Policy Lead on AI and Machine Learning for Google. Learn more about Tim at TimHwang.org.,Y Combinator,Y Combinator
"How to Build Your Board | Glenn Kelman, CEO of Redfin","Glenn Kelman, CEO of Redfin, talks through how he built his board of directors, and shares lessons-learned.",Y Combinator,Y Combinator
Learn In-Demand Skills with Py (YC S17),"Py is an education app for iOS and Android that teaches topics like app development, building websites, and data science. They launched their Android app this week.",Y Combinator,Y Combinator
Join Us for Startup School Presentation Day!,"Presentation Day videos will be available at startupschool.org/presentations starting on Friday, June 16th at 8:00AM PDT.",Steven Pham,Steven Pham
Office Hours with Ali Rowghani,"Ali Rowghani is CEO of Y Combinator Continuity, where he invests in and advises growth-stage startups. Ali directly contributed to the growth of two great companies — at Twitter, as CFO then COO, and at Pixar as CFO and SVP of Strategic Planning.",Y Combinator,Y Combinator
"The Monday Morning Macro: June 12, 2017",Every Monday we send out an email recapping what’s been on the YC blog and some of the top posts on Hacker News.,Y Combinator,Y Combinator
"How to Raise Money, and How to Succeed Long-Term - Jess Lee, Aaron Harris, & Ali Rowghani","Jess Lee (Partner at Sequoia Capital) and Aaron Harris (Partner at YC) discuss raising money as an early stage company, and how to think about the fundraising process. Ali Rowghani (CEO of YC Continuity, previously CFO, COO @ Twitter, CFO @ Pixar) shares his thoughts on how to be a great leader and succeed long-term.",Y Combinator,Y Combinator
Rick and Morty Writer: Ryan Ridley,,Y Combinator,Y Combinator
Scaling Product at Airbnb with Joe Gebbia and Reid Hoffman,"Co-founder of Airbnb, Joe Gebbia, sits down with Reid Hoffman to talk about scaling the product for Airbnb, and how they thought about designing the full chain of the travel experience (not just the accommodations element).",Y Combinator,Y Combinator
Live Office Hours with Kevin Hale and Dalton Caldwell,"Kevin Hale, Partner at Y Combinator, and Dalton Caldwell, Director of Admissions and Partner at Y Combinator, join us today to hold office hours with three startups: HubHaus, Lambda Intelligence, and Commaful.",Y Combinator,Y Combinator
WittyThumbs (S17) wants to improve online-dating conversations,"As companies in this batch (YC S17) launch, we’ll share excerpts from some of their YC applications. You can see other launches by following the Company Launch tag.",Y Combinator,Y Combinator
Kip's Investor Pledge for Mental Health,This week Kip (YC W16) launched their Investor Pledge for Mental Health–a public commitment to take an active role in promoting mental health. Erin Frey of Kip and Ben Huh of YC shared their thoughts on therapy with us.,Y Combinator,Y Combinator
"Scaling Culture with Jason Kilar, former Hulu CEO","Jason Kilar is the former CEO of Hulu and Vessel, and an early executive at Amazon. He joined us at The Scaleup Offsite to talk about establishing and scaling a company’s culture.",Y Combinator,Y Combinator
Paul Buchheit on Lessons Learned from Investing in 200+ Startups,Jasper Kuria of Capital & Growth interviewed YC Partner Paul Buchheit about his experience as employee #23 at Google and his key investing insights.,Jasper Kuria,Jasper Kuria
How to Build and Manage Teams - Vinod Khosla & Anu Hariharan,"Anu Hariharan, Partner at YC Continuity, sits down with Vinod Khosla, Founder of Khosla Ventures and previously the founding CEO and co-founder of Sun Microsystems, to talk about belief systems around hiring, and how to manage your company’s growth internally.",Y Combinator,Y Combinator
Diversity & Inclusion at Early Stage Startups,"Kat Manalac, Partner and Director of Outreach at YC, hosts a panel with Makinde Adeagbo (dev/color), Cat Perez (HealthSherpa), Jennifer Kim (Lever), Ashu Desai (Make School), Mitchell Lee (Penny) and Cristina Cordova (Stripe) to discuss the importance of diversity and inclusion in the workforce for early stage companies.",Y Combinator,Y Combinator
Hacker News Highlights: April & May 2017,Here are our favorite Hacker News comments from April and May.,Y Combinator,Y Combinator
How to Think About PR - Sharon Pope,"Sharon Pope, Head of Programs and Marketing at YC Continuity, walks through how to think about PR and the best practices for working with the press. Featuring Q&A with veteran journalist, Steven Levy, editor of Backchannel and alum of WIRED and Newsweek.",Y Combinator,Y Combinator
How to Find Product Market Fit - Peter Reinhardt,"Peter Reinhardt, co-founder and CEO of Segment, shares his story on building different products and eventually finding product market fit.",Y Combinator,Y Combinator
An AI Primer with Wojciech Zaremba,,Y Combinator,Y Combinator
The Technical Advisor for Silicon Valley on HBO: Ed McManus,,Y Combinator,Y Combinator
Hiring Engineers with Ammon Bartram,,Y Combinator,Y Combinator
Announcing the Y Combinator Podcast,Our new podcast is live.,Craig Cannon,Craig Cannon
How to Invent the Future with Alan Kay: Part II,"One of the pioneers of personal computing, Alan Kay thought of laptops and graphical interfaces years before they were realized. At XeroxPARC, Apple, HP and Disney, he has developed tools for improving the mind. This is part two of his lecture.",Y Combinator,Y Combinator
How to Invent the Future with Alan Kay: Part I,"One of the pioneers of personal computing, Alan Kay thought of laptops and graphical interfaces years before they were realized. At XeroxPARC, Apple, HP and Disney, he has developed tools for improving the mind. In these two lectures, Alan shares his story and how to think about building for the future.",Y Combinator,Y Combinator
Live Office Hours with Adora Cheung and Avichal Garg,"In this session of Live Office Hours, Adora Cheung, YC Partner, and Avichal Garg, previously Director of Product Management at Facebook and now an Expert at YC, sit down with three startups: Edmission, Yembo.ai, and Almabase.",Y Combinator,Y Combinator
Female Founders Conference 2017 Speakers,We’re excited to announce the full speaker lineup for the 2017 Female Founders Conference on June 29.,Kat Mañalac,Kat Mañalac
How to Get Users and Grow with Alex Schultz,"Alex Schultz, VP of Growth at Facebook, shares with us how to get users, how to grow, and how to measure growth.",Y Combinator,Y Combinator
How to Get into VR,"This is the second edition of Paths, a series outlining emerging technologies with clear steps on how to get started in each field.",Vincent Chen,Vincent Chen
How to Choose Domain Extensions for an International Audience,"Many ecommerce or content websites with mass appeal have a global audience, even if they are intending to focus on just one country. However, depending on your product or content you might want to go the extra step and intentionally target international users. The decision to focus your site on an international audience is a big leap forward and there are many logistic and technical complexities to work through.",Eli Schwartz,Eli Schwartz
How to Build a Product: Part IV with Jan Koum,"In the fourth and final episode of How to Build a Product, Jan Koum shares his journey as the CEO and co-founder of WhatsApp.",Y Combinator,Y Combinator
How to Use Responsive Images,"In the world of responsive web design one core, yet complicated, spec can net you substantial reductions in page size across the device spectrum. In this post I’ll demystify the complexity in the responsive images spec so you can use these powerful HTML attributes on your site. In part 2 you will learn how to build your own responsive image workflow, with a code demo that distills our responsive image stack into a single file. Also, we’ll dive into how we automate responsive images at scale processing millions of images at Webflow with AWS Lambda.",Marcelo Cortes,Marcelo Cortes
"How to Build a Product: Part III with Jason Lemkin, Solomon Hykes, Tracy Young, and Harry Zhang","Jason Lemkin, of SaaStr, sits down with Solomon Hykes, CEO and co-founder of Docker, Tracy Young, CEO and co-founder of Plangrid, and Harry Zhang, CEO and co-founder of Lob, to discuss their experience building products in our third installment of How to Build a Product.",Y Combinator,Y Combinator
How to Build a Product: Part II with Aaron Levie,"For our second talk on How to Build a Product, we are joined by Aaron Levie, CEO and co-founder of Box.",Y Combinator,Y Combinator
Founder Stories: Kate Heddleston of Opsolutely,Founder Stories are conversations with people that have been through YC.,Craig Cannon,Craig Cannon
"How to Build a Product: Part I with Michael Seibel, Emmett Shear, and Steve Huffman","In the first of four lectures on How to Build a Product, Michael Seibel, CEO of Y Combinator, interviews Steve Huffman and Emmett Shear on how they built their products as founder-CEO’s of Reddit and Twitch, respectively.",Y Combinator,Y Combinator
How to Create an Employee Handbook,We talked to Katie Evans-Reber and Steffi Wu of Gusto (YC W12) about their new guide on how to create an employee handbook. You can download it here.,Y Combinator,Y Combinator
Live Office Hours with Yuri Sagalov and Sam Altman,"Yuri Sagalov, CEO of Amium, and Sam Altman hold Live Office Hours with three startups: MoonlightWork, Canny and Tuml. They’ll discuss their ideas and their thought processes around building their companies.",Y Combinator,Y Combinator
From edge2cat to edge2anything with TensorFlow,"Unless you have been hiding under a rock for the past few months, you have likely seen Christopher Hesse’s demo of image-to-image translation (a Tensorflow port of pix2pix by Isola et al.). In case you missed it, search for edge2cat, and a whole new world of cat-infused artificial intelligence will be opened to you. The model is trained on cat images, and it can translate hand drawn cats to realistic images of cats! Here are a few of our personal favorite “edge” image to cat translations generated by Chris’s model, ranging from accurate to horrifying:",Dan Whitenack,Dan Whitenack
How to Get Ideas and How to Measure - Stewart Butterfield & Adam D'Angelo,"In today’s lecture, we’re joined by Stewart Butterfield, founder and CEO of Slack, and Adam D’Angelo, founder and CEO of Quora. Sam and Stewart will explore the process of getting an idea, followed by Adam on tracking metrics for your company.",Y Combinator,Y Combinator
Female Founders Conference 2017,We’re excited to announce the date for Female Founders Conference 2017.,Kat Mañalac,Kat Mañalac
Startup Mechanics with Kirsty Nathoo,"Kirsty Nathoo is a Partner and the CFO at Y Combinator. She has worked with thousands of companies through all stages of their life; from incorporation to hiring to fundraising. In this lecture, Kirsty will talk about Startup Mechanics.",Y Combinator,Y Combinator
Founder Stories: Reham Fagiri of AptDeco,Founder Stories are conversations with people that have been through YC.,Craig Cannon,Craig Cannon
Startup School Online: First Lecture and Speaker List,We’re excited to announce that Startup School is now in session. You can watch the first lecture at startupschool.org.,Steven Pham,Steven Pham
A Science Exchange Marketplace for YC Companies,"Today we’re announcing that YC companies will now have exclusive access to a Science Exchange marketplace where they can instantly order experimental services from a network of over 2,500 qualified scientific service providers, all with pre-established contracts that protect companies’ IP and confidentiality.",Y Combinator,Y Combinator
Hacker News Highlights: March 2017,Here are our favorite Hacker News comments from March.,Y Combinator,Y Combinator
"Hacking DNA: The Story of CRISPR, Ken Thompson, and the Gene Drive",The very nature of the human race is about to change. This change will be radical and rapid beyond anything in our species’ history. A chapter of our story just ended and the next chapter has begun.,Geoff Ralston,Geoff Ralston
YC W17 Launch: Tress,We’re nearing the end of YC’s W17 batch. As companies launch they’ll be doing a Q&A on Hacker News – aka Launch HN – in addition to being included in a roundup on the blog. Here’s who has recently launched.,Y Combinator,Y Combinator
Ask a Female Engineer: How Can Managers Help Retain Technical Women on Their Team?,"I’m the moderator for our Ask A Female Engineer series, and a female engineer on the software team at YC. In the ongoing conversation about women in tech, we hear a lot about women leaving companies and even the industry as a whole, so we decided to ask a group of female engineers what reasons have prompted them to leave companies in the past, or what might motivate them to move out of a technical role.",Cadran Cowansage,Cadran Cowansage
Founder Stories: Blake Scholl of Boom Technology,Founder Stories are conversations with people that have been through YC.,Craig Cannon,Craig Cannon
From Student Side Project to Startup,"If you’re a student entrepreneur, turning a side project into a startup is one of the most important steps in your journey as a founder. Done well, this transition builds the determination and commitment that’s necessary to overcome the challenges of a startup that lie ahead. Done half-heartedly, the transition can be toxic for both the fledgling startup and the rest of your commitments.",Paul Dornier,Paul Dornier
Founder Stories: Leah Culver of Breaker,Founder Stories are conversations with people that have been through YC.,Craig Cannon,Craig Cannon
YC W17 Launch: Wifi.com.ng,We’re in the middle of YC’s W17 batch. As companies launch they’ll be doing a Q&A on Hacker News – aka Launch HN – in addition to being included in a roundup on the blog. Here are the companies that have recently launched.,Y Combinator,Y Combinator
"Distill: An Interactive, Visual Journal for Machine Learning Research","The journal Distill launches today. In a nutshell, Distill is an interactive, visual journal for machine learning research.",Michael Nielsen,Michael Nielsen
YC AI,"Some think the excitement around Artificial Intelligence is overhyped. They might be right. But if they’re wrong, we’re on the precipice of something really big. We can’t afford to ignore what might be the biggest technological leap since the Internet.",Daniel Gross,Daniel Gross
"YC W17 Launch: Credy, Upcall, and Kangpe",We’re in the middle of YC’s W17 batch. As companies launch they’ll be doing a Q&A on Hacker News – aka Launch HN – in addition to being included in a roundup on the blog. Here are the companies that have recently launched.,Y Combinator,Y Combinator
Startup School Online: Registration and Deals,"Startup School online registration will be open from March 20th, 2017 to March 27th, 2017.",Steven Pham,Steven Pham
Kat Manalac's Whale AMA,Kat answered questions submitted on Whale.,Y Combinator,Y Combinator
Founder Stories: Ritesh Malik of Innov8,Founder Stories are conversations with people that have been through YC.,Craig Cannon,Craig Cannon
YC W17 Launch: Moneytis and Tolemi,We’re in the middle of YC’s W17 batch. As companies launch they’ll be doing a Q&A on Hacker News – aka Launch HN – in addition to being included in a roundup on the blog. Here are the companies that have recently launched.,Y Combinator,Y Combinator
Founder Stories: Nicky Goulimis of Nova Credit,Founder Stories are conversations with people that have been through YC.,Craig Cannon,Craig Cannon
How to Know When Products Actually Use AI,Artificial Intelligence has become a buzzword. People use it in sales pitches all the time and you often see it in ad copy for new gadgets and apps. It also happens to be the most important tool in the cybersecurity field.,Ivan Novikov,Ivan Novikov
US Visas,We’ve heard from some founders that they’re nervous about applying to YC because they worry they won’t be able to get visas to attend interviews or the summer program.,Sam Altman,Sam Altman
Hacker News Highlights: February 2017,Here are some of our favorite recent posts on Hacker News.,Y Combinator,Y Combinator
"YC W17 Launch: Lively, Scaphold, Marketfox, Floyd, ServX, Fibo, and Wifi Dabba",We’re in the middle of YC’s W17 batch. As companies launch they’ll be doing a Q&A on Hacker News – aka Launch HN – in addition to being included in a roundup on the blog. Here are the companies that have recently launched.,Y Combinator,Y Combinator
YC’s Online Class (Sign up at StartupSchool.org),,Sam Altman,Sam Altman
Dalton Caldwell's Whale AMA,Dalton answers questions submitted on Whale.,Y Combinator,Y Combinator
Dilution,There has probably been more capital looking to invest in private technology companies in the past five years than any five-year period before.,Sam Altman,Sam Altman
YC at Stanford and UC Berkeley in March,"We are visiting Stanford and Berkeley this month. If you’re starting a startup or considering applying to YC, we’d love to see you there. YC partners and alum will share their stories, dispel some of the myths about starting a company, and answer your questions.",Y Combinator,Y Combinator
"YC W17 Launch: MDAcne, Supr Daily, Bitrise, and Bulletin",We’re in the middle of YC’s W17 batch. As companies launch they’ll be doing a Q&A on Hacker News – aka Launch HN – in addition to being included in a roundup on the blog. Here are the companies that have recently launched.,Y Combinator,Y Combinator
Anu Hariharan on Network Effects,Anu Hariharan is a Partner at Y Combinator’s Continuity Fund. She was previously a Partner at Andreessen Horowitz.,Y Combinator,Y Combinator
Drew Houston on How to Build the Future,Drew is the founder and CEO of Dropbox.,Sam Altman,Sam Altman
"YC W17 Launch: Hogaru, Elemeno Health, Playment, Hivy, and Bulk MRO",We’re in the middle of YC’s W17 batch. As companies launch they’ll be doing a Q&A on Hacker News – aka Launch HN – in addition to being included in a roundup on the blog. Here are the companies that have recently launched.,Y Combinator,Y Combinator
2017 YC Annual Letter,Dear YC Community:,Sam Altman,Sam Altman
Office Hours with Kat Manalac,Kat Manalac and Craig Cannon go through questions submitted on Hacker News.,Y Combinator,Y Combinator
"YC W17 Launch: Claire, Peer5, WaystoCap, Symple, RankScience, and Kudi",We’re in the middle of YC’s W17 batch. As companies launch they’ll be doing a Q&A on Hacker News – aka Launch HN – in addition to being included in a roundup on the blog. Here are the companies that have recently launched.,Y Combinator,Y Combinator
Sam Altman's Whale AMA,Sam answers questions submitted on Whale.,Y Combinator,Y Combinator
"YC at Columbia, Harvard, MIT, Stanford, UPenn","We’re excited to be visiting 5 universities in the next month. Join YC partners and alumni who will tell their stories, share startup advice and answer your questions.",Kat Mañalac,Kat Mañalac
GitLab's Secret to Managing 160 Employees in 160 Locations,"Ali Rowghani, head of YC Continuity, talks to GitLab CEO Sid Sijbrandij (W15) about how GitLab has built a completely distributed company with 160 people (and growing). We filmed this conversation at GitLab’s SF headquarters, where Sid is the only local employee. Sid’s biggest tip for success in scaling a distributed company: write everything down.",Y Combinator,Y Combinator
Recommend a Founder for YC,"Our goal at Y Combinator is to support as many great founders as possible, and we know that great founders can come from anywhere — any city, school, country or background. Companies in the Summer 2016 batch came from 16 countries and over 180 schools.",Y Combinator,Y Combinator
YC Research: Universal Healthcare,"Four years ago, Watsi became YC’s first non-profit. They’ve since raised over $7.5 million to fund life-changing healthcare for more than 10,000 patients in 24 countries.",Sam Altman,Sam Altman
Lessons From Doing YC Twice - Harj Taggar,"Harj Taggar is the CEO and cofounder of Triplebyte (YC S15), a marketplace for connecting software engineers with companies that are hiring.",Y Combinator,Y Combinator
Fundraising Rounds Are Not Milestones,"When meeting with founders for the first time I sometimes hear, “We’re a Series A company.” Meanwhile, YC alumni I talk to tell me that their angel investors regularly ask them, “When are you going to raise a Series A?”.",Michael Seibel,Michael Seibel
Tuesday Q&A with Tracy Young & Ralph Gootee of PlanGrid,During the batch we invite a speaker in for every Tuesday dinner. Tracy Young and Ralph Gootee of PlanGrid joined us during the W17 batch.,Y Combinator,Y Combinator
Hacker News Highlights: January 2017,Here are some of our favorite recent posts on Hacker News.,Y Combinator,Y Combinator
"Request for Startups: News, Jobs, and Democracy","If you’re working on a startup or non-profit that addresses any of the challenges discussed below, we’d love to see you apply.",Y Combinator,Y Combinator
"Welcome, ACLU",We are delighted to be funding the ACLU as a non-profit in our Winter 2017 batch.,Sam Altman,Sam Altman
Navigating Mid-Success,"When you start a startup, you get pushed off the side of a cliff with a bag of aerospace parts.1 You hope they are the parts for a spaceship, and they look like they might be, but it’s impossible to tell when they’re all in a bag.",Sam Altman,Sam Altman
Tuesday Q&A with Rob Rhinehart of Soylent,During the batch we invite a speaker in for every Tuesday dinner. Rob Rhinehart of Soylent joined us during the W17 batch.,Craig Cannon,Craig Cannon
Athelas: Our Road From Hack To Product,"A couple years ago, Athelas (YC S16) started as a proof-of-concept project built overnight at YC Hacks 2014. This month we started shipping our first devices to patients and hospitals around the country. We learned a lot in the process and wanted to share a few thoughts here.",Tanay Tandon,Tanay Tandon
Office Hours with Daniel Gross,Daniel Gross and Craig Cannon go through questions submitted on Hacker News.,Y Combinator,Y Combinator
"YC W17 Launch: UpKeep, Basecamp for Facility Maintenance Teams","UpKeep, a company in the YC Winter 2017 batch, and one of their YC group partners will be on Hacker News today to talk about what they’re building.",Y Combinator,Y Combinator
How To Get Into Natural Language Processing,We’re excited to introduce a new series we’re calling Paths. Each post will outline an emerging technology and give you clear steps on how to get started in that field.,Vincent Chen,Vincent Chen
VR,"About a month and a half ago I tried the new Oculus and was completely blown away. Even though there were clear rough points – expensive computer, not wireless, limited apps – I was amazed. The next morning I had two thoughts:",Michael Seibel,Michael Seibel
Office Hours with Sam Altman,Sam Altman and Craig Cannon go through questions submitted on Hacker News.,Y Combinator,Y Combinator
"Welcome Daniel, Nicole, Stephanie, Steven and Tatyana!",We’re excited to welcome five new members of the YC team:,Michael Seibel,Michael Seibel
"YC W17 Launch: Simple Habit, Spotify for Mindfulness","Simple Habit, a company in the YC Winter 2017 batch, and one of their YC group partners will be on Hacker News today to talk about what they’re building.",Y Combinator,Y Combinator
Submit Questions for Office Hours with YC,"When we announced that we’d be restarting the podcast, many HN users requested Office Hours as a recurring segment. We’re kicking that off next week on YouTube.",Y Combinator,Y Combinator
Notes for the New Year,Happy 2017!,Sam Altman,Sam Altman
Request for Startups: Water,"We’re optimistic we will beat climate change. But, at the same time, we need to prepare for things to get worse.",Y Combinator,Y Combinator
Q&A with YC Partners at Startup School,We pulled together eleven of the most frequently asked questions from Startup School attendees and had YC partners answer them on stage. Here are the questions:,Y Combinator,Y Combinator
YC at University of Toronto - 1/20-1/21,"Join YC partners and alumni at the University of Toronto on Friday, January 20. Hear their stories, ask questions, and find out what it’s really like to start a startup. All are welcome to attend!",Kat Mañalac,Kat Mañalac
Pitch Practice with Paul Buchheit and Sam Altman at Startup School,During Startup School two companies went on stage to pitch Paul Buchheit. Sam Altman followed each founder and repitched their startup to Paul.,Y Combinator,Y Combinator
Office Hours in London - 12/20 & 12/21,"We’re hosting office hours in London on Tuesday, December 20 and Wednesday, December 21, 2016.",Craig Cannon,Craig Cannon
YC's Winter Reading List,,Y Combinator,Y Combinator
The Scientific Method for Startups,"When people discuss startups they tend to talk about inspiration and creativity. This leads founders to believe they can imagineer a solution to any problem they’re trying to solve. In reality, executing a startup is a balance between creativity/intuition/instinct and the scientific method: hypothesize > a/b test > conclude > repeat.",Michael Seibel,Michael Seibel
Employee #1: Kickstarter,Employee #1 is a series of interviews focused on sharing the often untold stories of early employees at tech companies.,Craig Cannon,Craig Cannon
Office Hours with Kevin Hale and Qasar Younis at Startup School,During YC startups have weekly office hours with their group partners. As a part of Startup School we invited attendees to volunteer for office hours on stage. Kevin and Qasar chose three marketplace companies for this round of office hours.,Y Combinator,Y Combinator
Employee #1: Warby Parker,"A conversation with Mara Castro, Warby Parker’s first employee.",Craig Cannon,Craig Cannon
HiOperator (YC S16) Provides Customer Support as a Service,"We sat down with Liz Tsai and Phil Salesses, founders of HiOperator, to talk about their product.",Y Combinator,Y Combinator
Before You Grow,"Startups are defined by growth, but growth isn’t step one in building a great company. If you focus on trying to grow before you make a product people love, you are unlikely to succeed.",Sam Altman,Sam Altman
"Welcome Aaron, Gustaf, Lyle, Immad and Marcus",We’re excited to welcome three new visiting partners and three new part-time partners to YC.,Michael Seibel,Michael Seibel
Ben Silbermann at Startup School,"Here are a few excerpts from Ben’s conversation with Ali Rowghani, CEO of the YC Continuity Fund:",Y Combinator,Y Combinator
The YC Effect: Charting How YC Makes Your Company Better,Oleg Rogynskyy is the CEO of People.ai (S16).,Oleg Rogynskyy,Oleg Rogynskyy
Ask a Female Engineer: Employees with Kids and Relationships at Work,We’ve recruited a group of female engineers with years of industry experience to try an experiment with us called “Ask A Female Engineer.”,Cadran Cowansage,Cadran Cowansage
Marc Andreessen at Startup School,"In his conversation with YC Partner and COO Qasar Younis, Marc outlined two tests investors run on entrepreneurs before working with them.",Y Combinator,Y Combinator
Announcing Our Guidelines for Edtech Products,Karen Lien is an Edtech Principal at Y Combinator.,Karen Lien,Karen Lien
Reid Hoffman at Startup School,Here are a few excerpts from Reid’s conversation with Sam Altman:,Y Combinator,Y Combinator
BulldozAIR is Asana for Construction Teams,YC : How did the idea for BulldozAIR come about?,Y Combinator,Y Combinator
Strategies for Marketing in Asia,"After a year and a half leading SurveyMonkey’s marketing efforts in Asia, I have gleaned insights about the Asian market that would’ve taken me much longer to learn from a distance in the US. SurveyMonkey is the world’s leading survey platform and before I arrived we already had a sizable user base across Asia. Nonetheless, the on the ground learning that individualized our marketing approach to this region has been able to accelerate growth by double digit percentages.",Eli Schwartz,Eli Schwartz
AptDeco Founders at Startup School,"Reham Fagiri and Kalam Dennis, founders of AptDeco (W14), at Startup School 2016.",Y Combinator,Y Combinator
Advice for New Managers,Aaron Epstein is the cofounder of Creative Market.,Aaron Epstein,Aaron Epstein
Why Many On-Demand Platforms Fail,"Due to the extraordinary success of Uber there is a school of thought among the tech community that every service can be Uberized. However, when it comes to home and local services, the Uber model tends to break down.",Sam Madden,Sam Madden
Ask a Female Engineer: Interviewing + Company Culture,We’ve recruited a group of female engineers with years of industry experience to try an experiment with us called “Ask A Female Engineer.”,Cadran Cowansage,Cadran Cowansage
Ooshma Garg on How She's Growing Gobble to $100M in Sales,,Y Combinator,Y Combinator
Hard Tech Startups,"Some people think YC only funds straightforward software startups. That’s definitely not the case — YC’s largest exit to date is a self-driving car company, Cruise Automation, and we’ve funded many other hard technology companies like Gingko Bioworks, Oklo, Helion, Rigetti Computing, OpenAI, Perlara, uBiome, Verge Genomics, X-Zell, Athelas, Auro Robotics, Bagaveev, Boom, Gecko Robotics, Multiply Labs, OpenTrons, Varden Labs, Atomwise, Transcriptic, IronOx, 20n, Bikanta, Industrial Microbes, Cofactor Genomics and many more.",Sam Altman,Sam Altman
Chad Rigetti on Building Quantum Computers,"Chad Rigetti, founder of Rigetti Quantum Computing (S14), at Startup School 2016.",Y Combinator,Y Combinator
"Welcome Craig, Fred and Mark!",We’re excited to announce three additions to the YC team:,Michael Seibel,Michael Seibel
Employee #1: Coinbase,"A conversation with Olaf Carlson-Wee, Coinbase's first employee.",Craig Cannon,Craig Cannon
Requests for Startups Refreshed,We’ve refreshed the Requests for Startups. Here are the additions:,Sam Altman,Sam Altman
Sam Altman on How to Build the Future,Sam is the President of Y Combinator and co-chairman of OpenAI.,Y Combinator,Y Combinator
What To Expect As An International Founder At Y Combinator,Sondre Rasch is co-founder of Konsus.com (W16).,Sondre Rasch,Sondre Rasch
Common Misconceptions About Applying To YC,I hosted office hours in NYC last week and noticed several commonly held beliefs about applying to YC that aren’t backed up by the data. Here’s actual data for companies that were accepted into recent YC batches. I’d also recommend reading Sam’s post on applying to YC.,Craig Cannon,Craig Cannon
Ask a Female Engineer: Joining a Startup,We’ve recruited a group of female engineers with years of industry experience to try an experiment with us called “Ask A Female Engineer.”,Cadran Cowansage,Cadran Cowansage
YC and Founders Pledge,"Many of our founders ask us about how they can donate part of their equity or post exit proceeds, and now we have an answer: Founders Pledge.",Sam Altman,Sam Altman
Getting Press for Your Startup,"Michael Seibel, Y Combinator CEO, on press strategies for startups.",Michael Seibel,Michael Seibel
Employee #1: Dropbox,"A conversation with Aston Motes, Dropbox’s first employee.",Craig Cannon,Craig Cannon
Elon Musk on How to Build the Future,Elon is the CEO of SpaceX and Tesla Motors.,Sam Altman,Sam Altman
YC Office Hours in Prague - Sept 22,YC is hosting office hours in Prague on September 22.,Y Combinator,Y Combinator
YC EdTech Office Hours - Sept 29,Office hour slots are 25 minutes each and will be especially helpful for founders who are considering applying for the next batch of YC.,Y Combinator,Y Combinator
YC Changes,"TL;DR:
*Michael Seibel will be the new CEO of YC Core, which we are now just going to call “YC”.
*Ali Rowghani is now the CEO of the YC Continuity Fund.
*I’m going to be the President of YC Group, which includes YC, YC Continuity, YC Research, and our new online class. We’ll add more organizational units over time.
*We’re going to replace the Fellowship with a much larger MOOC launching next year.",Sam Altman,Sam Altman
A List of Y Combinator Companies,We published a list of launched YC companies we’ve funded since 2005.,Y Combinator,Y Combinator
YC Office Hours in NYC - Sept 14,"We’re hosting office hours in NYC on Wednesday, September 14, 2016.",Craig Cannon,Craig Cannon
Introducing Ask a Female Engineer,We’ve recruited a group of female engineers with years of industry experience to try an experiment with us called “Ask A Female Engineer.”,Cadran Cowansage,Cadran Cowansage
Squire is OpenTable for Barbershops,"Squire is an app and site that helps guys discover the best barber shops, reserve an appointment, and seamlessly pay for their haircut. Squire also enables barbershops to manage their business and attract new customers. We sat down with Songe LaRon and Yas Tabasam to talk about what they’re building.",Y Combinator,Y Combinator
YC Office Hours at Hack the North - Sept 17,,Y Combinator,Y Combinator
ApolloShield Detects and Intercepts Malicious Drones,"ApolloShield identifies and intercepts unauthorized drones that are in your airspace, forcing them to return to their controller. We sat down with co-founders, Nimo Shkedy and Gilad Beeri, to talk about how they’re making stadiums, prisons, and other spaces safer.",Y Combinator,Y Combinator
Employee #1: Amazon,"A conversation with Shel Kaphan, Amazon’s first employee.",Craig Cannon,Craig Cannon
Q&A with Hayley Barna,"Hayley Barna, Cofounder of Birchbox and Venture Partner at First Round Capital, sat down with us before speaking at YC’s weekly dinner.",Y Combinator,Y Combinator
Instrumentl Is Building a Database of All the Grants in the World,"Instrumentl helps scientists win more money by matching them with the best grants for their research. There are more than 10 million researchers in the US seeking over $140B in funding each year. Instrumentl streamlines that process. We sat down with Angela Braren, Katharine Corriveau, and Gauri Manglik to talk about what they’re building.",Y Combinator,Y Combinator
Mux Is Google Analytics for Video,"By monitoring user behavior, Netflix is able to create successful shows 2X more often than traditional TV. They gather and analyze granular data points around browsing and viewing behaviours. By aggregating these data points to generate insights, Netflix can determine factors that have the most impact on user experience.",Y Combinator,Y Combinator
The Software Behind YC’s Investor Day,"In the past after YC Demo Day, startups would scramble to arrange as many meetings with investors as possible. This typically involved sending hundreds of emails back and forth and lots of manual scheduling.",Finbarr Taylor,Finbarr Taylor
Jessica Livingston on How To Build The Future,"Our second guest on How To Build The Future is Jessica Livingston, Co-Founder of Y Combinator!",Sam Altman,Sam Altman
Practical Design: MVP Spec,"Design doesn’t have to be complicated, intimidating, or expensive. In an early stage startup design serves one purpose: helping startup founders understand their users. To that end, design encompasses more than formal product execution, logos and layouts, it also means user observation, clear messaging, MVP specs, concise pitches, and more.",Dominika Blackappl,Dominika Blackappl
Transparency in Startup Investing,"I recently wrote some software at angelcalc.com1 which allows investors and founders to model a startup’s equity financing and determine how outstanding convertible securities convert into shares. It’s a modestly cool tool and I had fun writing it, but in doing so realized that there are several problems with how our current seed fundraising ecosystem works. My frankly ambitious goal here is to inject some much needed transparency into the system. Angelcalc will help, but it can’t do the job alone. To understand what else is needed some explanation is necessary.",Geoff Ralston,Geoff Ralston
"Innov8 Provides Co-Working Offices to Startups, Freelancers and SMEs in India",,Y Combinator,Y Combinator
Proxy Is Digitizing Your Presence,"Proxy turns your phone into a personal beacon that enables new or improved interactions with your environment – be it access, identity, or personalization. We sat down with co-founders, Denis Mars and Simon Ratner, to talk about what they’re building.",Y Combinator,Y Combinator
Nova Credit Lets People Transfer Their Credit History Between Countries,"Nova Credit enables immigrants to import their credit history across borders to access better loans. If you’re coming to the US from overseas, US lenders can’t access your credit history from back home, so you’ll find it very hard to get any kind of credit. We sat down with Nicky Goulimis, Loek Janssen, and Misha Esipov to talk about how they’re changing the way immigrants access credit.",Y Combinator,Y Combinator
Practical Design: Design Brief,"Design doesn’t have to be complicated, intimidating, or expensive. In an early stage startup design serves one purpose: helping startup founders understand their users. To that end, design encompasses more than formal product execution, logos and layouts, it also means user observation, clear messaging, MVP specs, concise pitches, and more.",Dominika Blackappl,Dominika Blackappl
Quero Education Is Expedia for Brazilian Colleges,"Quero Education is a marketplace for Brazilian college programs. They help students search, compare, prepare, and enroll in private colleges. We sat down with Bernardo de Pádua and Lucas Gomes to talk about how they’re getting more students into colleges.",Y Combinator,Y Combinator
Raptor Maps Uses Drones to Help Farmers Get Better Crops,"Raptor Maps helps produce farmers grow more and better crops using drones and tractor-mounted sensors. In doing so, they’ve created an affordable system for farmers to perform controlled experiments on their farm to know exactly where the good crop came from and why. We sat down with Nikhil Vadhavkar and Eddie Obropta to talk about what they’re building.",Y Combinator,Y Combinator
CrowdAI Builds Smarter Image Recognition,"CrowdAI is building smarter image recognition. They are currently working with satellite, drone and self-driving car companies to provide them with scalable image recognition. Currently, companies spend a fortune hiring and training short-term, large-scale workforces to accomplish the same task. CrowdAI automates this process by combining machine learning, computer vision, and an efficient human workforce. We sat down with Devaki Raj, Pablo Garcia, and Nic Borensztein to talk about what they’re building.",Y Combinator,Y Combinator
Looklive Helps You Find and Buy Celebrity Looks,"Looklive is a community and marketplace for fashion. Users can browse through more than 60,000 celebrity styles and shop their looks. We sat down with Cedric Rogers to talk about what he’s building.",Y Combinator,Y Combinator
Meesho Creates Stores for Indian SMBs Selling Through WhatsApp,Meesho provides a complete set of mobile tools for small businesses in India to manage ecommerce on Facebook and WhatsApp. We sat down with Vidit Aatrey to talk about what he’s building.,Y Combinator,Y Combinator
"Whyd Is a Beautiful, Voice-Controlled Speaker for Audiophiles","Whyd, in this batch of Y Combinator, is building a high-end, voice-controlled speaker — and they’re launching a pre-order campaign today. Below are the founders, Gilles Poupardin and Jie Meng-Gerard, on why they’re building Whyd and why it’s different from other speakers in the market.",Y Combinator,Y Combinator
Joy Helps You Manage Your Wedding All in One App,"Joy is a tool that helps couples plan their wedding from engagement to honeymoon and everything in-between. They build a virtual home for your wedding – a website and app, and you can manage guests, RSVPs and everything else, all in one place. We sat down with Vishal Joshi to talk about how Joy is making wedding planning and management easier.",Y Combinator,Y Combinator
Multiply Labs Puts All Your Supplements into One 3D Printed Pill,"Multiply Labs makes pills that can be customized to release supplements at different times throughout the day. For instance, you could take a single pill in the morning with vitamin C and vitamin D3 released immediately and caffeine released later for a midday energy boost. We sat down with the entire Multiply Labs team to talk about this new technology.",Y Combinator,Y Combinator
Simbi Lets You Trade Your Skills for the Things You Want,"Simbi is a platform for artisans and freelancers to exchange services. With Simbi, you can trade any of your skills, like photography, for credits that you can spend in the Simbi network. You can redeem your credits for things like salsa lessons, photo retouching, or thousands of other services offered by the community. We sat down with founder KJ Erickson to hear about how Simbi was started.",Y Combinator,Y Combinator
Users You Don’t Want,"When you’re just getting started, many startups will take every user they can get. They have a strong idea of a problem and they want to attract as many users with that problem as possible. Unfortunately, when you open up the barn doors you get all sorts of people with all sorts of problems. Some of them will try to hijack your product to solve a problem you didn’t intend to solve. By and large, these hijackers are users you don’t want.",Michael Seibel,Michael Seibel
How to Build the Future,"In fall 2014, we hosted a class at Stanford called “How to Start a Startup”.",Y Combinator,Y Combinator
Lendsnap Lets You Apply for a Mortgage in Under 30 Minutes,"To apply for a mortgage today, you have to collect more than a dozen a documents. Lendsnap collects these documents for you automatically by connecting to your bank, payroll site, etc. Mortgage banks that use Lendsnap can boost their loan officers’ productivity by 30-50% and dramatically shorten the time to close a loan.",Y Combinator,Y Combinator
Mark Zuckerberg on How to Build the Future,"Our first guest on How To Build The Future is Mark Zuckerberg, co-founder of Facebook.",Sam Altman,Sam Altman
Practical Design: Pitching,"Design doesn’t have to be complicated, intimidating, or expensive. In an early stage startup design serves one purpose: helping startup founders understand their users. To that end, design encompasses more than formal product execution, logos and layouts, it also means user observation, clear messaging, MVP specs, concise pitches, and more.",Dominika Blackappl,Dominika Blackappl
Sway Finance Automates Accounting for SaaS Companies,"Sway Finance automates accounting for SaaS companies. It uses a combination of machine learning and payment processing integrations to manage bookkeeping in real-time with perfect accuracy and at a fraction of the cost of a traditional bookkeeper. Founders Catherine Jue and Ashwin Kumar, sat down with us to talk about what they’re building.",Y Combinator,Y Combinator
UtilityScore Tells You How to Improve Your Home and Save Money on Energy Bills,"UtilityScore provides personalized recommendations for home improvements that save money on energy and water bills. From just your home address, it can tell you how much money you will save and if you are better off installing solar panels or buying a new heater. They sell data to lenders, suppliers, and contractors to help them get more customers at a lower cost. In the United States, if all single family homeowners implemented UtilityScore’s recommendations they would save $51 billion dollars annually on their energy and water bills. We sat down with UtilityScore’s founder, Brian Gitt, to talk about what he’s building.",Y Combinator,Y Combinator
Vidcode Teaches Teens to Code Through Making Snapchat and Instagram Filters,"Vidcode teaches teens to code through their favorite video technologies: Instagram, Snapchat and AR. Students learn to code special effects with JavaScript and then share it with their friends. We sat down with Leandra Tejedor, Melissa Halfon, and Alexandra (Allie) Diracles to talk about what they’re building.",Y Combinator,Y Combinator
Last Day to Apply for Startup School 2016!,It’s the last day to apply for Startup School 2016. Apply here!,Y Combinator,Y Combinator
Saleswhale Coaches and Manages Sales Reps,"Saleswhale is an intelligent bot that manages and coaches B2B salespeople to help them get more qualified appointments and demos. The bot, called Orca, monitors sales activities and provides real-time feedback on common prospecting mistakes and suggestions to improve. We sat down with the founders to talk about what they’re working on.",Y Combinator,Y Combinator
The Basics of SEO,"Eli Schwartz is the Director of Marketing, APAC, for SurveyMonkey.",Eli Schwartz,Eli Schwartz
Fabric Is a Home for All Your Memories,"Fabric is an app that helps you remember the places you go, the people you meet, and the things you do. It detects the places you visit and matches them with your photos and Facebook and Instagram activity. We sat down with Arun Vijayvergiya and Nikolay Valtchanov to talk about this new product.",Y Combinator,Y Combinator
The Flex Company Makes Periods Painless,Flex is launching a feminine hygiene product – the menstrual disc. You can wear it for up to 12 hours and have mess free period sex. We sat down with Erika Jensen and Lauren Schulte to talk about how they’re changing the way women experience periods.,Y Combinator,Y Combinator
YC Office Hours in 11 Countries This Fall,"In our Summer 2016 batch, about 30% of the startups we funded were based outside the US before YC. And in the past year, some of the fastest growing companies we’ve worked with were started outside the US.",Kat Mañalac,Kat Mañalac
YC Tech Stacks,Sam Laber is the Director of Marketing at Datanyze.,Sam Laber,Sam Laber
Flutterwave is Building Digital Payment Infrastructure for Africa,"Flutterwave is an API that lets you process credit card and local alternative payments, like mobile money and ACH, across Africa. They make it possible for global merchants to process payments like a local African company. We sat down with co-founder Iyinoluwa Aboyeji, who goes by E, to talk about how he’s transforming digital payments across Africa",Y Combinator,Y Combinator
PatientBank is Creating a Unified Medical Record System,"PatientBank gathers medical records on behalf of individuals and businesses. Rather than faxing in documents or visiting the hospital to make an information request, PatientBank lets you request your files online and receive it in about ten days, which is three times faster than the average request.",Y Combinator,Y Combinator
Employee #1: Tumblr,"A conversation with Marc LaFountain, Tumblr’s first employee.",Craig Cannon,Craig Cannon
Q&A with Ed Catmull,"Ed Catmull, President of Pixar, sat down with us before speaking at YC’s weekly dinner.",Craig Cannon,Craig Cannon
NuCypher Provides Security for Enterprise Big Data in the Cloud,"Cloud computing has become ubiquitous for consumers and many businesses. However, many large enterprises are laggards in public cloud adoption due to regulatory, compliance, and security concerns around sensitive data.",Y Combinator,Y Combinator
NeoWize Increases Revenue by Personalizing E-Commerce Sites for New Users,NeoWize is a personalization service for ecommerce companies. It surfaces relevant products to new users up to 10x faster than current solutions. We sat down with Omer Nevo to talk about how he’s helping companies increase their revenue by 10-30%.,Y Combinator,Y Combinator
Practical Design: Messaging,"Design doesn’t have to be complicated, intimidating, or expensive. In an early stage startup design serves one purpose: helping you understand your users. To that end, design encompasses more than formal product execution, logos and layouts, it also means user observation, clear messaging, MVP specs, concise pitches and more.",Dominika Blackappl,Dominika Blackappl
SmartPath Helps Companies Educate Employees on Budgeting and Saving,SmartPath is a budgeting app and financial advisor for the 75% of the US that lives paycheck to paycheck. SmartPath’s goal is to help you spend less than you make. They’re distributing the app through employers and helping them run financial wellness programs for their employees.,Y Combinator,Y Combinator
Aptonomy Makes Autonomous Security Drones,"Aptonomy is making intelligent security drones. They patrol property and respond to alarms to prevent crime. We sat down with co-founders, Mihail Pivtoraiko and Siddharth Sanan to talk about what they’re building.",Y Combinator,Y Combinator
Q&A with Daniel Yanisse,"What do you believe that few people agree with you on?
I really believe that some people are 10X better than others–and not just engineers. A lot of people don’t believe there can be such a big difference.",Craig Cannon,Craig Cannon
Burrow is Casper for Designer Sofas,"Burrow is a direct-to-consumer sofa company that manufactures and sells high-quality, designer sofas for a fraction of the price of comparable retailers. We sat down with Stephen Kuhl and Kabeer Chopra to talk about how they’re changing the furniture industry.",Y Combinator,Y Combinator
How Mixpanel Created Demand,"Suhail Doshi, cofounder of Mixpanel, on creating demand by educating journalists and VCs.",Y Combinator,Y Combinator
A Guide to Employee Equity,"Joshua Reeves, CEO of Gusto (YC W12), discusses Gusto’s new guide to employee equity.",Craig Cannon,Craig Cannon
People.ai Helps Businesses Manage Their Sales Teams Through Behavioral Analytics,"People.ai tells you exactly what your sales team is up to on a day by day basis, whether they are putting their effort in the right deals, or wasting it on the wrong ones, and we let you coach the reps based on data, and not on your hunch. Metrics are gathered from sales rep’s email, calendar, conference call, phone, and Salesforce data to identify behaviors that make the biggest difference. We sat down with founder Oleg Rogynskyy to learn more.",Y Combinator,Y Combinator
Wallarm Uses Incoming Hacker Attacks to Reveal Security Flaws in Web Apps and APIs,Cyber attacks have become dismayingly common as companies run faster by deploying code every day without security audits. More than 117 million emails and passwords were leaked during the LinkedIn hack and the Ashley Madison hack exposed 37 million accounts. The list continues to grow despite the numerous security solutions on the market.,Y Combinator,Y Combinator
GoGoGrandparent Gives Older Adults Independence and Autonomy,"GoGoGrandparent is an automated hotline that lets older adults use on-demand services without a smartphone. Their first product gives older adults access to Uber and Lyft. Founders, David Lung and Justin Boogaard, sat down with us to talk about how they’re helping older adults reclaim their independence.",Y Combinator,Y Combinator
"Livement Lets You Skip Lines for Tickets, Food, and Parking at Sporting Events","Live sports in Latin America generate $5.9 billion every year, but revenue from online ticket sales constitutes only a small portion of it. Online ticket sales in Latin America makes $263.7 million per year, compared to $5.32 billion per year in the United States. That’s because only 9% of Latin American sports fans purchase their tickets online. The experience is still cludgy and inconvenient — they buy tickets from Ticketmaster and then are sent to another vendor where they have to wait in line for hours to pick up the physical tickets.",Y Combinator,Y Combinator
Product Development Cycle Fundamentals,Before Justin.tv grew into Twitch and Socialcam we spent years with a broken understanding of how to build product. We had meandering product meetings where we didn’t write down our decisions. We didn’t carefully spec new products so team members often had slightly different ideas about what we were building. We always wanted to build fully formed products instead of MVPs. And we rarely spec’d the analytics for new products so we often didn’t know how they were performing post-launch.,Michael Seibel,Michael Seibel
Practical Design: User Observation,"Design doesn’t have to be complicated, intimidating, or expensive. In an early stage startup design serves one purpose: helping you understand your users. To that end, design encompasses more than logos and layouts, it also means user observation, messaging, MVP specs, concise pitches, and more.",Dominika Blackappl,Dominika Blackappl
Selfycart Turns Your Smartphone Into a Self-Checkout Machine,"Selfycart is a self-checkout machine in an app. If you want to test it out, they’re live in the Bay Area at Rainbow Grocery and Zanotto’s. The founders Sahle Hashelit and Erick Lee talked to us about what they’re building.",Y Combinator,Y Combinator
Techmate Provides Ongoing Home Tech Support,"Techmate is building a subscription service that provides you with ongoing tech support and training at home. If you’d like to try them out (or if you need to order a subscription for your parents) they’re currently available in the Bay Area and Sacramento. The founders, Colin Barceloux and Scott Hasbrouck, sat down with us to talk about what they’re building.",Y Combinator,Y Combinator
Hacker News Highlights,Here are some of our favorite recent posts on Hacker News.,Y Combinator,Y Combinator
"Welcome Dominika, John, Domonique, Ben and Harj!",We’re excited to welcome a few new people to YC:,Sam Altman,Sam Altman
Q&A with Jack Dorsey,"Jack Dorsey, Twitter and Square CEO, sat down with us before speaking at YC’s weekly dinner.",Craig Cannon,Craig Cannon
YC's Summer Reading,,Y Combinator,Y Combinator
Rose Rocket is modern software for trucking companies that eliminates costly paperwork and data entry problems,"Rose Rocket is building software that helps trucking companies with order management and communication at every level. Co-founders Justin Hein, Alexander Luksidadi, and Justin Baile sat down with us to talk about what they’re building.",Y Combinator,Y Combinator
Startup School 2016 applications are open,"Applications for Startup School 2016 are open now, and we’re excited to see you there: http://www.startupschool.org/.",Y Combinator,Y Combinator
Employee #1: Apple,Employee #1 is a series of interviews focused on sharing the often untold stories of early employees at tech companies.,Craig Cannon,Craig Cannon
Scale is an API for human labor,"Scale is an API that lets companies outsource manual tasks. With one line of code, companies can employ a human to do on-demand tasks like data extraction, calls, or categorization. Founders, Lucy Guo and Alexandr Wang, sat down with us to tell us more about Scale.",Y Combinator,Y Combinator
A Guide to Demo Day Presentations,"In 2005 Y Combinator held its first Demo Day. Eight companies showed off their products and sold their vision to an audience of about 15 investors. Today, accelerators and incubators around the world hold their own demo days, and in 2016 over 200 YC companies will describe their startups to an audience of hundreds. Creating an effective demo day presentation has become an important part of participating in YC, not just due to the importance of Demo Day, but because the very process of fashioning the presentation is valuable. Surprisingly, it can be the first time founders achieve clarity together and come to a shared understanding of their story.1",Geoff Ralston,Geoff Ralston
Polymail brings the best email productivity tools to desktop and mobile,"Polymail is an email client that brings the best productivity tools to mobile and desktop. Features like email tracking, send later, follow up reminders, see contact profiles, and undo send are all built in. More than 100,000 people have already signed up.",Y Combinator,Y Combinator
Q&A with Ron and Topher Conway,"Ron and Topher Conway, Managing Partners at SV Angel, sat down with us before speaking at YC’s weekly dinner.",Craig Cannon,Craig Cannon
Airfordable is layaway for plane tickets,"Chris Woods started looking for flights to Hawaii during his son’s senior year of high school. His son had joined the US Army and would be deploying right after graduation, which meant the only time the whole family could take this trip together was during spring break. The problem was, it would cost the Woods family $2,475 upfront to buy the tickets. Airfordable lets Chris lock in a deal and pay on a payment plan.",Y Combinator,Y Combinator
How to Pitch Your Company,"It is much easier to talk to an investor if they understand what your company does. As a founder you’ll have to pitch your startup countless times. To be effective, your pitch has to be clear and concise.",Michael Seibel,Michael Seibel
Legalist unifies state trial court records and delivers analytics to attorneys,Legalist is building a database that lets lawyers search and analyze state court records.,Y Combinator,Y Combinator
Employee #1: Airbnb,"A conversation with Nick Grandy, Airbnb’s first employee.",Craig Cannon,Craig Cannon
Sixa gives you on-demand access to remote supercomputers,Sixa lets you access a powerful virtual computer without having to buy new hardware. It can be accessed from any device with a wifi connection.,Y Combinator,Y Combinator
Mentat helps people land their dream jobs,"Nikki Diaz had just submitted her fifteenth job application of the day. Or was it her sixteenth? She couldn’t recall. She’d been working at the British Consulate for the past two years and was ready to move on, but hadn’t had any luck with her job hunt.",Y Combinator,Y Combinator
Q&A with Aaron Levie,"What do you believe that few people agree with you on?
This may be becoming less controversial, but I think AI will create more jobs than it destroys in the medium-term (short-term it will replace jobs, and long-term, it’s impossible to predict anything!). As with any technology transition, we’re chiefly focused on the immediate areas being disrupted. In the case of AI, because it’s so polarizing, it’s even more susceptible to immediate negative reactions.",Craig Cannon,Craig Cannon
OMG Digital is BuzzFeed for Africa,"OMG Digital is creating a publication for Africa’s 250 million millennials. Their first site, OMGVoice, focuses on entertainment and lifestyle content that caters to Kenya, Ghana, and Nigeria. Since its launch 5 months ago, OMGVoice has grown its readership to 3 million unique monthly readers.",Y Combinator,Y Combinator
Employee #1: General Assembly,"A conversation with Mimi O Chun, General Assembly’s first employee.",Craig Cannon,Craig Cannon
Yoshi fuels and services your car while you’re at work,"With Yoshi, you never have to waste another second at a gas station again. Yoshi refuels your car while you’re at home or at work with high-quality, competitively priced gas.",Y Combinator,Y Combinator
The Athletic gives diehard sports fans high-quality content without the ads,"Hundreds of sports media outlets covered Stephen Curry as he made over 400 three-pointers en route to his second consecutive MVP award. You couldn’t open any social media platform without seeing a video or article about his performance. But, as amazing as Curry is, there are 49 other professional sports markets in the United States and Canada that are often overshadowed by one or two major sports at any given time.",Y Combinator,Y Combinator
EventGeek makes project management and analytics software for events,Uber NYC and InVision are two of the companies using EventGeek to plan and track their events,Y Combinator,Y Combinator
Investor Day,Below is a copy of an email I sent to investors who attend YC’s Demo Day. It discusses some of the changes we’re making and how they will impact Demo Day.,Qasar Younis,Qasar Younis
Employee #1: Reddit,Employee #1 is a series of interviews focused on sharing the often untold stories of early employees at tech companies.,Craig Cannon,Craig Cannon
Later Stage Advice for Startups,"Sam Altman, YC President, on what successful startups face 12-24 months in.",Sam Altman,Sam Altman
Suiteness makes it easy to rent suites and connected hotel rooms,"What it is Suiteness lets you book suites, penthouses, and connected rooms that aren’t listed by hotels or online travel agencies. Typically, these rooms are kept offline for guests who call in or are sold through travel agencies.",Y Combinator,Y Combinator
How to Email Early Stage Investors,"As an early stage investor I want to help startups succeed. Whether or not YC invests in the company, I still want to offer any helpful advice or introductions that I can.",Michael Seibel,Michael Seibel
Employee #1: Yahoo,Employee #1 is a series of interviews focused on sharing the often untold stories of early employees at tech companies.,Craig Cannon,Craig Cannon
"Iris Automation gives drones situational awareness, making autonomous delivery a reality",Iris Automation is building a collision avoidance system for drones. They are using 3D environmental reconstruction and machine learning to give drones the ability to detect and avoid any moving object or obstacle in their flight path.,Y Combinator,Y Combinator
The Real Product Market Fit,"I often talk to founders who believe they’ve found product/market fit when they haven’t. This is a huge problem because they start hiring people, increasing burn, and optimizing their product before they’ve actually discovered what needs to be built.",Michael Seibel,Michael Seibel
Q&A with Andrew Mason,What do you believe that few people agree with you on? It’s okay to not have an opinion about everything.,Craig Cannon,Craig Cannon
SimpleCitizen is TurboTax for immigration,"SimpleCitizen helps individuals and families navigate the complex process of applying for green cards, green card renewals, and citizenship. Filing with SimpleCitizen costs just $249 and only takes a few hours instead of months.",Y Combinator,Y Combinator
Recognizing Bad Advice,,Y Combinator,Y Combinator
Curtsy lets women borrow dresses from their neighbors,"Just two days before their Sorority Formal, William Ault watched as his date Sara Kiparizoska frantically rifled through her closet, trying to decide what to wear. She had already worn all of her own dresses and most of her roommates’ dresses as well.",Y Combinator,Y Combinator
Seerslab's lollicam makes creating fun videos super easy,"What it is lollicam is a mobile video editing app that lets you add stickers, animations, and Photoshop-like effects to your videos.",Y Combinator,Y Combinator
Q&A with Tony Xu,"What do you believe that few people agree with you on?
You can make the economics of on-demand delivery work.",Craig Cannon,Craig Cannon
New Incentives helps pregnant and at-risk Nigerian mothers deliver their babies safely,"In two years, 2,900 beneficiaries have enrolled with 1,700 enrolling in 2016 alone. The program has more than doubled in-clinic delivery rates for participants in Nigeria from 22.6% to 57.6%.",Y Combinator,Y Combinator
"Fewer, Better Things",,Y Combinator,Y Combinator
Jessica Livingston's Pretty Complete List on How Not to Fail,"Here’s Jessica’s keynote from our third annual Female Founders Conference, which brought together more than 800 women building women-led startups.",Y Combinator,Y Combinator
WorkRamp builds software to help companies train its teams,What it is WorkRamp is a business training platform that helps employees become better at their jobs.,Y Combinator,Y Combinator
Q&A with YC Partners,"Y Combinator partners Jessica Livingston, Kat Manalac, Carolynn Levy, and Kirsty Nathoo answered audience questions at our third annual Female Founders Conference, which brought together more than 800 women building women-led startups.",Y Combinator,Y Combinator
Miso offers high quality on-demand home cleaning in South Korea,What it is Miso lets customers schedule and book cleaning services through their website and mobile apps for iOS and Android.,Y Combinator,Y Combinator
"Hacker News Highlights, The Alan Kay Edition",Letters between Backus and Dijkstra,Y Combinator,Y Combinator
"Welcome Adora, Nicole, Elizabeth, Case and Robby!",We’re excited to announce a few new additions to the YC team.,Sam Altman,Sam Altman
Women Who Code helps female engineers level up in their careers,What it is Women Who Code is an international 501c3 non-profit organization that works to empower career-aged women to excel in their technology careers.,Y Combinator,Y Combinator
What to Do When Someone Copies Your Startup,,Y Combinator,Y Combinator
Moving Forward on Basic Income,We have a few updates we want to share on our Basic Income Project:,Sam Altman,Sam Altman
Sign up for Summer YC Open Office Hours,What are Open Office Hours? Learn more here.,Y Combinator,Y Combinator
"Meet Sam Altman in Krakow, Paris and London","YC’s Sam Altman will be in Krakow, Paris and London from June 3-7.",Y Combinator,Y Combinator
"Coub makes it easy to create short, looped videos.",,Y Combinator,Y Combinator
Fundraising Advice From the Female Founders Conference,"Last month, Y Combinator hosted its third annual Female Founders Conference, which brought together more than 800 women building women-led startups.",Y Combinator,Y Combinator
Mailgun's Advice on Startup Acquisitions,"In 2008, Taylor Wakefield started a startup, and brought Ev Kontsevoy on as CTO. Hindered by the financial crisis that year, that company failed — but out of it came Mailgun (YC W11). Sasha Klizhentas joined Mailgun during its early stages as a back-end engineer and scaled it from 100 users to 100,000 users. After being acquired by Rackspace, the three are now building a new company, Gravitational (S15).",Alexis Ohanian,Alexis Ohanian
Vote.org is a non-profit that wants to get the U.S. to 100% voter turnout,What it does,Y Combinator,Y Combinator
Why Docker's Pivot Worked,"In this episode of Startup School Radio, host and Y Combinator partner Kat Manalac sat down with Solomon Hykes, who is currently the founder and CTO of Docker.",Y Combinator,Y Combinator
Pluot (W16) Makes Affordable Video Conferencing Hardware That Just Works,,Y Combinator,Y Combinator
HARC,We’re excited to announce YC Research’s newest project: the Human Advancement Research Community (HARC).,Sam Altman,Sam Altman
Enterprise Sales for Hackers,"Many hackers-turned-founders understand that sales is an important and valuable skill, but shy away from doing it out of fear and uncertainty.",Ryan Junee,Ryan Junee
Meet the Batch,"We’re kicking off our Summer 2016 class in a couple weeks, and we’re trying something new.",Alexis Ohanian,Alexis Ohanian
Meet Revlo,"What it does When you’re a popular Twitch broadcaster like Monstercat, the music label that has more than 578,000 followers, it’s almost impossible to create one-to-one interactions with your fans. At any given minute there are thousands of people on your channel, all vying for your attention.",Y Combinator,Y Combinator
Creating Good Company Culture (and Sticking to It),"Last month, Y Combinator hosted its third annual Female Founders Conference, which brought together more than 800 women building women-led startups.",Y Combinator,Y Combinator
The Startup Zeitgeist,"Twice per year — once in the winter and once in the spring — thousands of men and women apply to Y Combinator. Each of these bright minds has his or her own vision of the future of technology. They pitch ideas related to Bitcoin, drones, new drugs, virtual reality, and nearly every other topic you could imagine.",Jared Friedman,Jared Friedman
Doing the Hardest Thing First,"In this episode of Startup School Radio, host and Y Combinator partner Kat Manalac first sat down with Roger Dickey, who is currently the CEO and co-founder of Gigster.",Y Combinator,Y Combinator
"Restocks (YC W16) Helps You Track and Buy the Most Coveted, Hard-To-Find Products",,Y Combinator,Y Combinator
The Snakes and Ladders Game of Startups,"Earlier this month, Y Combinator hosted its third annual Female Founders Conference, which brought together more than 800 women building women-led startups.",Y Combinator,Y Combinator
Building a Fast-Growing Startup in a Slow-Moving Industry,"It’s one of the largest and oldest industries in the world, with an annual value of an estimated $9 trillion globally. But it has remained surprisingly low-tech and difficult to navigate for many businesses.",Y Combinator,Y Combinator
Bright's Advice on Building a Startup Internationally,"Jonah Greenberger is the founder and CEO of Bright, a startup that launched out of Y Combinator’s Winter 2015 class. Bright is building and selling residential solar power products to homeowners in Mexico, far from Greenberger’s longtime home base of San Francisco.",Alexis Ohanian,Alexis Ohanian
The Creative Destruction of Building and Growing a Career,"In this episode of Startup School Radio, host Aaron Harris started by sitting down with Danielle Morrill, the co-founder and CEO of financial data platform Mattermark.",Y Combinator,Y Combinator
How Meadow Is Building a Company (and Community) Around Cannabis,"Meadow, which has been described in the press as the “Uber for cannabis,” connects consumers with doctors that provide medical marijuana prescriptions over video chat, and then connects them to a local dispensary that provides home delivery.",Alexis Ohanian,Alexis Ohanian
Turning a Best Friend into a Co-Founder,"Dear YC,",Y Combinator,Y Combinator
Hacker News Highlights,"A Hacker News user shares how to make your own safe and effective plastic tooth aligners, straightening your teeth while saving a bunch of money.",Y Combinator,Y Combinator
Y Sequoia Combination,"Today, Y Combinator announced its
intent to acquire Sequoia Capital. This deal is still pending regulatory review
and a successful pitch by Sequoia managing partner Doug Leone on YC Summer 2016
Demo Day. We’re not disclosing the financial terms, but Sequoia’s
ownership of YC-backed companies will pass to us, so I’ll just say we’re once
again the largest outside shareholders in Airbnb, Dropbox, and Stripe.",Sam Altman,Sam Altman
First Fellowship Virtual Demo Day,Congratulations to the Fellowship teams who presented at the first Fellowship Virtual Demo Day!,Y Combinator,Y Combinator
Goodybag (YC W16) Simplifies Catering for Enterprises,,Alexis Ohanian,Alexis Ohanian
OctaveWealth (YC S12) is a Full Service 401(k) for SMBs,,Alexis Ohanian,Alexis Ohanian
Justin Time,Justin Kan is going to be the new spokesman for YC and handle the PR requests we get.,Sam Altman,Sam Altman
Gecko Robotics (YC W16) Builds Robots to Automate Infrastructure Inspections,,Y Combinator,Y Combinator
"NURX (YC W16) Prescribes and Delivers Medications On-Demand, To Your Door",7×7 Magazine wrote about NURX in a story published earlier this year:,Y Combinator,Y Combinator
TRAC (YC W16) Brings Race Timing and Analytics Into the 21st Century,,Y Combinator,Y Combinator
Boom (YC W16) is Building an Affordable Supersonic Aircraft,,Alexis Ohanian,Alexis Ohanian
Perlstein Lab (YC W16) Automates Drug Discovery for Rare Diseases,,Alexis Ohanian,Alexis Ohanian
StrongIntro (YC W16) Boosts Employee Referrals for Finding and Hiring Engineers,"Recruiting is hard, especially for technical employees. Everyone in the startup world knows that.",Y Combinator,Y Combinator
Q&A with YC/Imagine K12's Geoff Ralston and Tim Brady,"Geoff Ralston and Tim Brady, YC partners and Imagine K12 founders, hosted a Twitter chat and AMA on r/entrepreneur last week to answer questions from edtech startups applying to YC. Here are the highlights below:",Y Combinator,Y Combinator
Chatfuel (YC W16) Builds Chatbots to Help Companies Engage with their Users,"Businesses and media organizations want to be where their users are. In the past, they’d often do this by building a website or an
app, but there are big problems with both of these approaches: With websites, re-engagement with users is very difficult; and there is so much friction around app
installation it’s difficult to acquire users. So today, many companies are realizing that bots on messaging
platforms are the fastest and simplest way to engage with users.",Y Combinator,Y Combinator
Secful (YC W16) Prevents API Attacks Automatically and in Real-Time,,Y Combinator,Y Combinator
Kisan Network (YC W16) is an Online Marketplace for Indian Agriculture,,Y Combinator,Y Combinator
Meter Feeder (YC W16) Replaces Parking Meters with a Mobile App,,Y Combinator,Y Combinator
mRelief (YC W16) Helps Low-Income Americans Easily Find and Access Social Services,,Y Combinator,Y Combinator
iSono Health (YC W16) is Building an Affordable At-Home Ultrasound for Breast Health Monitoring,,Alexis Ohanian,Alexis Ohanian
Soundboks (YC W16) is Making the World’s Loudest Battery-Powered Speaker,"Soundboks is a company in our Winter 2016 class that has created the first
and only portable speaker capable of throwing a real party. It is shockproof, weatherproof, and temperature resistant.",Alexis Ohanian,Alexis Ohanian
Open Motors (YC W16) Lets You Create Custom Electric Vehicles,,Alexis Ohanian,Alexis Ohanian
PhysioHealth (YC W16) Rewards Employees for Staying Healthy,,Alexis Ohanian,Alexis Ohanian
Castle (YC W16) Analyzes User Data to Stop Hackers,,Y Combinator,Y Combinator
Airmada (YC W16) Helps Companies Make the Most Out of Automated Drones,,Y Combinator,Y Combinator
CareSkore (YC W16) Helps Healthcare Organizations Assess Risk to Deliver Better Patient Care,"Hospitals and healthcare providers are held accountable for the quality of care they provide by the Affordable Care Act. They are penalized for re-admissions, over-utilizations of services, and hospital acquired conditions like pneumonia or surgical site infections. If a patient is readmitted within 30-days after being discharged, hospitals risk having their reimbursement reduced or nullified. Healthcare organizations waste over $180 billion every year due to a poor understanding of their patients’ clinical risks. This risk profiling is typically done by insurance companies, who are often slow and have poor results because they only use claims data.",Alexis Ohanian,Alexis Ohanian
WorldCover (YC W16) is Peer-to-Peer Funded Crop Insurance in the Developing World,,Y Combinator,Y Combinator
GetAccept (YC W16) Helps Salespeople Close More Deals,"GetAccept is a company launching out of our Winter 2016 class that helps salespeople take full advantage of their sales opportunities and close more deals cleanly and quickly, with a workflow that helps them design, track and market sales documents through to the point that they’re e-signed on the dotted line.",Y Combinator,Y Combinator
StealthWorker (YC W16) is a Marketplace for Talented Cybersecurity Specialists,"The rising trend of hacking has resulted in damaged brands, fraud, and theft of personal identifiable information (PII). The need for cybersecurity professionals has drastically increased, with over a million cybersecurity jobs still unfilled. Unfortunately, there are not enough qualified people (CISSPs) to meet that demand. Therefore, finding and hiring qualified experts can be time-consuming and costly.",Alexis Ohanian,Alexis Ohanian
Sharethebus (YC W16) Makes It Incredibly Easy to Organize a Charter Bus Trip,,Y Combinator,Y Combinator
PaveAI (YC W16) Takes the Technical Work Out of Google Analytics,,Alexis Ohanian,Alexis Ohanian
DeepGram (YC W16) is Building a Google for Audio,,Y Combinator,Y Combinator
Outschool (YC W16) Helps Parents Find and Book Great Classes and Field Trips,,Y Combinator,Y Combinator
Hingeto (YC W16) Lets Fashion Brands Gauge the Clothes Customers Will Want to Buy,,Y Combinator,Y Combinator
Gigwell (YC W16) Offers an End-to-End Solution for Booking Professional Talent,Live music events have grown in popularity but the tools for artists and musicians have not caught up. Gigwell is a company launching out of our Winter 2016 class that streamlines the entire event management process.,Alexis Ohanian,Alexis Ohanian
Toymail (YC W16) Lets Kids Exchange Voice Messages With Friends and Family,"Parents worry that giving their children a smartphone too early will contribute to attention problems and possibly expose them to inappropriate content. At the same time, parents also want their kids to stay connected to friends and family for social and security reasons.",Alexis Ohanian,Alexis Ohanian
DoseDr (YC W16) Helps People with Diabetes Control Their Treatment in Real Time,,Y Combinator,Y Combinator
Tovala (YC W16) Helps You Cook Perfect Meals With Its Countertop Smart Oven,"Whether you’re constantly busy, on the go, or just don’t feel like cooking, eating healthy can become a hassle. Takeout doesn’t give you any control over ingredients or portion sizes, and meal delivery plans can be unexpectedly time consuming in preparation and cleanup.",Alexis Ohanian,Alexis Ohanian
Cover (YC W16) Helps You Insure Anything With the Snap of a Photo,,Y Combinator,Y Combinator
Halolife (YC W16) Brings Transparency and Ease to the Process of Planning a Funeral,,Y Combinator,Y Combinator
Protonet (YC W16) Runs All Your Collaboration Tools From a Small Orange Box,,Alexis Ohanian,Alexis Ohanian
Georgette Packaging (YC W16) Makes Custom Branded Boxes and Cups for Cafes and Bakeries,,Y Combinator,Y Combinator
Welcome x 11,"We have a lot of new additions to the
team to announce.",Sam Altman,Sam Altman
Cutting to the Chase While Cold Calling,"In this episode of Startup School Radio, cohosts Aaron Harris and Kat Manalac started by sitting down with Aaron King.",Y Combinator,Y Combinator
Five Ways Non-Profits Can Think Like Startups,"It’s been three years since Y Combinator backed its very first nonprofit, medical treatment funding platform Watsi.",Y Combinator,Y Combinator
Prompt (YC W16) Lets You Interact With Apps and Services With a Simple Text or Slack Message,"Prompt is a company launching out of our Winter 2016 class that serves as a “command line for the real world,” by letting you interact with all kinds of apps and make purchases through simply sending an SMS, Slack message, or through the web. It lets you access the best parts of your favorite apps quicker and easier than ever.",Y Combinator,Y Combinator
Konsus (YC W16) is an On-Demand Platform for Highly-Skilled Freelance Workers,,Y Combinator,Y Combinator
Drive Motors (YC W16) Lets You Buy a New Car Completely Online,,Y Combinator,Y Combinator
UpLabs (YC W16) Brings Designers and Developers Together in one UI Tools Marketplace,The highest quality products are often made when designers and developers work together closely. But the existing communities that these groups use to access site- and app-building tools are often segregated from each other.,Y Combinator,Y Combinator
Thunkable (YC W16) Makes it Super Simple for Anyone to Build a Mobile App,,Y Combinator,Y Combinator
"Nova (YC W16) Helps Salespeople Send Highly Personalized Emails, at Scale",,Y Combinator,Y Combinator
flexReceipts (YC W16) Helps Retailers Re-engage with Customers After a Sale,,Y Combinator,Y Combinator
"Hykso (YC W16) Brings Tech and Data to Kickboxing, Boxing, and MMA Training",,Y Combinator,Y Combinator
Elucify (YC W16) Is an AI-Powered Plugin That Keeps Sales Contact Lists up to Date,"Over the course of one year, 30 percent of a company’s contact
data becomes invalid due to people changing jobs and leaving positions. The cleaning, sourcing, and researching of accurate data tends to fall to the company’s salespeople, who spend over two-thirds of their days trying to find
accurate information about prospects.",Y Combinator,Y Combinator
Castle (YC W16) is a Tech-Powered Rental Property Management Company,,Y Combinator,Y Combinator
Enflux (YC W16) Makes Workout Clothes that Double as a Personal Trainer,Hiring a personal trainer to monitor every move of your workout for safety and effectiveness is something so expensive that it’s out of reach for most of us. Enflux is a company launching out of our Winter 2016 class that wants to be the always-available personal trainer for everyone.,Y Combinator,Y Combinator
"Compgun (YC W16) Makes Sales Commissions Clear, Simple, and Effective","In the enterprise software space, commissions pretty much make the world go ’round: In the United States alone, B2B companies spend some $800 billion on sales incentives annually. That’s roughly three
times what they spend on marketing.",Y Combinator,Y Combinator
Why Weebly's Founders Took Vacation Even in the Early Years,"In this episode of Startup School Radio, co-hosts Aaron Harris and Kat Manalac sat down with David Rusenko.",Y Combinator,Y Combinator
Birdly (YC W16) Lets You Use Slack to Easily Access Data From Other Enterprise Apps,,Y Combinator,Y Combinator
Pulpix (YC W16) Boosts Traffic and Engagement for Online Video Publishers,,Y Combinator,Y Combinator
REVL (YC W16) is Making the World's First Stabilized Action Camera,,Y Combinator,Y Combinator
Wakie (YC W16) Connects Like-Minded Strangers to Share Advice and Experience,,Y Combinator,Y Combinator
Oklo's Jacob DeWitte on Building a Nuclear Reactor People Want,"Oklo is developing a new kind of nuclear reactor that’s small, portable, and waste- and carbon-negative. It’s an extremely exciting prospect for a startup — and it’s certainly not the type of pitch you hear every day.",Y Combinator,Y Combinator
The Delicate Balance of B2B Sales,"In this episode of Startup School Radio, host Aaron Harris started by sitting down with Brian Trautschold, the co-founder of sales software company Ambition, which launched out of YC’s Winter 2014 class.",Y Combinator,Y Combinator
Maintaining Success for the Long Term,"This week, Michael Moritz was the guest speaker at YC.",Sam Altman,Sam Altman
Bonsai (YC W16) Helps Freelancers Get Paid On-Time,,Y Combinator,Y Combinator
STILT (YC W16) Helps Expats in the U.S. Get Low-Interest Loans,"Around 4.5 million expats from all over the world are in U.S. on long term visas. About a million of these are
students who spend $30 billion on
education in the U.S. every year — and may need student loans.",Y Combinator,Y Combinator
The Fellowship + Stripe Atlas,"Great startups can come from anywhere in the world. One of the Fellowship’s goals is to make it as easy as possible for founders to start companies with strong foundations, no matter where they’re located. It’s one of the reasons why we’re designing a program that founders can participate in without having to move to Silicon Valley.",Kevin Hale,Kevin Hale
"YC at Yale, Princeton, UChicago and Northwestern","2/26 Yale> 4pm, Sheffield-Sterling-Strathcona Auditorium (SSS Rm 114) – 1 Prospect Street New Haven, CT 06511 > More info",Y Combinator,Y Combinator
The Art of Shipping Early and Often,"“Several distinct problems manifest themselves as delays in launching: working too slowly; not truly understanding the problem; fear of having to deal with users; fear of being judged; working on too many different things; excessive perfectionism. Fortunately you can combat all of them by the simple expedient of forcing yourself to launch something fairly quickly.” —-Paul Graham, The 18 Mistakes that Kill Startups",David Mack,David Mack
Fundraising Advice for YC Companies,"We’ve modified our fundraising strategy advice to YC founders.  In the interest of everyone having the same information, here is the email I sent to the current batch this morning.",Sam Altman,Sam Altman
"VINEBOX (YC W16) Lets You Try New Premium Wines, by the Glass",,Y Combinator,Y Combinator
Gravitational (S15) Helps Companies Run and Maintain Cloud Apps on Their Private Infrastructure,Most software vendors put their software on a virtual machine and send it to their customers. That means that the customers are on the hook to hire system integrators and other IT personnel to keep that software running — making the entire process of installing and maintaining enterprise software difficult and often expensive.,Y Combinator,Y Combinator
Startup Advice I’ve Given On Snapchat,"In a way, Snapchat Stories is the platform we always wanted to create when we founded Justin.tv back in 2007.",Justin Kan,Justin Kan
Why YC?,People often ask us what happens at YC and what benefits you get as a YC founder. Here is a list of the resources available to YC founders.,Y Combinator,Y Combinator
Paul Graham on Doing Things Right by Accident,"In this episode of the Startup School Radio podcast, co-hosts Aaron Harris and Kat Manalac sat down with Paul Graham.",Y Combinator,Y Combinator
Why Front Moved Its Team From Europe to the U.S.,"Even for just one individual, the prospect of making an international move can be daunting.",Y Combinator,Y Combinator
YC in Atlanta - 2/24-2/26,"Wed, Feb 24: Coffee with YC at Tech Square Labs> 11am-12pm, 859 Spring Street Northwest Atlanta, GA 30308 > More info",Y Combinator,Y Combinator
Yardbook (YC W16) Brings Software to the $30 Billion Landscaping Industry,,Y Combinator,Y Combinator
Acre Designs (YC W16) Makes It Simple to Build a Zero-Energy Smarthome,,Y Combinator,Y Combinator
Sendbird (YC W16) Adds Real-Time Messaging to Any App in Minutes,,Y Combinator,Y Combinator
How Glowforge Made Crowdfunding History,"When I think about what is likely to break future crowdfunding records, I think of products with mass-market consumer appeal: Smartwatches, cocktail coolers, revivals of popular 80’s TV shows.",Alexis Ohanian,Alexis Ohanian
A Letter to College Students,"I often talk to people who want to start startups in their late 20s and 30s, but can’t.",Michael Seibel,Michael Seibel
IK12 + YC,"We are excited to announce that Imagine K12, the original edtech accelerator, is joining Y Combinator to form an edtech vertical within YC.",Geoff Ralston,Geoff Ralston
LendEDU (W16) Makes It Easy to Refinance Student Loans,,Y Combinator,Y Combinator
Y Combinator's Female Founders Conference,"Y Combinator is delighted to announce the third annual Female Founders Conference, on Monday, April 4 in San Francisco. One of the best parts of the FFC is hearing the candid advice and lessons the speakers share. Many attendees have said that hearing stories from other women in the trenches have inspired them to take the leap, or motivated them to keep going.",Jessica Livingston,Jessica Livingston
Finding a Co-founder in College,"Dear YC,",Y Combinator,Y Combinator
The Wild West of Building a Hardware Brand,"In this episode of Startup School Radio, host Aaron Harris started by sitting down with Luke Iseman, who specializes in advising hardware startups at Y Combinator.",Y Combinator,Y Combinator
Truebill (W16) Keeps Track of All Your Subscription Payments in One Place,,Y Combinator,Y Combinator
Petcube (W16) Lets You Play With Your Pets While Away from Home,,Y Combinator,Y Combinator
Instabug (W16) Helps App Developers Find and Fix Bugs,"With thousands of apps being released every single day, the
competition to stand out and receive 5 star reviews is tougher than ever. And nothing hurts an app’s review rating more than unsolved bugs at launch.",Y Combinator,Y Combinator
OpenTrons (W16) Does Lab Grunt Work so Scientists Can Focus on Bigger Things,,Y Combinator,Y Combinator
$250k of DigitalOcean credits for YC startups,"We’re excited to announce that DigitalOcean will be giving $250,000 in cloud hosting credits to YC’s W16 batch and alumni.",Y Combinator,Y Combinator
Hacker News Highlights,NASA veteran Paul Lutus comments in a thread about the Challenger Space Shuttle disaster with his own story of forcing a safety improvement to the space shuttle.,Y Combinator,Y Combinator
"Poppy (W16) Provides Trusted Childcare, On-Demand",,Y Combinator,Y Combinator
Shypmate (W16) Brings the Sharing Economy to International Shipping,,Y Combinator,Y Combinator
NetBeez (W16) Detects Network Problems Before They Affect End-Users,"All too often, web companies only find out that they are suffering from a network slowdown or outage when they’re notified about it by users. By the time this has happened and their engineers can address the issue, they’ve already lost precious time, money, and possibly customer good will.",Y Combinator,Y Combinator
Tips on Formation and Fundraising,This hour-long episode of the Startup School Radio podcast is focused entirely on the basics of company formation and fundraising.,Y Combinator,Y Combinator
Basic Income,We’re going to try something new—our first Request For Research.,Sam Altman,Sam Altman
Applications for YC S16 and Fellowship Are Now Open,Applications for YC Summer 2016 batch and YC Fellowship programs are now open.,Alexis Ohanian,Alexis Ohanian
"Hardware, Less Hard",How can hardware startups compete in the software-centric startup world?,Alexis Ohanian,Alexis Ohanian
L.'s Talia Frenkel on Turning a Concept Into a Company,"The founder of all-natural personal care products company L. on turning an idea into reality, learning the ropes of manufacturing, and creating a company that does good.",Y Combinator,Y Combinator
Fellowship V2,"Last fall, YC ran an 8 week experiment called The Fellowship to fund and work with startups at the idea or prototype stage. The goal was to see if we could create a program that could help more early-stage startups at scale. The experiment went well and I have a few annoucements about its future.",Kevin Hale,Kevin Hale
The Wizard of Oz Approach,"Dear YC,",Y Combinator,Y Combinator
MagicBus (W16) Makes the City-to-City Commute Easy and Productive,,Y Combinator,Y Combinator
Getting Into Y Combinator,"A new trend in Y Combinator applications is that an increasing number of applicants have already been through some sort of accelerator or “pre-accelerator” program.  As we’ve dug into this trend, we’ve found that many of the applicants did these programs not because they needed the money or advice but because they thought it might help them get into YC (and specifically that some programs market themselves as a “way to get into Y Combinator).",Sam Altman,Sam Altman
How SketchDeck Went Back to Basics on Growth,"In this episode of startup school radio, host Aaron Harris first sat down with Chris Finneral.",Y Combinator,Y Combinator
Monthly HN Office Hours,I spent a day reviewing Show HN projects and Sam and I did online office office hours for an afternoon. You can see the results of those experiments here:,Kevin Hale,Kevin Hale
Lumoid's Aarthi Ramamurthy on Tackling Founder Self-Doubt,"The founder of gadget rent-to-buy platform Lumoid on the best solution for founder self-doubt, letting data surprise you, and seeing challenges as the new normal.",Y Combinator,Y Combinator
On Innovating in Email,"Two years ago, I started working on Front, a multiplayer version of Gmail.",Mathilde Collin,Mathilde Collin
Motivating Employees Without Fear,"Dear YC,",Kevin Hale,Kevin Hale
The Counter-Intuitive Pricing of Enterprise Sales,"In this episode of startup school radio, host Aaron Harris sat down with Yuri Sagalov.",Y Combinator,Y Combinator
Winter 2016 College Tour,Join YC partners and alumni at colleges around the country. Hear their stories and find out what it’s really like to start a startup.,Y Combinator,Y Combinator
YC Updates and Additions,"Y Combinator
now has 5 major groups—YC Fellowship, YC Core, YC Continuity, YC Research, and
Hacker News—and we’re putting one person in charge of each group.",Sam Altman,Sam Altman
How Unbabel's Five-Person Founding Team Sticks Together,"In this episode of Startup School Radio, host and YC partner Aaron Harris sat down with Sofia Pessanha and Vasco Pedro.",Y Combinator,Y Combinator
A Guide to Seed Fundraising,Why Raise Money – When to Raise Money – How Much to Raise? – Financing Options – Convertible Debt – Safe – Equity – Valuation – Investors,Geoff Ralston,Geoff Ralston
A Guide to Seed Fundraising,,Geoff Ralston,Geoff Ralston
Hacker News Highlights,Here’s a roundup of some of our favorite recent moments on Hacker News.,Alexis Ohanian,Alexis Ohanian
Gusto's Joshua Reeves on Startup Success That Feels Right,"The co-founder of Gusto on the founder mindset, when startup success doesn’t feel right, and the importance of taking time away from work.",Y Combinator,Y Combinator
YC's 2015 Reading List,The end of the year is a great time to catch up on reading.,Y Combinator,Y Combinator
Holiday Gift Ideas from Y Combinator,We’ve just launched YCGiftIdeas.com— a collection of clever and unique gift ideas from 60 Y Combinator startups.,Jessica Livingston,Jessica Livingston
The McDonald's Quotient,"I could tell he didn’t get it. Despite his polite smiles and nods, despite my frequently-rehearsed and carefully-refined explanations of what my company did and why it was so great, I could tell that this prospective investor just didn’t really “get it.”",Rob Hunter,Rob Hunter
AnyPerk's Taro Fukuyama on Finding an Idea That Works,"In this episode of Startup School Radio, host and YC partner Aaron Harris sat down with Taro Fukuyama, the co-founder of AnyPerk.",Y Combinator,Y Combinator
YC Digest: December 5-11,"Top Stories from the YC World — December 5th to 11th, 2015",Y Combinator,Y Combinator
Function of Beauty (W16) Creates Personalized and Precise Haircare Formulas,,Alexis Ohanian,Alexis Ohanian
OpenAI,The first group affiliated with YC Research is OpenAI. You can read more about it here.,Y Combinator,Y Combinator
Comprehend's Rick Morrison on the Importance of Asking Questions,"In this episode of Startup School Radio, host and YC partner Aaron Harris sat down with Rick Morrison, the CEO and co-founder of Comprehend.",Y Combinator,Y Combinator
YC Open Office Hours,We learned three things:,Y Combinator,Y Combinator
Triplebyte's Harj Taggar on the Second-Time Founder Syndrome,"In this episode of Startup School Radio, host and YC partner Aaron Harris sat down with Harj Taggar.",Y Combinator,Y Combinator
How Lugg Got Its On-Demand Moving App off the Ground,"The co-founders of Lugg on hustling for their first users, learning by doing, and the adrenaline rush of solving people’s pain points.",Y Combinator,Y Combinator
Late Applications,"Not many people know this, but Y Combinator accepts late applications.",Alexis Ohanian,Alexis Ohanian
Hacker News Highlights,Here’s a roundup of some of our favorite recent moments on Hacker News.,Y Combinator,Y Combinator
How to Split Equity Among Co-Founders,Founders often ask how they should split equity with their co-founders.,Michael Seibel,Michael Seibel
Sam Altman on Founders and the Fear of Rejection,"In this episode of Startup School Radio, host and YC partner Aaron Harris sat down with Sam Altman.",Y Combinator,Y Combinator
Founder Stories: Detroit Water Project’s Tiffani Ashley Bell,"The co-founder of the Detroit Water Project on creating a non-profit from scratch, coping with government bureaucracy, and how hearing a family’s toilet flush can make it all worthwhile.",Y Combinator,Y Combinator
YC Digest: November 21-27,"Top Stories from the YC World — November 21st to 27th, 2015",Y Combinator,Y Combinator
Jessica Livingston on the Accidental Origin of Y Combinator,"In this episode of Startup School Radio, host and YC partner Aaron Harris sat down with Jessica Livingston.",Y Combinator,Y Combinator
The Macro,"We’re excited to announce the launch of The Macro, a new publication that will feature essays, interviews, research,
 and opinions from Y Combinator and the wider startup community.",Alexis Ohanian,Alexis Ohanian
How Scientists Can Thrive in the Startup World,"When Dave Messina entered a graduate program for genomics in 1998, he was elated. He was taking the first steps of what could be a career at a top-tier university, working on scientific research that could impact millions of lives.",Alexis Ohanian,Alexis Ohanian
Founder Stories: Gobble's Ooshma Garg,"The CEO of dinner kit delivery service Gobble on her four-year-long road to product/market fit, the dark days of being a founder, and protecting the company from copycats",Y Combinator,Y Combinator
Hacker News Highlights,"CROBOTS, open sources his work and posts it to Hacker News.  Commenters discuss being the second- or third-born child while living under China’s now rescinded one-child policy.    A thought-provoking thread about homelessness. The co-creator of Disney Research’s ‘Boundary Forest’ algorithm weighs in on a machine learning thread.    We’re going to try and do this as a regular feature here on The Macro. We’d also love for you to help. If you experience a thoughtful, surprising or delightful moment on HN, submit your suggestions to us for future HN Highlights via macro@ycombinator.com.",Y Combinator,Y Combinator
Hacker News Highlights,Here’s a roundup of some of our favorite recent moments on Hacker News.,Y Combinator,Y Combinator
Color Genomics’ Founder Elad Gil on Hiring for Hard Problems,"In the most recent episode of Startup School Radio, host and YC partner Aaron Harris sat down with Elad Gil. Gil is an investor, entrepreneur, and veteran of Google and Twitter who is now the founder of Color Genomics, the startup that’s building a platform to deliver affordable genetic testing to screen for the risk of diseases such as breast cancer. You can listen to the entire episode in Soundcloud right here, or in iTunes here.",Y Combinator,Y Combinator
Color Genomics’ Founder Elad Gil on Hiring for Hard Problems,"In the most recent episode of Startup School Radio, host and YC partner Aaron Harris sat down with Elad Gil.",Y Combinator,Y Combinator
Tips for YC Interviews,We are in the midst of YC interviews right now and I had a few bits of advice for interviewees that I thought I’d publish while they are still top of mind (in no particular order):,Jessica Livingston,Jessica Livingston
How to Design a Better Pitch Deck,The following is an adaption of a presentation I give to YC startups before we have them create their presentation slide decks for Demo Day.,Kevin Hale,Kevin Hale
YC Digest: November 7-13,"Top Stories from the YC World — November 7 to November 13, 2015",Y Combinator,Y Combinator
YC Digest: October 31-November 6,"Top Stories from the YC World — October 31 to November 6, 2015",Y Combinator,Y Combinator
Startup Playbook,We thought it might help us scale Y Combinator if we could distill the most generalizable parts of this advice into a sort of playbook we could give our companies.,Sam Altman,Sam Altman
YC Digest - October 24-30,"Top Stories from the YC World October 24 through October 30, 2015",Y Combinator,Y Combinator
Y Combinator is hiring hackers,"Y Combinator has a small team that makes the software that runs YC. Hardly any investors write software, but YC was started by hackers so it’s natural for us to solve our problems that way.",Alexis Ohanian,Alexis Ohanian
Startup School Radio: 42Floors' Jason Freedman on How Startups Are Born Out of Problems,"In Episode 19 of Startup School Radio,
 a podcast that features stories and practical advice about starting,
funding, and scaling companies, our host Aaron Harris first sat down with Tyler Bosmeny, who talked about his experience going from the Harvard math department to co-founding education-oriented API platform Clever (YC S12). In the second half of the episode, Aaron interviewed Jason Freedman, who has co-founded two Y Combinator-backed companies: Flightcaster, which launched out of YC’s Summer 2009 class, and 42Floors, which launched out of YC’s Winter 2012 class.",Y Combinator,Y Combinator
YC Digest - October 10-16,YC News,Y Combinator,Y Combinator
Q&A with YC Continuity's Ali Rowghani,"Today we announced Continuity, a new venture capital fund run by Y Combinator. You can read our blog post here, and coverage from the Wall Street Journal here.",Y Combinator,Y Combinator
YC Continuity,"YC will fund its 1,000th company this year, and many of these companies are now scaling their organizations, revenue, and operations.  Though years removed from our program, these founders continue to come to YC for advice and support, and we would like to do more to help them.",Sam Altman,Sam Altman
Y Combinator at Make School - 10/24,"To cap off our Fall 2015 College Tour, YC will be making one last stop at Make School in San Francisco on October 24 at 2pm.",Y Combinator,Y Combinator
YC Office Hours at Money20/20 - 10/27,Sign up here.,Y Combinator,Y Combinator
UI/UX for Startups Livestreamed on Platzi - 10/12,"Y Combinator’s Kevin Hale will be hosting a talk at Stanford about UI/UX for Startups this Monday, Oct 12 at 5pm PT. Find out more here.",Y Combinator,Y Combinator
YC Digest - October 3-9,"Top Stories from the YC World — October 3 to October 9, 2015",Y Combinator,Y Combinator
Welcome Jared!,"I’m delighted to share that Jared Friedman is joining YC as a full-time partner.  Jared co-founded Scribd, the world’s online library, which was funded by Y Combinator in 2006.  He was the CTO there.  Jared has also been an investor in more than 30 YC companies.  Before Scribd, he studied computer science at Harvard.",Sam Altman,Sam Altman
YC Research,Updated on 6/5/20,Sam Altman,Sam Altman
Apply,"At YC, we have a healthy problem. It’s cool to start a startup lately, and YC is an increasingly  popular place to do so. But this kind of popularity can be a double-edged sword: In the last month, I’ve spoken to more than 50 high-quality founders who would make strong candidates for our upcoming class but feel intimidated out of applying to YC.",Alexis Ohanian,Alexis Ohanian
YC Digest - September 25-October 2,"Top Stories from the YC World – September 25 to October 2, 2015",Y Combinator,Y Combinator
Two HN Announcements,"The HN community feels like it owns HN, and we like it that way. HN has become an important institution in the tech community, and though it was initially developed for YC founders it’s clearly evolved into much more than that.",Sam Altman,Sam Altman
YC Digest - September 18-24,"Top Stories from the YC World – September 18-24, 2015",Y Combinator,Y Combinator
On the Shred Video Lawsuit,"Once it wasn’t uncommon for large tech companies to bully smaller companies into submission or death. Microsoft was an infamous offender, but they certainly were not alone. One of the most insidious tactics was to file a lawsuit claiming an intellectual property violation of some sort. At times there were actual infractions, but often these were “empty lawsuits”  used as a hammer tactic to smash under-resourced companies.",Geoff Ralston,Geoff Ralston
Startup School Radio: YC's Michael Seibel on the Toughness of International Founders,"In the latest episode of YC’s Startup School Radio,
 a podcast that features stories and practical advice about starting,
funding, and scaling companies, our host Aaron Harris first sat down with his fellow YC partner Michael Seibel, who talked about his experiences co-founding Justin.tv/Twitch and Socialcam, and his work traveling around the world meeting startup founders. In the second half of the episode he interviewed Wade Foster, the co-founder of app integration platform Zapier, which launched out of YC’s summer 2012 class.",Alexis Ohanian,Alexis Ohanian
"Welcome Anne, Ben, and Joe!","Note: Anne, Ben and Joe are no longer part-time partners.",Sam Altman,Sam Altman
YC Fall 2015 College Tour,,Y Combinator,Y Combinator
New Story Charity (YC S15) Rings the NASDAQ Opening Bell,,Alexis Ohanian,Alexis Ohanian
YC Open Office Hours for Black and Hispanic Founders,"As a result, we’re piloting a program called “Open Office Hours”. We are reaching out to underrepresented communities in the startup world and giving them direct access to YC.  They can ask us questions, get advice, and grow their network.",Michael Seibel,Michael Seibel
Echo Locker (YC S13) Acquired by Microsoft,"Echo Locker, the startup that makes a popular app for personalizing the lockscreen on Android devices, has been acquired by Microsoft. Echo Locker launched out of YC in our Summer 2013 class as Prim, and later turned its focus to the Echo product in July 2014.",Alexis Ohanian,Alexis Ohanian
YC at Hack the North,,Y Combinator,Y Combinator
YC Digest - September 4-September 10,"Top Stories from the YC World – September 4-September 10, 2015",Y Combinator,Y Combinator
Startup School Radio: Pigeonly's Frederick Hutson On The Importance Of Early Believers,"In the latest episode of YC’s Startup School Radio, podcast that features stories and practical advice about starting, funding, and scaling companies, our host Aaron Harris first sat down with his fellow YC partner Qasar Younis. In addition to being YC’s newly-appointed COO, Qasar has also founded several companies, including TalkBin, the Winter 2011 alum that went on to be acquired by Google.",Alexis Ohanian,Alexis Ohanian
YC Digest August 28 - September 3,"Top Stories from the YC World – August 28-September 3, 2015",Alexis Ohanian,Alexis Ohanian
Startup School Radio: YC's Geoff Ralston On Learning As You Go,"In Episode 9 of YC’s Startup School Radio, our host Aaron
Harris first sat down
with YC partner Geoff Ralston to talk about his keen interest in funding education startups both at YC and through the Imagine K12 accelerator he founded. In the second portion of the
episode, Aaron talked to David Bladow,  the co-founder and
CEO of BloomThat, the YC S13 company that’s been dubbed the “Uber for flowers,” delivering organic floral arrangements within 90 minutes.",Alexis Ohanian,Alexis Ohanian
YC Startup School Radio: Bellabeat's Urska Srsen On Not Overthinking It At The Beginning,,Alexis Ohanian,Alexis Ohanian
Startup School Radio: Bannerman CEO Johnny Chin On Getting Into The Minds Of Your Users,"In Episode 7 of YC’s Startup School Radio, our host Aaron Harris first sat down
with Kevin Hale, the YC partner and co-founder of Wufoo (W06), the online form building platform that was acquired by SurveyMonkey in 2011. In the second half, he talked to Johnny Chin, the co-founder and CEO of Bannerman, the company that provides on-demand security staff and bouncers.",Alexis Ohanian,Alexis Ohanian
Applications For YC W16 Are Now Open,"We are now accepting applications for the Winter 2016 batch, which will take place from January through March 2016 in Mountain View, CA. You can apply as a startup or as a non-profit.",Alexis Ohanian,Alexis Ohanian
YC Digest - August 21-August 27,"Top Stories from the YC World – August 21-August 27, 2015",Y Combinator,Y Combinator
"Lugg (YC S15) Is Like Uber But For Moving Stuff, Not People, Around Town","Lugg is a company that launched this month out of our Summer 2015 class that wants to take away that pain, with an on-demand platform for easily moving larger items, such as furniture, around town. As Drew Prindle at Digital Trends wrote, it’s like Uber, but for moving stuff.",Alexis Ohanian,Alexis Ohanian
YC Startup School Radio: Thumbtack's Marco Zappacosta On The Always-Changing Job Of A CEO,"In the sixth episode of YC’s Startup School Radio, YC partner Aaron Harris sat down
with Marco Zappacosta, the co-founder and CEO of services marketplace Thumbtack, and Sanjay Dastoor,  the co-founder and CEO of electric skateboard company and YC W12 alum Boosted Boards.",Alexis Ohanian,Alexis Ohanian
"BlackRock, The World's Largest Asset Management Firm, Acquires FutureAdvisor (YC S10)",,Alexis Ohanian,Alexis Ohanian
YC stats,"We get asked (a lot) for statistics on the YC portfolio about valuation and fundraising.  Although these are very imperfect indicators of success, here they are.",Sam Altman,Sam Altman
A new role for Qasar,"I’m delighted to announce that Qasar Younis will be YC’s first COO. Qasar will help scale our organization and operations as we tackle bigger and more ambitious projects–we’ve grown quite a bit in the past few years and now have a lot to do on the operations side. Along with his new responsibilities as COO, Qasar will primarily continue to invest in and advise companies.",Sam Altman,Sam Altman
"Circle Medical (YC S15) Sends A Primary Care Doctor To You At Home Or At Work, On Demand","Circle Medical is a company that’s launched out of our Summer 2015 class that wants to make it easy for patients to get the routine primary care they need in a way that fits in with their lives. A patient simply downloads the Circle Medical app, scans their insurance card, picks a doctor
 and books an appointment the doctor to visit them at home or at
work.",Alexis Ohanian,Alexis Ohanian
jEugene (YC S15) Automatically Combs Through Legal Documents And Finds Mistakes,"When it comes to legal documents, you can never be too careful — any small mistake or oversight could result in hefty costs. And at the moment, numerous legal documents involving hundreds of billions of dollars are created each year and subjected to only human review.",Alexis Ohanian,Alexis Ohanian
YC Startup School Radio: Shoptiques CEO Olga Vidisheva On The Challenge Of Hiring Great People,"In Episode 5 of YC Startup School Radio, our host Aaron Harris sat down with David Tisch and Alan Tisch, the co-founders of mobile shopping app Spring, and Olga Vidisheva, the founder and CEO of e-commerce platform and YC W12 alum Shoptiques.",Alexis Ohanian,Alexis Ohanian
"Nebia (YC S15) Promises The Best Shower You'll Ever Take, While Using 70% Less Water",,Alexis Ohanian,Alexis Ohanian
YC Digest - 8/14-8/20,"Top Stories from the YC World – August 14-August 20, 2015",Y Combinator,Y Combinator
Congratulations To The YC Summer 2015 Class,,Alexis Ohanian,Alexis Ohanian
TetraScience (YC S15) Sends Data From Scientific Instruments Directly To The Web,"TetraScience is a company in our current Summer 2015 class that’s shifting that entire process to the cloud, by connecting scientific instruments directly to the web. TetraScience has developed a system that uses both hardware and software that allows researchers to remotely monitor and control their instruments, and automatically logs their data in the cloud.",Alexis Ohanian,Alexis Ohanian
The Ticket Fairy (YC S15) Helps Event Organizers Fill More Seats,TechCrunch’s Josh Constine wrote about the Ticket Fairy in a story published today:,Alexis Ohanian,Alexis Ohanian
Xendit (YC S15) Is Bringing Peer-To-Peer Mobile Money Transfers To Indonesia,"In Indonesia, 25 percent of the population currently has a smartphone, and smartphone penetration is growing by 20 percent year-over-year. But 80 percent of the population remains unbanked.",Alexis Ohanian,Alexis Ohanian
Instawork (YC S15) Is The LinkedIn For Recruiting And Hiring At Small Businesses,"Sites such as LinkedIn have captured a big part of the hiring and recruiting market for
higher-end white collar jobs. But these platforms have largely missed the majority of Americans who work hourly or
part-time positions. Often, small businesses find new candidates through word of mouth, or by hanging a help wanted sign in the window.",Alexis Ohanian,Alexis Ohanian
Drip Capital (YC S15) Lends Small Businesses The Money They Need To Grow,"Historically, small business lending has been dominated by local community
banks, who often have a long and tedious process for approving loans with less than favorable terms to the business owner.",Alexis Ohanian,Alexis Ohanian
Auro Robotics (YC S15) Makes Autonomous Shuttles For Getting Around On Campus,,Alexis Ohanian,Alexis Ohanian
appCanary (YC S15) Makes Sure Your Company Is Safe From Security Vulnerabilities,,Alexis Ohanian,Alexis Ohanian
L. (YC S15) Is A Condom Subscription Service To Make Safe Sex A Global Human Right,"Most of the major condom brands are marketed with a sense of aggressive masculinity: Take the Trojan Man, for example.",Alexis Ohanian,Alexis Ohanian
PlateJoy (YC S15) Delivers Fresh Food To Help You Meet Your Weight Loss And Health Goals,,Alexis Ohanian,Alexis Ohanian
Branch8 (YC S15) Helps Merchants Sell Across Asia's Many E-Commerce Platforms,"Branch8 is a company that takes care of all that work. Launching this week out of our Summer 2015 class, Branch8 has built a platform that helps sellers easily list and manage products on the wide variety of e-commerce marketplaces in Asia.",Alexis Ohanian,Alexis Ohanian
"SourceDNA (YC S15) Helps Developers Make Their Apps Faster, Better, And More Secure","There are a number of tools out there aimed at helping developers improve their apps. But for the most part, they’re focused on detecting crashes or performance problems after they occur.",Alexis Ohanian,Alexis Ohanian
Xfers (YC S15) Wants To Be The Go-To Payment Platform For South East Asia,"Xfers is a startup launching out of our current Summer 2015 that aims to solve these problems, providing businesses in South East Asia with the ability to collect both credit card and internet banking payments, and letting customers make purchases online using only their phone number.",Alexis Ohanian,Alexis Ohanian
Markhor (YC S15) Makes Handcrafted Luxury Shoes For Half The Price Of Top Brands,,Alexis Ohanian,Alexis Ohanian
YC Digest - 8/7-8/13,"Top Stories from the YC World – August 7-August 13, 2015",Y Combinator,Y Combinator
OnboardIQ (YC S15) Helps Companies Screen And Hire Their Workforces,"OnboardIQ is a company in our current class that provides tools for operations and recruiting teams to build and manage a workforce, automating the screening and hiring workflow. The result is that companies can spend significantly less time and money on the hiring process, while keeping quality standards high.",Alexis Ohanian,Alexis Ohanian
"Bizzy (YC S15) Helps E-Commerce Brands Send Fewer, Better Emails",E-commerce brands don’t actually want to annoy you with their frequent mass email campaigns — though that’s often the effect.,Alexis Ohanian,Alexis Ohanian
Sywork (YC S15) Is The Twitch For Illustrators And Artists,,Alexis Ohanian,Alexis Ohanian
"bitcodin (YC S15) Encodes Videos 100X Faster, At Netflix-Grade Streaming Quality","Not only is the quantity of online videos booming, our expectations for what’s acceptable streaming video quality keep going up too.  All this has created a problem for content creators and developers, who need to encode videos very fast, at full HD quality, for streaming in multiple formats on every device. And the bottleneck is only going to get worse in the future, as 4K/UHD TVs start to hit the mainstream.",Alexis Ohanian,Alexis Ohanian
Convox (YC S15) Makes It Easier For Companies To Use AWS,"Every year, companies spend more than $15 billion on cloud-based infrastructure services such as Amazon Web Services. But despite those massive bills, companies still have to deal with a limited list of
supported software and services, unpredictable uptime, and an extremely difficult experience while trying to debug apps that are running.",Alexis Ohanian,Alexis Ohanian
"Ohm (YC S15) Is Making A Lighter, Longer-Lasting, And Better-Performing Car Battery",,Alexis Ohanian,Alexis Ohanian
Startup School Radio: Campus Job's Co-Founders On Leaving Google And McKinsey For Startup Life,"In Episode 4 of YC’s Startup School Radio,
 a podcast that features stories and practical advice about starting,
funding, and scaling companies, our host Aaron Harris first sat down with PlanGrid co-founders Ryan Sutton-Gee, Tracy Young, and Ralph Gootee, to talk about the early days of founding the construction software company and their path to joining Y Combinator’s Winter 2012 class. The second half of the episode featured Liz Wessel and J.J. Fliegelman, the co-founders of Campus Job, which just launched out of YC in Winter 2015.",Alexis Ohanian,Alexis Ohanian
Video Syndication Platform AllScreen (YC W10) Has Been Acquired By Zealot Networks,"AllScreen, the video syndication platform technology startup that launched out of our Winter 2010 class, announced today that it has been acquired by Zealot Networks, the Los Angeles-based media technology company from the founders of Maker Studios.",Alexis Ohanian,Alexis Ohanian
Prayas Analytics (YC S15) Powers A/B Testing For Brick And Mortar Stores,"Retailers can derive huge benefits from monitoring how customers behave in their brick and mortar stores. By closely observing the way that people move through a shop and interact with different displays and merchandise, stores can make key changes that will maximize their efficiency and sales.",Alexis Ohanian,Alexis Ohanian
Second Measure (YC S15) Lets Investors Know How Private And Public Companies Are Really Doing,"Shiny pitch decks and optimistic business reports can be convincing, but are not always accurate — making it difficult for investors to ascertain how a company is *really* doing.",Alexis Ohanian,Alexis Ohanian
Scentbird (YC S15) Is A Subscription Sampling Of Luxury Fragrances For Women & Men,,Alexis Ohanian,Alexis Ohanian
Plate IQ (YC S15) Helps Restaurants Bring Their Finances Into The Digital Age,"Many restaurants, particularly those that are small- and medium-sized, still deal with old fashioned paper invoices from their various food suppliers. This can lead to major hassles and headaches when it comes to managing their budgets, planning their menus, and processing their finances.",Alexis Ohanian,Alexis Ohanian
MicroHealth (YC S15) Helps Manage Treatment For Patients With Chronic Illnesses,"For people who have rare and chronic illnesses such as hemophilia, managing their daily symptoms and treatment can be a complicated and tricky task. MicroHealth is a company in our Summer 2015 class that has built a mobile app that detects patients’ most risky symptoms and manages them with timely care from medical professionals.",Alexis Ohanian,Alexis Ohanian
VOIQ (YC S15) Provides Companies With Call Center Services On-Demand,,Alexis Ohanian,Alexis Ohanian
YC Digest - 7/31-8/6,"Top Stories from the YC World – July 31-August 6, 2015",Y Combinator,Y Combinator
Standard Treasury (YC S13) Joins Silicon Valley Bank,,Alexis Ohanian,Alexis Ohanian
YC Startup School Radio: How Optimizely Knew It Was On To Something Big,"You can listen to the full hour-long episode here or on iTunes here, and read the full transcript on Genius here.",Alexis Ohanian,Alexis Ohanian
Welcome Simon,I’m delighted to announce that Simon Lu is joining YC. He will focus on our investment activities and advise YC alumni companies.,Sam Altman,Sam Altman
Cofactor Genomics (YC S15) Is Studying RNA Testing To Diagnose Disease Earlier,,Alexis Ohanian,Alexis Ohanian
Vernox Labs (YC S15) Uses Predictive Analysis To Help Construction Projects Actually Finish On Time,,Alexis Ohanian,Alexis Ohanian
"80,000 Hours (YC S15) Helps Top Graduates Choose Careers That Matter","Nowadays, many of the best-performing college graduates don’t simply want to go into the most highly-paid jobs — they want to do things that will make a positive difference in the world. 80,000 Hours is a company in our current class that wants to help top graduates find the kinds of jobs where they can do the most good.",Alexis Ohanian,Alexis Ohanian
Oolu (YC S15) Supplies Affordable Solar Energy To Off-Grid Villages In West Africa,,Alexis Ohanian,Alexis Ohanian
Shotput (YC S15) Is Like AWS For Warehousing And Fulfillment,,Alexis Ohanian,Alexis Ohanian
Locent (YC S15) Is An E-Commerce Platform That's Powered Entirely By Text Messages,"Launching out of our Summer 2015 class, Locent has created a platform that lets brands and individual “influencers” sell things through an easy-to-use, entirely mobile interface.",Alexis Ohanian,Alexis Ohanian
GrowSumo (YC S15) Helps Companies Create And Manage Partner Programs,"Sales partner programs can be hugely beneficial to a company’s bottom line. Unfortunately, they can be time- and labor-intensive for companies to establish and maintain — often prohibitively so for smaller businesses.",Alexis Ohanian,Alexis Ohanian
Saida (YC S15) Helps People In Emerging Markets Get Credit Through Their Mobile Phones,Saida is a startup in our current class that has created a mobile-baased lending platform targeted at people in emerging markets.,Alexis Ohanian,Alexis Ohanian
Joining A Different YC,,Alexis Ohanian,Alexis Ohanian
Klarismo (YC S15) Uses 3D Scanning To Make A Model Of The Inside Of Your Body,"Launching out of our current summer class, Klarismo has developed a way to create 3D models of the inside of the human body to help people analyze and track their fitness goals and monitor their overall health.",Alexis Ohanian,Alexis Ohanian
"Startup School Radio, Episode 2: How Justin.tv Became Twitch","In Episode 2 of YC’s Startup School Radio, a podcast that features stories and practical advice about starting, funding, and scaling companies, Aaron Harris sat down with entrepreneur, investor, and YC partner Justin Kan, and Mathilde Collin, the founder and CEO of collaborative email and text platform Front.",Alexis Ohanian,Alexis Ohanian
Partnering With Insight Data Science,,Alexis Ohanian,Alexis Ohanian
YC Digest - 7/24-7/30,"Top Stories from the YC World – July 24-July 30, 2015",Y Combinator,Y Combinator
Hickory (YC S15) Helps Employees Retain What They Learn During Training,,Alexis Ohanian,Alexis Ohanian
ScopeAR (YC S15) Helps Fix Complex Mechanical Problems Remotely Using Augmented Reality,,Alexis Ohanian,Alexis Ohanian
Ironclad (YC S15) Is An App That Manages Legal Paperwork For Companies,"When companies have to create basic documents such as NDAs and sales contracts, they often task their highly-paid hired lawyers with the job — even though this is essentially administrative work.",Alexis Ohanian,Alexis Ohanian
Human Interest (YC S15) Makes It Easy For Any Company To Have A 401k Program,"The process of setting up a company 401k plan can be daunting for a small business — so much so that often, it’s only larger corporations that offer retirement plans for their workers.",Alexis Ohanian,Alexis Ohanian
Chaldal (YC S15) Powers Grocery Delivery For One Of The Densest Countries In The World,,Alexis Ohanian,Alexis Ohanian
Foxpass (YC S15) Allows Any Company To Have Advanced Server And Network Security,"Large enterprises can often afford to have tightly-managed network and server security across their workforces. But for many small- and medium-sized companies, network and server security practices are either implemented lightly or not at all.",Alexis Ohanian,Alexis Ohanian
Announcing The YC Startup School Radio Podcast,"We’re excited to announce Startup School Radio, a podcast that features stories and practical advice about starting, funding, and scaling companies. In each show, host and Y Combinator partner Aaron Harris talks to two key founders or investors to learn how they got started, what went wrong, what surprised them, and what happened as their companies grew.",Alexis Ohanian,Alexis Ohanian
"Powered By IBM Watson, ROSS Intelligence (YC S15) Is Like Siri For Legal Knowledge",,Alexis Ohanian,Alexis Ohanian
Tenant Turner (YC S15) Helps Property Owners Quickly Fill Vacancies With Qualified Renters,,Alexis Ohanian,Alexis Ohanian
Mimir (YC S15) Wants To Help Colleges Create Better Software Engineers,Mimir is a startup launching out of our Summer 2015 class that’s addressing some of the most common challenges seen by university and college Computer Science programs. Mimir has created a platform that brings the Computer Science classroom online and automates key tasks such as grading and student feedback.,Alexis Ohanian,Alexis Ohanian
Go1 (YC S15) Takes The Pain Out Of Company Onboarding And Compliance Training,,Alexis Ohanian,Alexis Ohanian
GetScale (YC S15) Gives Hardware Companies Real-Time Quality Control For Their Factories,,Alexis Ohanian,Alexis Ohanian
Compose (YC S11) Acquired By IBM,,Alexis Ohanian,Alexis Ohanian
Wheely's (YC S15) Makes Beautifully Designed Bicycle-Powered Cafés,,Alexis Ohanian,Alexis Ohanian
teaBOT (YC S15) Makes Customized Cups Of Tea With The Touch Of A Button,"Launching out of our Summer 2015 class, teaBOT is a startup that’s created a robotic machine that makes cups of tea from customized loose leaf blends in seconds.",Alexis Ohanian,Alexis Ohanian
"StyleBee (YC S15) Sends Beauty And Grooming Services To You Anytime, Anywhere","StyleBee is a startup in our current class that lets people book beauty and
grooming services anytime and anywhere.  For a flat fee of $50 plus tips, StyleBee sends beauty professionals to clients wherever they are — be in in their homes, at their offices, or in hotel rooms.",Alexis Ohanian,Alexis Ohanian
"From The Makers Of Font Awesome, Fonticons (YC S15) Helps You Build A Beautiful Website",,Alexis Ohanian,Alexis Ohanian
Leada (YC S15) Helps Professors Teach The Most In-Demand Data Science Skills,,Alexis Ohanian,Alexis Ohanian
Gigster (YC S15) Hires An Elite Engineering Team For Your Software Project In Minutes,Turning an idea into an actual app is an incredibly daunting task. Elite engineering talent is very hard to find — it often seems that there are far more software projects that people want to make than there are available developers to build them.,Alexis Ohanian,Alexis Ohanian
Ixchel Scientific (YC S15) Can Predict How The Human Body Will React To Cancer Drugs,,Alexis Ohanian,Alexis Ohanian
"CareLedger (YC S15) Helps Companies Give Their Employees Free, Top-Quality Healthcare","Launching this week out of our Summer 2015 class, CareLedger is a startup that aims to do what might sound impossible: Enabling companies to provide their employees with top-quality healthcare services — at absolutely no cost to the patient.",Alexis Ohanian,Alexis Ohanian
PickTrace (YC S15) Helps Farms Pay Their Workers Accurately And Fairly,,Alexis Ohanian,Alexis Ohanian
Maderight (YC S15) Makes It Simple To Source Ethical Factories Worldwide,,Alexis Ohanian,Alexis Ohanian
Verge Genomics (YC S15) Uses Algorithms To Find Drugs For Brain Diseases 1000X Faster,,Alexis Ohanian,Alexis Ohanian
Shred Video (YC S15) Instantly Turns Raw GoPro Video Into A Cinema-Quality Sports Movie,"If you go to any ski mountain or surf spot these days, it seems like just about everyone has a GoPro video camera or an iPhone out to document their best moves. But it’s much easier to passively shoot hours of video than it is to fish out the highlights and edit it all down to something watchable.",Alexis Ohanian,Alexis Ohanian
Zeplin (YC S15) Helps Designers And Developers Speak The Same Language,,Alexis Ohanian,Alexis Ohanian
Alumni Investors,"As we have said many times before, we work hard to keep a level playing field for all investors in the YC ecosystem. Helpful early-stage investors that come after YC are crucial to the ongoing success of our companies, and we believe high-quality companies and fairness are the ways to attract them.",Y Combinator,Y Combinator
Call9 (YC S15) Provides An ER Doctor To Assist In A Medical Emergency Within 1 Minute,,Alexis Ohanian,Alexis Ohanian
Paribus (YC S15) Gets You Money Back When Stuff You've Bought Goes On Sale,,Alexis Ohanian,Alexis Ohanian
YC Fellowship,"Ten years ago, Paul Graham said there could be ten times as many startups if more people realized they could try. Thanks to the work he, Jessica, Trevor and Robert helped do, that’s become true.",Sam Altman,Sam Altman
Luna (YC S15) Is A High Tech Mattress Cover That Turns Any Bed Into A 'Smart Bed',,Alexis Ohanian,Alexis Ohanian
Afrostream (YC S15) Makes It Easy To Find And Watch African And African-American Movies,,Alexis Ohanian,Alexis Ohanian
YC Digest - 7/10-7/17,"Top Stories from the YC World – July 10-July 16, 2015Startup School Radio ep. 9 with YC’s Geoff Ralston and David Bladow of BloomThat",Kat Mañalac,Kat Mañalac
Her (YC S15) Launches Its Women-Only Dating App Throughout The United States,,Alexis Ohanian,Alexis Ohanian
Click & Grow (YC S15) Lets You Grow An Indoor Garden With Zero Effort,,Alexis Ohanian,Alexis Ohanian
Jopwell (YC S15) Helps Tech Companies Recruit And Hire More Diverse Candidates,,Alexis Ohanian,Alexis Ohanian
Interviewed (YC S15) Takes The Guesswork Out Of Evaluating Potential Hires,"Companies often have a codified process when it comes to interviewing potential technical hires: Interview questions, whiteboarding, and code samples can all be evaluated in a relatively straightforward way. But when it comes to hiring for non-technical roles such as sales and customer support, there isn’t as clear of a rulebook. An interviewer may be impressed by a candidate’s personality or résumé, but find out after making the hire that his or her actual skills aren’t quite up to snuff.",Alexis Ohanian,Alexis Ohanian
GiveCampus (YC S15) Is A Crowdfunding Platform For College Donors,,Alexis Ohanian,Alexis Ohanian
Willing (YC S15) Is The Simplest Way To Plan For The Inevitable,"Willing is a startup launching today out of our current class that’s developed a simple and free way to make a
legal will and leave your affairs in order.",Alexis Ohanian,Alexis Ohanian
YC Digest - 6/26-7/9,"Top Stories from the YC World – June 26-July 9, 2015",Kat Mañalac,Kat Mañalac
BlueCrew (YC S15) Provides On-Demand Staff With The Stability Of Full-Time Employment,,Alexis Ohanian,Alexis Ohanian
Transcend (YC S15) Makes Super Efficient LED Lights For The Indoor Farms Of The Future,,Alexis Ohanian,Alexis Ohanian
Gemnote (YC S15) Launches To Give Corporate Gifts A Personal Touch,,Alexis Ohanian,Alexis Ohanian
Roomblocker (YC S15) Makes Booking Hotels For Groups And Events A Snap,,Alexis Ohanian,Alexis Ohanian
Livecoding.tv (YC S15) Is Twitch For Coding,,Y Combinator,Y Combinator
Instant eSports (YC S15) Is ESPN for Competitive Gaming,,Y Combinator,Y Combinator
Cymmetria (YC S15) Uses Virtual Machines To Decoy And Detect Hackers,,Y Combinator,Y Combinator
YC Digest - 6/19-6/25,"Top Stories from the YC World – June 19-June 25, 2015",Y Combinator,Y Combinator
YC Digest - 6/12-6/18,"Top Stories from the YC World – June 12-June 18, 2015",Y Combinator,Y Combinator
"Welcome Amy, Susan, Colleen, and Steven",I’m delighted to announce four new additions to the YC team.,Sam Altman,Sam Altman
YC Digest - June 5-June 11,"Top Stories from the YC World – June 5-June 11, 2015",Y Combinator,Y Combinator
YC Digest - 5/22-6/4,"Top Stories from the YC World – May 22-June 4, 2015",Y Combinator,Y Combinator
Eden (YC S15) Launches To Offer On-Demand Electronics Repair And Installation,,Y Combinator,Y Combinator
YC Digest - 5/15-5/21,"Top Stories from the YC World – May 15-May 21, 2015",Y Combinator,Y Combinator
New Story (YC S15) Crowdfunds Houses For Homeless Families,,Kat Mañalac,Kat Mañalac
YC Digest - 5/8-5/14,"Top Stories from the YC World – May 8-May 14, 2015",Y Combinator,Y Combinator
One surprising hack to get into YC!,"People often ask us what they can do to improve their
chances of getting into YC.  The truth is
there isn’t much other than “have a good idea, a market that may become huge,
and a great team”.",Sam Altman,Sam Altman
"YC Digest 5/1-5/7: Work at a YC Startup, SUS Radio and Zenefits","Top Stories from the YC World – May 1-May 7, 2015",Y Combinator,Y Combinator
Work at a YC Startup v2,"Hiring is the biggest problem our startups face once they finish YC.  In the past, we’ve held Work at a Startup events with the goal of connecting our companies to great programmers. Unfortunately, scaling recruiting events is very hard and requiring applicants to show up in person significantly reduces the pool of potential hires. As a result, we’re bringing back the Work at a Startup idea but this time we’re going to use a new YC startup to power it.",Michael Seibel,Michael Seibel
YC Digest - 4/24-4/30,"Top Stories from the YC World – April 24-April 30, 2015",Y Combinator,Y Combinator
DroneBase (YC W15) Lets Any Business Rent A Drone And Pilot,,Y Combinator,Y Combinator
Rickshaw (YC W14) Provides An API For Local Deliveries,,Y Combinator,Y Combinator
Welcome Luke and Rick,We are happy to announce two new additions to the YC team.,Sam Altman,Sam Altman
New Hacker News Guideline,The HN team members are some of the most thoughtful people about online communities I’ve ever met. So I’m always excited when they have a new idea to try.,Sam Altman,Sam Altman
YC Digest - 3/27-4/2,,Y Combinator,Y Combinator
Congratulations to YC W15,,Y Combinator,Y Combinator
Neverfrost (YC S14) Wants To Kill Windshield Frost And Keep Rocks From Ruining Your Day,,Y Combinator,Y Combinator
"YC Digest - March 20-26, 2015",,Y Combinator,Y Combinator
"Pigeon.ly (YC W15), A Startup Focused On Serving The U.S. Prison Population, Joins Y Combinator",,Y Combinator,Y Combinator
SmartSpot's Tale (YC W15): From A Farm In Egypt To Building A YC Computer Vision Startup For Fitness,,Y Combinator,Y Combinator
Cribspot (YC W15) Helps University Students Find Rentals In Time For School To Start,,Y Combinator,Y Combinator
Razorpay (YC W15) Offers Stripe-Style Payments Focused Squarely On Indian E-Commerce Plays,,Y Combinator,Y Combinator
HigherMe (YC W15) Promises A Smarter Approach To Applying For Retail Jobs And Other Hourly Work,,Y Combinator,Y Combinator
"Online Learning Service Platzi (YC W15) Wants To Give You Useful Tech Skills, Not Diplomas",,Y Combinator,Y Combinator
Instavest (YC W15) Wants To Help Investors Make Smarter Trades,,Y Combinator,Y Combinator
SmartHires (YC W15) Helps Startups Find Tech Talent Within The Same Investment Portfolio,,Y Combinator,Y Combinator
"GiveMeTap (YC W15) Offers Free Water, Footfall Data For Stores, AND Helps Africa",,Y Combinator,Y Combinator
Introducing Priime (YC W15) - a new way to edit photos on your iPhone,,Y Combinator,Y Combinator
Kickpay (YC W15) Is A Marketplace For Invoices That Helps SMEs Get Paid Quickly,,Y Combinator,Y Combinator
Taskpipes (YC W15) Is SaaS To Simplify Using Lots Of (Other) SaaS Platforms,,Y Combinator,Y Combinator
SlideMail (YC W15) Is An Intelligent Email App For The Rest Of Us,,Y Combinator,Y Combinator
YC Digest - 3/12-3/19,Top Stories from the YC World – 3/12/15-3/19/15YC Stats – Winter 2015,Y Combinator,Y Combinator
Akido Labs (YC W15) Provides A Standardized API Layer For Hospital App Developers,,Y Combinator,Y Combinator
Moltin (YC W15) Wants To Simplify E-Commerce Development,,Y Combinator,Y Combinator
Dealyze (YC W15) Brings A Starbucks-Like Loyalty Program To Any Business,,Y Combinator,Y Combinator
The Detroit Water Project (YC W15) Connects Donors To Unpaid Water Bills,,Y Combinator,Y Combinator
YC Stats - Winter 2015,,Kat Mañalac,Kat Mañalac
Shift Labs (YC W15) Launches Out Of Y Combinator To Make Medical Devices For Healthcare’s Future,,Y Combinator,Y Combinator
Industrial Microbes (YC W15) Is Engineering Bacteria To Produce Chemicals From Natural Gases,,Y Combinator,Y Combinator
"Pakible (YC W15) Makes It Dead Simple For Businesses To Design, Ship Packaging",,Y Combinator,Y Combinator
Bankjoy (YC W15) Is Building A Modern-Day Mobile Banking App For Use By Credit Unions And Smaller Banks,,Y Combinator,Y Combinator
InsiteVR (YC W15) Makes It Easy To Bring 3D Models Into Your Virtual World,,Y Combinator,Y Combinator
ReadMe (YC W15) Creates Crisp Documentation For Developers Using Your APIs,,Y Combinator,Y Combinator
SparkGift (YC W15) Wants You to Give Kids the Gift of Investing,,Y Combinator,Y Combinator
YC Digest - 3/6-3/12,Top Stories from the YC World – 3/6/15-3/12/15YC’s 10th birthday was on March 11. Here’s how YC started.,Y Combinator,Y Combinator
Lully (YC W15) Built A Device To Prevent Night Terrors,,Y Combinator,Y Combinator
Treeline (YC W15) Wants To Take The Coding Out Of Building A Backend,,Y Combinator,Y Combinator
Notable Labs (YC W15) Provides Personalized Medical Testing For Brain Cancer Patients,,Y Combinator,Y Combinator
"Meetings Are Usually Terrible, But WorkLife (YC W15) Aims To Change That",,Y Combinator,Y Combinator
"Nomiku (YC W15), Maker of An Affordable Sous Vide Machine, Gets Into Software With Tender App",,Y Combinator,Y Combinator
SIRUM (YC W15) Matches Unused Medicine With Low-Income Patients,,Y Combinator,Y Combinator
Welcome Peter,Edit: Peter Thiel is no longer affiliated with Y Combinator.,Sam Altman,Sam Altman
BuildScience’s (YC W15) Platform Ties Hardware Systems Together In Big Office Buildings,,Y Combinator,Y Combinator
EquipmentShare (YC W15) Is Like Airbnb For Construction Equipment,,Y Combinator,Y Combinator
The 5 Laws of Interface Design,,Y Combinator,Y Combinator
Atomwise (YC W15) Discovers Drugs For Diseases That Don’t Even Exist Yet,,Y Combinator,Y Combinator
YC Digest - 2/27-3/5,Top Stories from the YC World – 2/27/15-3/05/15Sam Altman On The Elements Of A Successful Startup,Y Combinator,Y Combinator
How rocket science makes a perfect steak (Cinder YC W15),,Y Combinator,Y Combinator
"Lumi (YC W15) Will Help You Customize Anything (Literally, Anything) On The Cheap",,Y Combinator,Y Combinator
GitLab (YC W15) is part of the Y Combinator family,,Y Combinator,Y Combinator
Outbound (YC W15) Helps Businesses Message Customers Over Both Email And Mobile,,Y Combinator,Y Combinator
Vanhawks (YC W15) Raises $1.6M To Help Put The Valour Smartbike On The Road,,Y Combinator,Y Combinator
Gradberry (YC W15) Curates Technical Talent,,Y Combinator,Y Combinator
TeamNote (YC W15) Provides Enterprise Communications For Companies With People Out In The Field,,Y Combinator,Y Combinator
Paperspace (YC W15) Lets Anyone Access A Better Personal Computer That Lives In The Cloud,"Paperspace, A Better Computer. from Paperspace on Vimeo",Y Combinator,Y Combinator
Kickback (YC W15) Lets You Make Money Playing Games,,Y Combinator,Y Combinator
Valor Water (YC W15) Helps Utilities Keep The Water Running,,Y Combinator,Y Combinator
"Y Combinator and Imagine K12 at Princeton, Harvard, MIT & Dartmouth this week",,Y Combinator,Y Combinator
Shift Messenger (YC W15) Makes It Easy For Workers To Swap Hours,,Y Combinator,Y Combinator
YesGraph (YC W15) Raises A Million To Build A Better Referral System For Mobile Apps,,Y Combinator,Y Combinator
YC Digest - 2/20-2/26,Top Stories from the YC World – 2/20/15-2/26/15Videos from the Female Founders Conference are now online,Y Combinator,Y Combinator
Booktrope (YC W15) Rethinks Book Publishing,,Y Combinator,Y Combinator
Open Listings (YC W15) Enables Home Buyers To Purchase Houses Without Real Estate Agents,,Y Combinator,Y Combinator
"20n (YC W15), A YC Synthetic Biology Startup, Uses Software To Engineer Microbes For Chemical-Making",,Y Combinator,Y Combinator
Bright (YC W15) Aims To Bring Solar Power To Mexico,,Y Combinator,Y Combinator
Answerbook (YC W15) Helps Retailers Automate Personalized Email Campaigns,,Y Combinator,Y Combinator
"For Y Combinator-funded influencer startup Themidgame (YC W15), it’s about more than money",,Y Combinator,Y Combinator
NexTravel (YC W15) Wants To Change The Way Corporate Travel Is Booked,,Y Combinator,Y Combinator
Perceptiv’s SHIFT (YC W15) Turns Drones Into Smart Dollies For Filmmakers,"Perceptiv, which also has funding from Version One Ventures, is launching SHIFT today via pre-order campaign, a $600 accessory (which will retail post-campaign for $800) that works with the DJI Phantom and 3D Robotics Iris, providing a vision sensor, processor and autopilot program for capturing amazing aerial shots via subject tracking. Essentially, it turns these hobbyist drones into robotic flying dollies for capturing great pans, zooms and fly-by shots, with computer vision tech making sure to keep a user-defined subject exactly where it needs to be in the frame along the way.",Y Combinator,Y Combinator
"Luka (YC W15), The App That Replaces Your Foodie Friend, Goes Live In SF",,Y Combinator,Y Combinator
Videos from Female Founders Conference 2015 are online,,Y Combinator,Y Combinator
Rescue Forensics (YC W15) Aids Law Enforcement In Finding Victims,,Y Combinator,Y Combinator
YC Digest 2/13-2/19,Top Stories from the YC World – 2/13/15-2/19/15,Y Combinator,Y Combinator
Kuhcoon (YC W15) Promises To Automate Facebook Ad Campaigns For Small Businesses,,Y Combinator,Y Combinator
Transitmix (YC W15) Cuts The Paper Out Of Bus Route Planning,,Y Combinator,Y Combinator
Level Frames (YC W15) Launches Because All Art Deserves Its Frame,,Y Combinator,Y Combinator
Seed (YC W15) Wants To Reinvent Business Banking,,Y Combinator,Y Combinator
CloudMedx (YC W15) Helps Doctors Spot Patients Who Will Need Expensive Treatment,,Y Combinator,Y Combinator
Managing Your Restaurant Deliveries With Trackin (YC W15) Is Like Playing SimCity,,Y Combinator,Y Combinator
Direct Match (YC W15) Aims To Make Bond Trading As Easy As Stock Trading,,Y Combinator,Y Combinator
YC Digest 2/6-2/12,Top Stories from the YC World – 2/6/15-2/12/15Applications for YC’s Summer 2015 batch are now open!,Y Combinator,Y Combinator
SigOpt (YC W15) Helps Customers Optimize Everything From Online Ads To Shaving Cream,,Y Combinator,Y Combinator
YC Open-Source Sales Agreement,We’ve just open-sourced a sales agreement any company can use.,Sam Altman,Sam Altman
Giveffect (YC W15) Has Built A Shopify-Meets-Salesforce For Non-Profits,,Y Combinator,Y Combinator
Advice for Early-Stage Hardware Startups,﻿This is a guest post from Luke Iseman and Jeff Chang.,Sam Altman,Sam Altman
"Fast Company's Most Innovative Companies of 2015: Stripe, E La Carte, Anyperk",,Y Combinator,Y Combinator
"YC Backs Standard Cyborg (YC W15), A Startup Building Affordable Prosthetics",,Y Combinator,Y Combinator
$500k of Azure credit for YC startups,"Over the last month, we’ve announced special deals to help
YC biotech and hardware companies.",Sam Altman,Sam Altman
Yhat (YC S15) Gives Data Science Teams A Head Start,,Y Combinator,Y Combinator
"Female Founder Stories: Jamie Wong, Founder of Vayable (YC S12)",Vayable is the global marketplace for unique experiences.,Y Combinator,Y Combinator
"Female Founder Stories: Kathryn Minshew and Alex Cavoulacos, Founders of The Muse (YC W12)","The Muse is the most trusted career site for people in the first 10-15 years of their career. We help over 1.5 million every month answer the question, “What do I want to do with my life (and how do I get there)?” via expert advice, online skill building classes, job opportunities, and behind-the-scenes video profiles of what it’s actually like to work at companies like Facebook, Uber, Lyft or Zappos.",Y Combinator,Y Combinator
"Female Founder Stories: Susan Johnson, Founder of Women.com (YC S14)","Women.com is a women-only sharing platform. Our members share experiences, milestones, questions, advice, pictures, articles, videos, books, products, stories, interests, habits, confessions, rants, high moments, low moments, and everything in between. We are a safe place for women-only.",Y Combinator,Y Combinator
"Female Founder Stories: Somaira Punjwani, Founder of Medmonk (YC W12)",Medmonk lets pharmacists provide co-pay assistance to patients who cannot afford their out-of-pocket medication costs.,Y Combinator,Y Combinator
"Female Founder Stories: Urska Srsen, Founder of Bellabeat (YC W14)",Bellabeat is a company bringing quantified self to prenatal and neonatal care. Our aim is to bring nature and technology together and enable women to have a healthier and more engaging pregnancy.,Y Combinator,Y Combinator
"Female Founder Stories: Aarthi Ramamurthy, Founder of Lumoid (YC S13)","Lumoid is a try before you buy service for gadgets and consumer electronics. Instead of going to a physical retailer or paying the full price for a gadget online and then dealing with the hassle of returns and restocking, we make it possible to test drive gear and buy them if you like them. We help people choose access to gadgets over ownership.",Y Combinator,Y Combinator
"Female Founder Stories: Vanessa Torrivilla, Founder of Goldbely (YC W13)","Goldbely discovers the best foods in every city around the country and makes it available to people nationwide. It’s like an Etsy for food, but highly curated.",Y Combinator,Y Combinator
"Female Founder Stories: Mathilde Collin, Founder of Front (YC S14)","Front is a desktop application that empowers shared inboxes (e.g. contact@company.com, support@company.com, press@company.com) by introducing collaboration features. Front also works with Twitter accounts and shared SMS numbers. Front is the front desk of your company, helping your team interact with the outside world in the easiest way.",Y Combinator,Y Combinator
"Female Founder Stories: Elise Polezel, Founder of LivBlends (YC S14)",LivBlends delivers healthy freshly-blended smoothies directly to customers in the Bay Area and makes a “Keurig machine for smoothies”.,Y Combinator,Y Combinator
"Female Founder Stories: Ambika Bumb, Founder of Bikanta (YC S14)",Bikanta has developed revolutionary nanodiamond-based technologies that push the boundaries of what can be done with medical imaging for applications like the early detection of cancer.,Y Combinator,Y Combinator
"Female Founder Stories: Lauren Kay, Founder of Dating Ring (YC W14)","Dating Ring is an online dating service that combines matchmaking and technology. When members sign up, they are assigned a personal matchmaker. Each week, matchmakers send their members a curated match. To help their matchmakers improve future matches, members give feedback after each match and again if they meet the match in person.",Y Combinator,Y Combinator
"Female Founder Stories: Lona Alia, Founder of Style Lend (YC W14)",Style Lend is Peer to Peer Fashion Rentals.,Y Combinator,Y Combinator
"Female Founder Stories: Tracy Young, Founder of PlanGrid (YC W12)",PlanGrid is a platform for construction.,Y Combinator,Y Combinator
"Female Founder Stories: Michelle Crosby, Founder of Wevorce (YC W13)","Wevorce is a high-tech and high-touch approach to divorce that keeps families out of court. We’ve built a national divorce company that uses online and offline services to streamline the divorce process so it is more affordable, faster and more amicable for families.",Y Combinator,Y Combinator
"Female Founder Stories: Claire McDonnell, Founder of True Link Financial (YC S13)","True Link offers a financial protection service that helps senior citizens live happily and independently longer. In a typical year, 11 million seniors lose a total of about $52 billion to fraud and financial entrapment. For these people, the problem is devastating. Half of our customers describe financial victimization as one of the five worst problems in their lives.",Y Combinator,Y Combinator
"Female Founder Stories: Edith Elliott and Katy Ashe, Founders of Noora Health (YC W14)",Noora Health is a non-profit that trains patient families with the medical skills they need to improve health outcomes and save lives.,Y Combinator,Y Combinator
"Female Founder Stories: Louise Broni-Mensah, Founder of Shoobs (YC W14)","Shoobs is an event discovery and booking marketplace for nightlife events. They help event goers find a great night out. For nightlife organizers, Shoobs provides a self-service platform to promote, sell tickets and connect with event goers.",Y Combinator,Y Combinator
"Female Founder Stories: Gillian Tee, Founder of Rocketrip (YC W14)","Rocketrip saves companies money by paying employees to find less expensive ways to travel. Rocketrip’s founders Gillian Tee and Daniel Ruch were inspired by the way Googlers get rewarded to save when they travel for work. They decided to build a more robust version for every other company to use. By allowing employees to earn half of the savings below a real-time budget, they’ve seen many innovative ways folks have reduced spend, including using Airbnb, booking a bundled travel deal and staying with friends.",Y Combinator,Y Combinator
"Female Founder Stories: Olga Vidisheva, Founder of Shoptiques (YC W12)","Shoptiques.com is an online marketplace for the best local boutiques from Paris to New York. Shoptiques is a network-effect double-sided marketplace. Currently, there are over 1,000 stores using the platform to reach worldwide consumers.",Y Combinator,Y Combinator
"Female Founder Stories: Michelle You, Founder of Songkick (YC S07)","Songkick makes it easy to go to concerts. We have a website and apps that track your music taste (from the music on your device, Spotify playlists, Facebook listening history, etc.) and notify you when your favorite artists announce tour dates in your city. Every month, we help over 10 million fans discover concerts and go to more shows. After signing up to Songkick, fans go to twice as many concerts as they did the year before.",Y Combinator,Y Combinator
"Female Founder Stories: Cindy Wu, Founder of Experiment (YC W13)",Experiment is a crowdfunding platform for scientific research.,Y Combinator,Y Combinator
"Female Founder Stories: Katelyn Gleason, Founder of Eligible (YC S12)","Eligible offers healthcare eligibility, payment, and reimbursement APIS.",Y Combinator,Y Combinator
"Female Founder Stories: Julia Kurnia, Founder of Zidisha (YC W14)","Zidisha is the first direct person-to-person lending platform for people in developing countries. Our website allows low-income, internet-capable young adults in Africa and Asia to crowd-fund business or education loans from individual lenders worldwide. In developing countries, loans from local banks tend to be prohibitively expensive– 37% is the global average interest rate– and require collateral assets that young adults lack. First-generation crowd-funding microfinance websites such as Kiva or United Prosperity use these local banks as intermediaries to manage the loans on the ground, resulting in the same high cost charged to the end borrowers. Zidisha solves the high cost of traditional microfinance by eliminating the local intermediary banks and connecting lenders and borrowers directly via the internet.",Y Combinator,Y Combinator
"Female Founder Stories: Jennifer Lu, Founder of ZowPow (YC W13)",ZowPow is building a virtual playground for kids with interactive toys.,Y Combinator,Y Combinator
"Female Founder Stories: Reham Fagiri, Founder of AptDeco (YC W14)","AptDeco is a peer-to-peer marketplace for buying and selling quality pre-owned furniture. We manage the entire process including logistics, deliveries, payments, and product verifications.",Y Combinator,Y Combinator
"Female Founder Stories: Grace Garey, Founder of Watsi (YC W13)",Watsi is a non-profit that lets anyone directly fund life-changing healthcare for people who need it around the world.,Y Combinator,Y Combinator
"Female Founder Stories: Nancy Hua, Founder of Apptimize (YC S13)","Apptimize is about creating the best mobile experience for each user and context through targeted A/B testing. Our drop-in SDK is for native Android and iOS apps and our users include top 10 apps from each category in the App and Play stores. Mobile product owners and marketers change layouts, CTA’s, and flows in real time without programming or app store resubmission. With just a few clicks, you can create and deploy a new variant to your real users and start seeing data in minutes.",Y Combinator,Y Combinator
"Female Founder Stories: Shruti Shah, Founder of Move Loot (YC W14)","Move Loot is the first curated, full-service online marketplace for secondhand home goods. We not only make buying high-quality, stylish used goods easier, but we also reduce the amount of furniture that goes into U.S. landfills (currently, 10.8M tons annually). We take the burden off sellers by picking up their goods and selling them on their behalf and include professional photography, storage and next-day delivery to the buyer.",Y Combinator,Y Combinator
"Female Founder Stories: Erica Brescia, Founder of Bitnami (YC W13)","Bitnami is the app store for server software. We provide close to 100 web applications that can deployed locally or in the cloud with click, free of charge. We have over one million deployments per month of the software we package and are the top provider of applications on Amazon, Azure, and in the VMware marketplace.",Y Combinator,Y Combinator
"Female Founder Stories: Danielle Morrill, Founder of Mattermark (YC S12)","Mattermark organizes content, information and data about private companies. Our tools are used by investors, corporate development and business development professionals to prospect for qualified opportunities. Eventually we would like to be able to answer any business question a user can think of, but for now we are starting with questions round startups, private markets and emerging technology.",Y Combinator,Y Combinator
"Female Founder Stories: Fei Deyle, Founder of Lollipuff (YC W13)",Lollipuff is an auction site for authentic designer items.,Y Combinator,Y Combinator
"Female Founder Stories: Jessica Mah, Founder of inDinero (YC S10)","inDinero handles accounting and taxes for growing businesses. Instead of needing to hire a bookkeeper and use complicated accounting software, startups (from 2-100 people) are using inDinero as the one-stop-shop for their back office.",Y Combinator,Y Combinator
"Female Founder Stories: Reshma Khilnani, Founder of MedXT (YC W13)","MedXT is a medical imaging storage and management service. We manage images like X-rays, CT scans and pathology slides online. (MedXT was acquired by Box in October 2014.)",Y Combinator,Y Combinator
"Female Founder Stories: Eleonora Sharef, Founder of HireArt (YC W12)","HireArt is a marketplace where employers can find qualified, pre-vetted applicants, along with data that shows why they are a good fit. We create trust between employers and job seekers by assessing candidates and using specific data to create matches.",Y Combinator,Y Combinator
"Female Founder Stories: Divya Bhat, Founder of Rickshaw (YC W14)","Rickshaw is local delivery platform that gives any business access to an efficient, shared fleet of vans and drivers. We power the new generation of online/offline businesses (as well as more traditional merchants and retailers) that want to provide same-day delivery to their customers. We allow businesses to schedule pick-ups at their store/warehouse and drop-offs to their customers via API, spreadsheet, or webapp.",Y Combinator,Y Combinator
"Female Founder Stories: Elizabeth Iorns, Founder of Science Exchange (YC S11)","Science Exchange is a marketplace for scientific collaboration, where researchers can order experiments from the world’s best labs. Our mission is to improve the quality and efficiency of scientific research by using market-based incentives to promote collaboration between scientists.",Y Combinator,Y Combinator
YC Digest 1/30-2/5,Top Stories from the YC World – 1/30/15-2/05/15YC for Hardware,Y Combinator,Y Combinator
Cleanly (YC W15) Offers On-Demand Laundry Delivery In NY,,Y Combinator,Y Combinator
YC for Hardware,"As YC has grown, we’ve funded more and more hardware companies.  Hardware companies have very different needs from pure software companies, and we’re delighted to announce a number of new resources for YC hardware companies.",Sam Altman,Sam Altman
Techlist (YC W15) Is A Data Nerd’s Dream For Asia’s Tech And Startup Industry,,Y Combinator,Y Combinator
Meadow (YC W15) ‘Ubered’ Over A Doctor To Give Me A Medical Marijuana Evaluation,,Y Combinator,Y Combinator
GroupAhead (YC W15) Gives Member-Based Organizations Their Own Mobile App,,Y Combinator,Y Combinator
eBrandValue (YC W15) wants to show social media’s impact on your sales — in real time,,Y Combinator,Y Combinator
Smarking (YC W15) Drives Big Data To Parking Industry,,Y Combinator,Y Combinator
YC Digest 1/23-1/29,Top Stories from the YC World – 1/23/15-1/29/15Getting the Band Back Together: Why The Justin.TV Mafia Returned to Y Combinator,Y Combinator,Y Combinator
AnalyticsMD (YC W15) Applies AI To Optimize The ER,,Y Combinator,Y Combinator
Spoil (YC W15) Takes The Hunt Out Of Gift-Giving,,Y Combinator,Y Combinator
Final (YC W15) Raises A Million For Its Fraud-Fighting Credit Card,,Y Combinator,Y Combinator
"With $2.1M In Funding, GrubMarket (YC W15) Connects Consumers With Local Farms And Food Producers",,Y Combinator,Y Combinator
"One Codex (YC S14) wins the CDC's ""No-Petri Dish"" Challenge",,Y Combinator,Y Combinator
How SF-Based Shuttle Startup Chariot (YC W15) Crowdsourced Its New Commuter Route,,Y Combinator,Y Combinator
Bluesmart (YC W15) Raises $2 Million For Its Self-Tracking Suitcase,,Y Combinator,Y Combinator
YC-Backed Pomello (YC W15) Helps Teams Determine Whether Job Applicants Will Fit In,,Y Combinator,Y Combinator
Pachyderm (YC W15) Launches Out Of YC To Be The Data Processing Tool For The Docker Generation,,Y Combinator,Y Combinator
YC Digest - 1/16-1/22,Top Stories from the YC World – 1/16/15-1/22/15,Y Combinator,Y Combinator
Advice for Companies With Less Than 1 Year of Runway,Let’s imagine that you are the founder of a company that has successfully raised an angel or institutional round and are currently in a situation where you have 12 months or less of runway.,Dalton Caldwell,Dalton Caldwell
Tule (YC S14) Is A Crop-Hydration Sensor For The Tech-Savvy Farmer,,Y Combinator,Y Combinator
Demo Days,"There are 114 companies in the current YC batch.  We’ve grown too big for them to all present
on one day.",Sam Altman,Sam Altman
VetPronto (YC W15) Brings Veterinary House Calls To San Francisco,,Y Combinator,Y Combinator
YC Digest - 1/9-1/15,Top Stories from the YC World – 1/9/15-1/15/15How One Founder’s Wedding Day Call Led To Millions In Funding From A Top VC – Vidyard (YC S11),Y Combinator,Y Combinator
Underground Cellar (YC W15) Is A Wine-Buying Site That Rewards You With “Better” Bottles For Free,,Y Combinator,Y Combinator
YC Demographics,"We want to be sure we’re not discriminating against founders in our funding decisions at YC, so we decided to look at some data.",Michael Seibel,Michael Seibel
YC Digest - 1/2-1/8,,Y Combinator,Y Combinator
Congrats to the YC Crunchies nominees!,,Y Combinator,Y Combinator
Congrats to YC's Sam Altman + the YC founders named in Forbes' 30 Under 30,,Y Combinator,Y Combinator
GrubMarket (YC W15) aims to bring farmers markets straight to your door,,Y Combinator,Y Combinator
Top Stories from the YC World - 12/18-1/01,YC Digest – 12/18-1/01> Applications for the Female Founders Conference are open,Y Combinator,Y Combinator
YC-Backed Omniref (YC W15) Is Rap Genius For Code,,Y Combinator,Y Combinator
Female Founders Conference 2015 applications are open,"We’re delighted to announce the second Y Combinator Female Founders Conference, on Saturday, February 21 in San Francisco.",Kat Mañalac,Kat Mañalac
YC Digest -12/10-12/17,,Y Combinator,Y Combinator
Hiptic Games (YC S11)  Launches Its GameThrive Push Notification Service,,Y Combinator,Y Combinator
Bettir (YC W15) Wants To Chat With You About Your Blood Pressure,,Y Combinator,Y Combinator
Transcriptic for YC biotech startups,"Reducing cost and cycle time as much as possible is one of
the highest-leverage things anyone can do to help startups.  A few years ago, we rolled out deals with
Amazon, Heroku, Microsoft, and Rackspace to make web hosting available for free
to the startups we fund.",Sam Altman,Sam Altman
"Welcome Michael, Jon, and Ilya","I’m
delighted to share that Michael Seibel (formerly a part-time partner at YC) and Jon
Levy (formerly a part-time lawyer for YC) are becoming partners.",Sam Altman,Sam Altman
"Flow (YC S13), an intuitive and precise wireless controller, launches today",,Y Combinator,Y Combinator
What We Learned From 40 Female YC Founders,"We’re excited to launch Female Founder Stories, a collection of interviews with 40 of Y Combinator’s female alumnae.  We asked them about things like how they got started, their experience at Y Combinator, their experience as female founders, and what they wish they’d known when they were younger.  As you’ll see, their answers are fascinating, both individually and in their variety.",Jessica Livingston,Jessica Livingston
An Update on Hacker News,"I frequently get asked about the changes we’ve made and are making to Hacker News, so I wanted to share some updates.  A lot of people feel strongly about HN.  It’s an important part of the startup community and we want it to be both the best source of news and discussion about technology and startups and also welcoming for everyone, especially groups that have historically been marginalized in the tech industry.",Sam Altman,Sam Altman
"Welcome, Ali",Edit: Ali is now the CEO of YC Continuity,Sam Altman,Sam Altman
We Make Mistakes,We’ve just finished reviewing applications for the Winter 2015 batch and have sent out invitations for interviews. In this cycle we saw a +40% increase in the number of companies applying over the Summer 2014 batch.,Qasar Younis,Qasar Younis
Humble Bundle (YC W11) is going truly multiplatform,,Y Combinator,Y Combinator
Startup School 2014 Recap and Videos,"If you missed Startup School 2014, the videos are now on YouTube.",Y Combinator,Y Combinator
"SoundFocus (YC S13) launches iPhone Amp for amazing speakerphone calls with better mic, speakers and software",,Alexis Ohanian,Alexis Ohanian
"Making Event Data The Language Of Business Intelligence, Interana (YC W13) Emerges From Stealth",,Y Combinator,Y Combinator
Hacker News API,"Today we’re excited to launch an official Hacker News API. We’ve partnered up with Firebase (YC S11) so that the data we’re making available will be near real time, which should be a huge improvement for developers who had to rely on scraping the site for this info.",Kevin Hale,Kevin Hale
"BuildZoom (YC W13) raises $2.15M from Formation 8, others for its home improvement contractor platform",,Alexis Ohanian,Alexis Ohanian
"Learn about Startups with YC at Carnegie Mellon University (Thur, Oct 9)",,Y Combinator,Y Combinator
Gobble (YC W14) Promises To Help Customers Make Delicious Meals In 10 Minutes Or Less,,Y Combinator,Y Combinator
YC office hours at Hack the North,,Y Combinator,Y Combinator
Last day to apply for Startup School,We hope to see you there! YC Team,Y Combinator,Y Combinator
New Requests for Startups,"We’ve updates some of the RFSes, and also added some new ones:",Sam Altman,Sam Altman
Exploding Offers Suck,"Exploding offers suck.  Founders should be able to choose the investor they want to work with, not have to make a decision based on time pressure.",Sam Altman,Sam Altman
YC Investment Policy and Email List,"We’re making a change to the rule for YC partners making follow-on investments.  Previously, partners could invest in companies after they had either raised $500k or 3 weeks after Demo Day.  This reduced a lot of the conflict and signaling issues, but not enough—partners investing during the batch still caused issues.  So the new rule is that partners can only invest some amount of time after Demo Day (we’ll experiment a little to figure out exactly how long) or as part of a Series A.",Sam Altman,Sam Altman
Founder Stories: Tracy Young of PlanGrid (YC W12),,Kat Mañalac,Kat Mañalac
BillForward (YC S14) Wants To Change The Way You’re Charged For Subscriptions,,Y Combinator,Y Combinator
San Francisco Open Exchange (YC S14) Aims To Be The E-Trade Of Bitcoin,,Y Combinator,Y Combinator
Applications for YC W15 are open,We are now accepting applications for the Winter 2015 batch. You can apply as a startup or as a non-profit.,Y Combinator,Y Combinator
UPower (YC S14) Is Building Nuclear Batteries,,Y Combinator,Y Combinator
Women.com (YC S14) Is A Place Where Women Can Engage In Real Talk Online,,Y Combinator,Y Combinator
Zenamins (YC S14) Mails You Personalized Vitamins,,Y Combinator,Y Combinator
Doblet (YC S14) Plans To Be Everywhere Your Phone Charger Isn’t,,Y Combinator,Y Combinator
Vatler (YC S14) Wants To Be Your On-Demand Valet,,Y Combinator,Y Combinator
"Hauteday (YC S14), a Gamified Shopping Site, Launches Out of Y Combinator",,Y Combinator,Y Combinator
"uBiome (YC S14) Raises $4.5M From Angel Investors, Andreessen Horowitz To Crowdsource Microbiome Research",,Y Combinator,Y Combinator
Craft Coffee’s (YC S14) Coffee DNA Project Is Designed To Find You The Perfect Cup Of Joe,,Y Combinator,Y Combinator
Neptune.io (YC S14) Wants To Help Network Admins Sleep By Fixing Common Issues Automatically,,Y Combinator,Y Combinator
Zen99 (YC S14) Makes Life Easier For Freelancers With Finance And Insurance Tools,,Y Combinator,Y Combinator
One Codex (YC S14) Wants To Be The Google For Genomic Data,,Y Combinator,Y Combinator
Naytev (YC S14) Enhances Social Media Shares To Drive Website Traffic,,Y Combinator,Y Combinator
Bumped From Your Hotel? WalkSource (YC S14) Aims To Find You A Free Room Fast,,Y Combinator,Y Combinator
Onename.io (YC S14) Aims To Streamline Bitcoin Transactions,,Y Combinator,Y Combinator
Backpack (YC S14) Connects You With Travelers So You Can Purchase Items In Other Countries,,Y Combinator,Y Combinator
ShipBob (YC S14) Helps Small Business Owners Avoid Post Office Purgatory,,Y Combinator,Y Combinator
"Y Combinator And Mithril Invest In Helion (YC S14), A Nuclear Fusion Startup",,Y Combinator,Y Combinator
VizeraLabs (YC S14) Projects New Materials Onto Any Surface,"Let’s say you’re at a furniture store and see a couch you like. It has the number of seats you need for your living room and the cushions are comfortable. But the model in the store is cotton, and that just won’t do — you wanted leather. How are you supposed to know if you like how it looks in person?",Y Combinator,Y Combinator
Shout (YC S14) Is A Real-Time Classifieds App That Lets You Exchange Anything,,Y Combinator,Y Combinator
Local Lift (YC S14) Is A Kickstarter For Local Businesses,,Y Combinator,Y Combinator
Startup School 2014 applications are open,Applications for Startup School 2014 are now open. Apply here.,Y Combinator,Y Combinator
BitAccess (YC S14) Launches To Make Bitcoin ATMs Ubiquitous,,Y Combinator,Y Combinator
TicketLabs (YC S14) Helps Small Music Venues Get More Fans Through The Door,,Y Combinator,Y Combinator
"Shift (YC S14) Is Developing A Debit Card That Lets You Spend Digital Currency, Loyalty Points And Regular Money",,Y Combinator,Y Combinator
A Reminder to Investors,"Sam wrote about this in his recent blog post, but I’ve found that important and seemingly obvious things often bear repeating. So with Demo Day approaching, I’d like to make the following point explicit:",Jessica Livingston,Jessica Livingston
Theorem (YC S14) Is a Marketplace for Independent Fashion,,Y Combinator,Y Combinator
Rigetti Computing (YC S14) Raises $2.5M To Create Commercial Quantum Systems,,Y Combinator,Y Combinator
Glowing Plant (YC S14) Is One Of Y Combinator’s Very First Biotech Startups,,Y Combinator,Y Combinator
Impraise (YC S14) Makes Workplace Performance Reviews Less Painful,,Y Combinator,Y Combinator
Parenthoods (YC S14) Debuts A Mobile Social Network Just For Moms & Dads,,Y Combinator,Y Combinator
Weave (YC S14) Adds Groups And Events To Its ‘Tinder For Networking’ App,,Y Combinator,Y Combinator
Now you can book a seat on a small-plane adventure through Flytenow (YC S14),,Y Combinator,Y Combinator
PicnicHealth (YC S14) Stores Your Medical Records In One Place And Delivers It To Your Doctor,,Y Combinator,Y Combinator
Inside the Beep (YC S14) Factory,,Y Combinator,Y Combinator
Bikanta’s (YC S14) Tiny Diamonds Find Cancer Before It Spreads,,Y Combinator,Y Combinator
Zip Phone (YC S14) Lets You Make Free Calls Over The Internet…Without Launching Its App,,Y Combinator,Y Combinator
YC Hacks Recap,Thanks to everyone who participated in YC’s first hackathon. We saw so many incredible things built in just over 24 hours.,Y Combinator,Y Combinator
Aptible (YC S14) Handles The Hard Parts Of HIPAA Compliance,,Y Combinator,Y Combinator
Happy 5th Birthday Listia (YC S09)!,,Jessica Livingston,Jessica Livingston
Sliced Investing (YC S14) Launches To Bring Hedge Fund Access To The Common Investor,,Y Combinator,Y Combinator
ListRunner (YC S14) Eliminates Hospital Paperwork,,Y Combinator,Y Combinator
Videos from Startup School Europe are now online,"If you missed Startup School Europe, you can now watch the talks on YouTube.",Y Combinator,Y Combinator
Kash (YC S14) Lets Retailers Offer Starbucks-Like Mobile Payments While Cutting Out Credit Cards,,Y Combinator,Y Combinator
Think Gaming (YC S14) Demystifies Paid App Installs With A Mobile Gaming Co-Op,,Y Combinator,Y Combinator
Demo Day Online,"Our summer batch is big this year – approximately 85 startups will be presenting their products and services at our Demo Day next month.  We know that not everyone we’ve invited to Demo Day will be able to attend for the entire day (or at all), so we plan to put videos of the presentations online shortly after Demo Day so that invitees can watch any presentations they miss.  The videos will only be available to Demo Day invitees and password-protected, but ideally someday we can make Demo Day presentations available to a wider audience.",Sam Altman,Sam Altman
Tiempo (YC S14) Wants To Simplify Time Tracking So You Can Focus On Work,,Y Combinator,Y Combinator
Diversity and Startups,"Sexism in tech is real.  One of the most insidious things happening in the debate is people claiming versions of “other industries may have problems with sexism, but our industry doesn’t.”  Both men and women claim this, even though it keeps getting harder to do in the face of shocks like the Tinder texts.  We know there is a problem, especially when it comes to starting companies, and we think YC can do something about it.",Sam Altman,Sam Altman
"How 7 Cups of Tea (YC S13) Accidentally Grew a Community of 17,000 Listeners",,Jessica Livingston,Jessica Livingston
Lawn Love (YC S14) Wants To Bring The Whole “Software Eating The World” Thing To Your Own Backyard,,Y Combinator,Y Combinator
"Checkr (YC S14) Automates Background Checks For The New, On-Demand Economy",,Y Combinator,Y Combinator
Fixed (YC S14) Raises $1.2 Million For A Mobile App That Fights Your Parking Tickets For You,,Y Combinator,Y Combinator
OpenCurriculum (YC W14) Looks To Foster Open-Source Education By Releasing Free Online Library,,Y Combinator,Y Combinator
"Unbabel (YC W14) Raises $1.5M To Expand Translation Service, Grow Customer Base",,Y Combinator,Y Combinator
"Welcome Scott, Dalton, Adora, Brett, Nicole, Alexis, and Qasar",We have a bunch of new additions to the YC team to announce.,Sam Altman,Sam Altman
Product Hunt (YC S14) Is In Current Y Combinator Batch,,Y Combinator,Y Combinator
Why The First YC-Backed Biotech Company (Ginkgo Bioworks YC S14) May Just Be The Future Of Pharma,,Y Combinator,Y Combinator
"Harnessing Big Data For Social Good, Nonprofit Bayes Impact (YC S14) Launches",,Y Combinator,Y Combinator
YC Portfolio Stats,"We get asked a lot for statistics on the YC portfolio.  Even though some of these aren’t that helpful
[1], here is the latest update on the numbers we get asked about the most.  As always, all the credit goes to the
founders.",Sam Altman,Sam Altman
MedXT’s (YC W13) Platform Brings Medical Imaging In Line With Today’s Cloud Technology,,Y Combinator,Y Combinator
"With A Mobile App, MTailor (YC S14) Offers Custom-Fit Tailored Shirts For Just $69",,Y Combinator,Y Combinator
Y Combinator has filed an official comment with the FCC,,Alexis Ohanian,Alexis Ohanian
A month at Y Combinator: What it’s like after you’ve been accepted,,Y Combinator,Y Combinator
Interview with YC's Kate Courteau,,Y Combinator,Y Combinator
An E-Commerce Site Where You Can Haggle Down The Price,,Y Combinator,Y Combinator
Make Things and Show Them,"We’ve often been asked to make a section of Hacker News that’s just for Show HNs, so we did. We’re releasing it today, along with a new set of Show HN guidelines.",Alexis Ohanian,Alexis Ohanian
New RFS: One Million Jobs,"We want to fund companies that have the potential to create a million jobs.  There are a
lot of areas where it makes sense to divide labor between humans and
computers—we are very good at some things computers are terrible at and vice versa—and
some of these require huge amounts of human resources.",Sam Altman,Sam Altman
Nightingale (YC S14) Is Building Software To Simplify Behavioral Therapy Tracking,,Y Combinator,Y Combinator
New Y Combinator Website,Our website got a facelift.,Kevin Hale,Kevin Hale
Last day to apply to YC Hacks,"It’s the last day to apply to Y Combinator’s first hackathon, YC Hacks.",Y Combinator,Y Combinator
BlockScore Lands $2M In Funding For Making I.D. Verification Easier,,Y Combinator,Y Combinator
YC-Backed ClearTax (YC S14) Tackles India’s Fast Growing Online Tax Filing Market,,Y Combinator,Y Combinator
AnyPerk (YC W12) Raises $3M to Help Companies Cultivate Employee Happiness,,Y Combinator,Y Combinator
"For $10,000, your car can drive itself (Cruise - YC W14)",,Y Combinator,Y Combinator
Videos from Startup School NY are now online,"If you missed Startup School NY, you can now watch the talks on YouTube.",Y Combinator,Y Combinator
Last day to apply to Startup School Europe,,Y Combinator,Y Combinator
Carlypso (YC S14) Could Change Everything About How We Buy And Sell Used Cars,,Y Combinator,Y Combinator
Front (YC S14) Is A Shared Inbox App That Makes Email Suck Less,,Y Combinator,Y Combinator
Vaccine publishes peer-reviewed article by The Immunity Project (YC W14),,Y Combinator,Y Combinator
"Guesty (YC W14), A Property Management Service For Airbnb Hosts, Raises $1.5M",,Y Combinator,Y Combinator
HackerRank (YC S11) Raises a $9.2M Series B,,Y Combinator,Y Combinator
Bannerman (YC S14) Delivers Bouncers On Demand,,Y Combinator,Y Combinator
Instacart (YC S12) Raises $44 Million Series B From Andreessen Horowitz And Others,,Y Combinator,Y Combinator
YC Hacks - August 2-3,We’re hosting a hackathon this summer at YC in Mountain View. Our goal is to give smart hackers an excuse to get together and spend time building something they find interesting. We don’t have a theme—we want to leave it open to any good ideas.,Y Combinator,Y Combinator
"Roost (YC S14) Takes On Twitter, RSS With A Platform For Web-Based Push Notifications",,Y Combinator,Y Combinator
Startup School Europe Speakers,,Y Combinator,Y Combinator
The YC Board of Overseers,"I’m delighted to announce the new Board of Overseers for Y
Combinator.",Sam Altman,Sam Altman
Hipmunk (YC S10) Raises $20M Round,,Y Combinator,Y Combinator
Standard Treasury (YC S13) Raises $2.7M to Help Banks Deliver Digital Services,,Y Combinator,Y Combinator
Songkick (YC S07) Reaches 10M Monthly Fans and 100M Revenue,,Y Combinator,Y Combinator
Eventjoy (YC W14) launches new iOS app,,Y Combinator,Y Combinator
HackerRank (YC S11) Wants To Build A One-Stop Shop For Technical Phone Interviews,,Y Combinator,Y Combinator
Startup School New York Speakers,,Kat Mañalac,Kat Mañalac
HelloSign (YC W11) Launches New And Improved eSignature API,,Y Combinator,Y Combinator
Sift Science (YC S11) Lands $18M Series B From Spark Capital To Stop Credit Card Fraud,,Y Combinator,Y Combinator
Quora in the next YC batch,"This month, YC will be participating in Quora’s most recent investment round and Quora will be joining this summer’s YC batch.  This is a new experiment for us; we’ve funded later-stage companies before, but none close to Quora’s stage.  Our hope is that both the company and the YC community will get a lot of value out of this.",Sam Altman,Sam Altman
Founder Ethics,"One of the most valuable parts of Y Combinator is our community. As of Summer 2014, we have funded over 1,400 founders, and as the YC family grows, the continued strength of our network depends on founders behaving well.",Y Combinator,Y Combinator
Homejoy (YC S10) and Instacart (YC S12) pair up to refresh your home,,Y Combinator,Y Combinator
"PlanGrid (YC W12) adds Android, now used on 125,000 construction projects, adds 20K new blueprints a day",,Alexis Ohanian,Alexis Ohanian
Optimizely (YC W10) Raises $57 Million to Enable the World to Turn Data into Action,,Y Combinator,Y Combinator
Startup School is going global,"In the past few years, we’ve seen more founders from around the world coming to Silicon Valley to start startups. In YC’s W14 batch alone, we had founders from 22 different countries, and every year we see an increasing number of international applicants.",Y Combinator,Y Combinator
Eventjoy (YC W14) makes its ticketing service free for organizers,,Y Combinator,Y Combinator
LendUp (YC W12) Raises $50 Million To Disrupt Payday Lending,,Y Combinator,Y Combinator
"URX (YC S13) Raises $12 Million, Sets Sights on Links Inside Apps",,Y Combinator,Y Combinator
YC's Sam Altman and Elizabeth Iorns talk to Nature about funding biotech startups,,Y Combinator,Y Combinator
Codecademy (YC S11) hits 24 million students and launches a redesign,,Y Combinator,Y Combinator
Comprehend Systems (YC W11) is hosting a Health IT event on 4/25,,Y Combinator,Y Combinator
The New Deal,"We have a new standard deal at YC—we’ll invest $120k for 7%.  While we may deviate from this in exceptional cases, it will still be the case for almost all of the companies we fund.",Sam Altman,Sam Altman
TwoTap (YC W14) and Semantics3 (YC W13) work together to streamline e-commerce,,Y Combinator,Y Combinator
Superb (YC W11) launches to help you try new places with your friends,,Y Combinator,Y Combinator
"Welcome Kat, Yuri, Patrick and Elizabeth",I’m delighted to announce a promotion and three additions to the YC team.,Sam Altman,Sam Altman
"Homejoy (YC S10) brings its cleaning service to London, priced at £13 per hour",,Y Combinator,Y Combinator
YC President Sam Altman interviewed on CNN Money,,Alexis Ohanian,Alexis Ohanian
"Dropbox (YC W07) releases Dropbox for Business: Remote wipe, account transfer, now coexists with personal",,Alexis Ohanian,Alexis Ohanian
"Lumoid (YC S13) Wants To Rent You A Camera Now, And Everything Later",,Y Combinator,Y Combinator
Egomotion (YC S11) Raises $750K From Android’s Co-Founder And Others To Make Your Smartphone Smarter,,Alexis Ohanian,Alexis Ohanian
Meet the People Taking over Hacker News,"I did several different things while I was working on Hacker News, and these will now be taken over by different people.",Paul Graham,Paul Graham
Comprehend (YC W11) founder Rick Morrison on being an enterprise startup in YC,,Y Combinator,Y Combinator
HireArt (YC W12) founder Elli Sharef on not letting fear stop you from applying to YC,,Y Combinator,Y Combinator
"Povio (YC W14), The Polite Photo App That Students Love, Joins YC’s Winter Batch",,Y Combinator,Y Combinator
"Gbatteries (YC W14) Launches BatteryBox, A 50Whr Backup Battery For MacBooks & Other Gadgets",,Y Combinator,Y Combinator
"Unbabel (YC W14) Launches A Human-Edited Machine Translation Service To Help Businesses Go Global, Localize Customer Support",,Y Combinator,Y Combinator
Noora Health’s (W14) Training Program For Patients And Caregivers Improves Recovery And Reduces Readmission Rates,,Y Combinator,Y Combinator
"Pebble (YC W11) sells 400,000 smart watches in its first year",,Alexis Ohanian,Alexis Ohanian
Upverter (YC W11) raises $2.3M for cloud-based engineering tool,,Alexis Ohanian,Alexis Ohanian
StackLead (YC W14) Takes The Hassle Out Of Lead Analysis,,Y Combinator,Y Combinator
Style Lend (YC W14) Launches Out Of Y Combinator To Be The Airbnb For Women’s Closets,,Y Combinator,Y Combinator
One Degree (YC W14) Is A “Yelp For Social Services” That Helps Low-Income Families,,Y Combinator,Y Combinator
Where’s The Party? Shoobs (YC W14) Wants To Be Ticketmaster For Local Nightlife Events,,Y Combinator,Y Combinator
Camperoo (YC W14) Helps Parents Find And Book Summer Camps & Other Activities For Kids,,Y Combinator,Y Combinator
Beacon (YC W14) Featured in the NYTimes: A Website Asks Readers to Finance Independent Journalists,,Y Combinator,Y Combinator
CodeCombat (YC W14) Wants You To Learn To Code By Playing Games,,Y Combinator,Y Combinator
Two New YC Partners: Justin Kan and Aaron Harris,I’m delighted to announce that Justin Kan and Aaron Harris are joining Y Combinator as Partners.,Sam Altman,Sam Altman
Threadable’s (YC W14) Mailing List For Teams Makes Your Inbox Less Noisy,,Y Combinator,Y Combinator
Boostable (YC W14) Offers A New Way For Online Sellers To Advertise,,Y Combinator,Y Combinator
Healthy Food Delivery Startup Zesty (YC W14) Goes Corporate With The Launch Of A Catering Service,,Y Combinator,Y Combinator
MadeSolid (YC W14) Is Creating Next-Gen 3D Printing Materials,"It seems like we can’t go a week these days without hearing about some new startup making a new 3D printer that wants to be better and cheaper than everything else. I’m not complaining, of course — competition is good for everyone. But it’s a tough space if you’re looking to stand out.",Y Combinator,Y Combinator
Divorce service Wevorce (YC W13) adds video calls to its lineup of mediation tools,,Y Combinator,Y Combinator
"Next Caller (YC W14) Brings Smarter Caller ID To Businesses And, Soon, Phone-Based “Shopping”",,Y Combinator,Y Combinator
Wit.ai (YC W14) is Twilio for natural language — lets anyone add voice interfaces to their app,,Alexis Ohanian,Alexis Ohanian
"StoryWorth (YC W11) in the NYTimes: Preserving Family History, One Memory at a Time",,Y Combinator,Y Combinator
"FOBO (YC S11) pushes over $1M run rate, featured on TechCrunch Video",,Alexis Ohanian,Alexis Ohanian
"Meet Memebox (YC W14), Y Combinator’s Korean Beauty Import",,Y Combinator,Y Combinator
HoverChat (YC W14) For Android Lets You Message Your Friends Without Switching Screens,,Y Combinator,Y Combinator
Online Shopping Companion Zinc (YC W14) Automatically Finds Discounts For Puchases From Top Retailers,,Y Combinator,Y Combinator
"Hipmunk Anywhere launches—easily search from desktop, book on mobile instantly, which 60% of people do already",,Alexis Ohanian,Alexis Ohanian
"Twitch.tv in Time Magazine: ""Quickly becoming one of the hottest entertainment properties on the web.""",,Alexis Ohanian,Alexis Ohanian
Joe Ariel of Goldbely (YC W13) interviewed in Forbes — democratizing the food industry,,Alexis Ohanian,Alexis Ohanian
SketchDeck (YC W14) Turns Terrible Slide Decks Into Beautiful Presentations In Just A Day,,Y Combinator,Y Combinator
Grouper (YC W12) launches its social club in the UK — now available in London,,Alexis Ohanian,Alexis Ohanian
Matterport (YC W12) in the San Jose Mercury News:  A New 3D Modeling System,,Alexis Ohanian,Alexis Ohanian
"Sendhub (YC W12) launches iOS 7 app, with improved call notifications and Groups",,Alexis Ohanian,Alexis Ohanian
Female Founders Conference videos are now online,Videos from YC’s first Female Founders Conference are now up on our YouTube page.,Y Combinator,Y Combinator
YC-Backed Orankl (YC W14) Gives Small Vendors The Same Tools As Amazon,,Y Combinator,Y Combinator
Intern at a YC Company,"Would you like to intern at a YC company this summer? We’re helping place paid interns at YC-backed companies like Dropbox, Stripe, Optimizely and others.",Y Combinator,Y Combinator
"AirPair (YC W14) Expands Its Live Programming Assistance By Partnering With Stripe, Twilio, And Others",,Y Combinator,Y Combinator
ZenPayroll's (YC W12) advice for B2B companies,,Kat Mañalac,Kat Mañalac
"When Airlines Screw Up Your Flight, AirHelp (YC W14) Gets You Paid",,Y Combinator,Y Combinator
Panorama (YC S13) has been launching in a new school district just about every day,,Y Combinator,Y Combinator
Highlights from YC's First Female Founders Conference,,Y Combinator,Y Combinator
Vidpresso (YC W14) Offers Low-Cost Tools For Adding Tweets And Ads To Broadcast TV,,Kat Mañalac,Kat Mañalac
Cloudant (YC S08) acquired by IBM to bolster their cloud computing offerings vs Amazon,,Alexis Ohanian,Alexis Ohanian
"Sign up for early access to Buttercoin (YC S12) — a new, easy and trustworthy USD-Bitcoin exchange",,Alexis Ohanian,Alexis Ohanian
"Meta SpaceGlasses (YC S13) covered in Sydney Morning Herald, releases new prototype video of hand tracking",,Alexis Ohanian,Alexis Ohanian
"Y Combinator Backs Its Next Nonprofit, Coding Education Program CodeNow (YC W14)",,Kat Mañalac,Kat Mañalac
Summon (YC W12) is the first transportation app fully licensed as a TNC in California,,Alexis Ohanian,Alexis Ohanian
"42 (YC W14), An Online Platform Bringing Big Data To Brick-And-Mortar Retailers, Makes Its Debut",,Kat Mañalac,Kat Mañalac
Superhost (YC W14) Is A Property Management Service For Airbnb Listings,,Kat Mañalac,Kat Mañalac
Ambition (YC W14) Offers A Fantasy Football-Style Approach To Motivating Sales Teams,,Kat Mañalac,Kat Mañalac
Sam Altman for President,"I’m delighted to announce that Sam Altman has agreed to become president of Y Combinator starting next batch.  I’ll continue to do office hours with startups, but Sam is going to lead YC.",Paul Graham,Paul Graham
Sonalight (YC W12) team relaunches as a new mobile analytics service Amplitude,,Alexis Ohanian,Alexis Ohanian
Benchling (YC S12) Is Modernizing Software For Biotech Labs,,Kat Mañalac,Kat Mañalac
"Crowdtilt (YC W12) launches open source customizable crowdfunding platform, now CrowdtiltOpen",,Alexis Ohanian,Alexis Ohanian
Balanced (YC W11) partners with Coinbase (YC S12) to help two-sided marketplaces accept bitcoin,,Alexis Ohanian,Alexis Ohanian
"SoundFocus (YC S13) raises $1.7M from Kapor Capital, Vegas Tech for hardware and software for hearing impaired",,Alexis Ohanian,Alexis Ohanian
Chute Commerce (YC W12) lets online stores make more money by curating user-generated photos on their product pages,,Alexis Ohanian,Alexis Ohanian
Waterloo robotics company Clearpath uses Thalmic Myo Armband (YC W13) to pilot its robot,,Alexis Ohanian,Alexis Ohanian
"InstantCab (YC W12) rebrands as Summon, raises venture funding from BMW and Khosla Ventures",,Alexis Ohanian,Alexis Ohanian
TwoTap (YC W14) brings a two-tap checkout global shopping cart to over 100 merchants,,Alexis Ohanian,Alexis Ohanian
An AT&T For Dentistry? Y Combinator-Backed Weave (YC W14) Launches To Bring Modern Telecom To SMBs,,Kat Mañalac,Kat Mañalac
"ZenPayroll (YC W12) raises $20 million from Kleiner, General Catalyst",,Kat Mañalac,Kat Mañalac
"Kimono (YC W14) Is A Smarter Web Scraper That Lets You “API-ify” The Web, No Code Required",,Kat Mañalac,Kat Mañalac
Eventjoy (YC W14) Is A One-Stop Shop For Organizing Events,,Kat Mañalac,Kat Mañalac
Abacus (YC W14) Wants To Make Expense Reports Obsolete,,Kat Mañalac,Kat Mañalac
SpoonRocket (YC S13) is launching in San Francisco—$6 meals in delivered to your curbside in 15 minutes,,Alexis Ohanian,Alexis Ohanian
TrueVault (YC W14) Launches To Bring Easy HIPAA Compliance To Startups And Health Apps,,Kat Mañalac,Kat Mañalac
"Meldium (YC W13) launches its iOS app, letting you and your team log into all your accounts while mobile too",,Alexis Ohanian,Alexis Ohanian
Instapainting (YC W11) makes it easy to turn any photo into a hand-painted canvas painting for under $100,,Alexis Ohanian,Alexis Ohanian
Renthop (YC S09) launches its successful NYC apartment rental marketplace nationwide,,Alexis Ohanian,Alexis Ohanian
"Meet Bellabeat (YC W14), The Quantified Self Startup That Wants To Be The FitBit For Pregnancy",,Kat Mañalac,Kat Mañalac
Group Matchmaking Startup The Dating Ring (YC W14) Launches In San Francisco,,Kat Mañalac,Kat Mañalac
Beacon (YC W14) Offers A New Approach To Crowdfunding Journalism,,Kat Mañalac,Kat Mañalac
BloomThat (YC S13) is Latest Startup to Stop and Sell the Roses,,Kat Mañalac,Kat Mañalac
"Congrats to the YC Companies Featured in Forbes' ""10 Best Startup Websites""","Congratulations to BuildZoom, SwapBox, WeFunder and Coin for being featured in Forbes’ “10 Best Startup Websites”.",Kat Mañalac,Kat Mañalac
Stripe (YC S10) now accepts payments in 139 currencies,,Kat Mañalac,Kat Mañalac
Sendwithus (YC W14) Offers A/B Testing And Analytics Tools For Email Marketers,,Kat Mañalac,Kat Mañalac
HackerRank (YC S11) Launches CodePair To Improve Technical Interviews,,Kat Mañalac,Kat Mañalac
"Minuum (YC W14) Virtual Keyboard Maker Whirlscape Lands $500K From Y Combinator, BDC And More",,Kat Mañalac,Kat Mañalac
Taplytics (YC W14) Lets You Run A/B Tests On iOS Without Waiting For App Store Updates,,Kat Mañalac,Kat Mañalac
Celery (YC S12) Raises $2 Million To Help Makers Accept Pre-Orders And Take Payments When Ready To Ship,,Kat Mañalac,Kat Mañalac
Experiment.com (YC W13) Gains Big Venture Backers To Bring Crowdfunding To Science Research,,Kat Mañalac,Kat Mañalac
Trouble With Your Code? AirPair (YC W14) Connects You Live With Expert Programmers,,Kat Mañalac,Kat Mañalac
TerrAvion (YC W14) Launches Aerial Imagery As A Service For Farmers,,Kat Mañalac,Kat Mañalac
Tyra Banks And More Put A Million In The Muse (YC W12),,Kat Mañalac,Kat Mañalac
Zapier (YC S12) is adding 28 apps to the service in 28 days,,Kat Mañalac,Kat Mañalac
DataRank (YC S13) raises $1.4M for its online analytics platform for brands,,Alexis Ohanian,Alexis Ohanian
"Asseta (YC S13), A Marketplace For Used Manufacturing Equipment, Raises $535K",,Kat Mañalac,Kat Mañalac
Framed Data (YC W14) Helps Developers Understand The People Behind Their User Numbers,,Kat Mañalac,Kat Mañalac
New YC Partner Investment Policy,As of this batch we’re introducing a new policy for investments by YC partners in the companies we fund.,Paul Graham,Paul Graham
3 days left to apply for the Female Founders Conference,,Kat Mañalac,Kat Mañalac
Rocketrip (YC W14) Lets Your Boss Pay You For Saving Money While Traveling,,Kat Mañalac,Kat Mañalac
Automatic’s (YC S11) Smart Driving Assistant Can Now Turn Your Car Into An iBeacon,,Kat Mañalac,Kat Mañalac
"Rap Genius (YC S11) announces the ""Genius"" iPhone app",,Kat Mañalac,Kat Mañalac
Move Loot (YC W14) Brings Furniture Consignment Into The 21st Century,,Kat Mañalac,Kat Mañalac
"ZenPayroll (YC W12) and Zenefits (YC W13) featured in VentureBeat's ""best back-office software for small businesses""",,Kat Mañalac,Kat Mañalac
"Cambly (YC W14) Offers On-Demand Access To Language Tutors On iPad, iPhone, And Desktop",,Kat Mañalac,Kat Mañalac
"MemSQL (YC W11) in Forbes: Helping big data costs drop 96% from $100,000/TB to $4,000/TB",,Alexis Ohanian,Alexis Ohanian
Codecademy (YC S11) selected for Apple's 30 Years of Mac,,Alexis Ohanian,Alexis Ohanian
Double Robotics (YC S12) takes preorders for Charging Dock—now telepresence robots can charge themselves,,Alexis Ohanian,Alexis Ohanian
Zidisha (YC W14) Launches A Kickstarter-Style Micro-Lending Platform For Low-Income Entrepreneurs In Developing Countries,,Kat Mañalac,Kat Mañalac
"If the Immunity Project (YC W14) crowdfunds this synthetic AIDS vaccine, they'll offer it free to everyone",,Kat Mañalac,Kat Mañalac
Payments Startup Stripe (YC S09) Joins the Billion Dollar Club,,Kat Mañalac,Kat Mañalac
"Zenefits (YC W13) raises $15M Series A from Andreessen Horowitz, Maverick, and Venrock",,Alexis Ohanian,Alexis Ohanian
"Apptimize (YC S13) raises $2.1M for Mobile A/B testing, launches a tool for non-developers",,Alexis Ohanian,Alexis Ohanian
AeroFS (YC S10) releases iOS app for private clouds,,Alexis Ohanian,Alexis Ohanian
MemSQL (YC W11) raises $35M to future-proof your company’s database,,Kat Mañalac,Kat Mañalac
"Docker (YC S10) raises $15M Series B from Greylock Partners, IVP, Benchmark, Trinity for cloud containers",,Alexis Ohanian,Alexis Ohanian
"Apportable (YC W11) launches SpriteBuilder—game dev tool suite that lets you write for iOS, launch on Android too",,Alexis Ohanian,Alexis Ohanian
Algolia (YC W14) launches a Search API that lets you provide Apple Spotlight-like realtime search for your app or service,,Alexis Ohanian,Alexis Ohanian
"MakeGamesWithUs Summer Academy (YC W12) receives 1,000 applications for their new game design course",,Alexis Ohanian,Alexis Ohanian
"InstantCab (YC W12) unveils new FareBack program to save riders up to 30% on trips, adds 3x more drivers",,Alexis Ohanian,Alexis Ohanian
Announcing the Female Founders Conference,"I’m delighted to announce that Kat Manalac, Kirsty Nathoo, Carolynn Levy and I are hosting Y Combinator’s first Female Founders Conference on Saturday, March 1. We’re going to gather together female founders at all stages to share stories, give advice, and make connections.",Jessica Livingston,Jessica Livingston
WireOver (YC W12) launches unlimited file sending with end-to-end encryption app,,Y Combinator,Y Combinator
WePay (YC S09) raises $15M and focuses on payments API for platform businesses,,Y Combinator,Y Combinator
Andreessen Horowitz Invests $20M In Custom Apparel Platform Teespring (YC W13),,Y Combinator,Y Combinator
FarmLogs (YC W12) Raises $4M Series A To Further Advance Farming Into The Age of Apps,,Y Combinator,Y Combinator
Airware (YC W13) Demos Its Drone Platform By Protecting Rhinos From Poachers,"Airware wants to prove drones have plenty of uses beyond killing people. Today the unmanned aerial vehicle hardware/software/firmware startup detailed how it’s built and deployed special drones to thwart animal poachers in Kenya, Africa. The demo could build interest for the launch of Airware’s commercial drone platform later this year.",Y Combinator,Y Combinator
E la Carte (YC W10) on the right way to go after big clients,,Y Combinator,Y Combinator
"FOBO (YC S11) Launches In San Francisco To Become The Fastest, Easiest Way To Sell Your Consumer Electronics",,Y Combinator,Y Combinator
Overstock.com becomes the first major online retailer to embrace Bitcoin powered by Coinbase (YC S12),,Y Combinator,Y Combinator
Second leg of Alexis Ohanian's Without Their Permission tour starts next week,The second leg of Alexis Ohanian’s Without Their Permission tour kicks off next week. YC will be joining Alexis at the following stops:,Y Combinator,Y Combinator
Congratulations to the YC founders featured in Forbes' '30 Under 30',,Y Combinator,Y Combinator
"Pebble (YC W11) announces Pebble Steel, Appstore dates, new partners",,Y Combinator,Y Combinator
Happy New Year from Y Combinator,We’ve collected advice from the founders of a few YC companies that can help you with some common New Year’s resolutions.,Y Combinator,Y Combinator
Clever (YC S12) featured in the NYTimes: A Start-Up Moves Teachers Past Data Entry,,Y Combinator,Y Combinator
Inside ZenPayroll’s (YC W12) Sprint To Reimagine The Way You Get Paid,,Y Combinator,Y Combinator
Grouper (YC W12) CEO Shows How to End Digital Loneliness,,Y Combinator,Y Combinator
Watsi (YC W13) lands $1.5 million donation from Humble Bundle (YC W11),,Y Combinator,Y Combinator
Khosla Ventures is joining the YCVC Program,"Today, we are excited to announce that Khosla Ventures is joining the YCVC Program starting with the upcoming winter 2014 batch. KV is exactly the kind of partner we want at YC—we admire their tenacity and willingness to making bold technology bets. As far back as 2006, KV has been a valuable investor in a number of YC companies including TightDB, Instacart and Quartzy just to name a few. We look forward to KV formally joining the YCVC program and helping more YC founders.",Y Combinator,Y Combinator
RethinkDB (YC S09) raises an $8M Series A,,Y Combinator,Y Combinator
Crowdtilt (YC W12) Raises Another $23 Million From Andreessen Horowitz & Others,,Y Combinator,Y Combinator
Congrats to Garry Tan on being featured in the Silicon Valley 40 under 40,,Y Combinator,Y Combinator
"Space-Saving iCloud Alternative Loom (YC W12) Now Supports Video, Too",,Y Combinator,Y Combinator
DrChrono (YC W11) to developers: Use our API to help us fix health care,,Y Combinator,Y Combinator
Coinbase (YC S12) Raises $25M Led By Andreessen Horowitz,,Y Combinator,Y Combinator
"Instant grocery delivery service Instacart (YC S12) launches in Boston, Cambridge and Somerville",,Y Combinator,Y Combinator
"Codecademy (YC S11) releases first learn-to-code iOS app Hour of Code, hits #1 in Education on App Store",,Y Combinator,Y Combinator
Rainforest (YC S12) lets dev teams run plain-English QA tests on-demand with help from the crowd,,Y Combinator,Y Combinator
"iBeacon Pioneer Estimote (YC S13) raises $3.1M from Innovation Endeavors, Betaworks, Bessemer",,Y Combinator,Y Combinator
Pebble (YC W11) featured on Ellen's 12 Days of Giveaways,,Y Combinator,Y Combinator
Congrats to Coinbase (YC S12) and Crowdtilt (YC W12) for Being in TIME's 30 People Under 30 Changing the World,,Y Combinator,Y Combinator
"Announcing the Safe, a Replacement for Convertible Notes",Paul Graham,Y Combinator,Y Combinator
Clever (YC S12) Gets $10 Million From Sequoia To Provide A Standardized API For School Data,,Y Combinator,Y Combinator
"Brace (YC W12) launches Dropbox-powered hosting, making it easy to host and update static websites",,Y Combinator,Y Combinator
"Swapbox (YC W13) raises $800K with centrally located delivery lockers, available now in San Francisco",,Y Combinator,Y Combinator
"Bop.fm (YC S13) lets you share music tracks across iTunes, Amazon, Google Play, Spotify, Rdio and YouTube.",,Y Combinator,Y Combinator
Homejoy (YC S10) Raises $38M for House Cleaning On Demand,,Y Combinator,Y Combinator
Subscribe to Y Combinator’s Broadcasts via App.net,,Y Combinator,Y Combinator
"Ahead of Christmas, ZowPow (YC W14) Launches Plush Toy Controllers That Interact With Mobile Games",,Y Combinator,Y Combinator
"E La Carte (YC S10) Scores Deal With Applebee’s, Bringing 100,000 Tableside Tablets To All U.S. Locations",,Y Combinator,Y Combinator
"Firebase (YC S11) adds Zapier (YC S12) integration, so your apps can connect with other apps in realtime",,Y Combinator,Y Combinator
Strikingly (YC W13) Launches Its Super Easy ‘One-Click’ Site Builder,,Y Combinator,Y Combinator
"Homejoy (YC S10) expands, starts foundation",,Y Combinator,Y Combinator
YC is joining Alexis Ohanian's Without Their Permission Tour,,Y Combinator,Y Combinator
Watsi x Goldbely (YC W13) holiday gift package funds patients on Watsi,,Y Combinator,Y Combinator
Submittable (YC S12) Powers Rachael Ray’s Great American Cookbook Competition,,Y Combinator,Y Combinator
Founder of Reddit (YC S05) and the Internet's Own Cheerleader,,Y Combinator,Y Combinator
"AeroFS (YC S10) raises $5.5M for private cloud file sync, wins large corporations who want maximum security & privacy",,Y Combinator,Y Combinator
Wevorce (YC W13) Gets $1.7 Million To Use Technology To Make Divorce Less Messy,,Y Combinator,Y Combinator
"Prophecy Sciences (YC W13) transforms recruiting using neuroscience, behavioral tests, and bio-signals",,Y Combinator,Y Combinator
The New Matterport (YC W12) 3D Camera Could Change Reality As You Know It,,Y Combinator,Y Combinator
"Meet Coin (YC W13), a startup creating a universal credit card",,Y Combinator,Y Combinator
"LendUp (YC W12) raises $14M Series A from Google Ventures, Data Collective",,Y Combinator,Y Combinator
Zenefits (YC W13) adds more features to save businesses from loads of ‘admin crap’,,Y Combinator,Y Combinator
"Weebly (YC W07) launches e-commerce capabilities, lets you sell unlimited products for $29/mo",,Y Combinator,Y Combinator
Lob (YC S13) raises $2.4M for easy printing and shipping services API,,Y Combinator,Y Combinator
Lawdingo (YC W13) raises $690K so you can talk to a lawyer instantly,,Y Combinator,Y Combinator
Zach Sims of Codecademy (YC S11) on Colbert Report: Teaching 10M people how to code,,Y Combinator,Y Combinator
"Startup School notes are now for sale as a book, all profits go to Watsi",,Y Combinator,Y Combinator
"Kicksend (YC S11) lets you print photos to your local Walmart, now making $150K/mo in rev, growing 30% month over month",,Y Combinator,Y Combinator
Founder Stories: Panorama's (YC S13) advice for first time founders and YC applicants,,Y Combinator,Y Combinator
Videos from Startup School 2013 are now online,"If you missed Startup School 2013, you can now watch videos from last week’s talks on YouTube.",Y Combinator,Y Combinator
Automatic (YC S11) Now Available in Apple Retail and Online Stores,,Y Combinator,Y Combinator
"ZenPayroll (YC W12) opens up its platform, promises efficiency through removing back office data silos",,Y Combinator,Y Combinator
Soylent (YC S12) raises $1.5M from Andreessen Horowitz and Lerer Ventures to be the future of food,,Y Combinator,Y Combinator
"Applying Data Analytics to Education, Panorama (YC S13) Wins Mark Zuckerberg’s First Public Angel Investment",,Y Combinator,Y Combinator
"WePay (YC S09) API now handling 648% more volume every month than in 2012, up to $1.5M daily",,Y Combinator,Y Combinator
From shorthand notes to full blog post: A review of MobileWorks (YC S11) in Business Insider,,Y Combinator,Y Combinator
"Automatic Link (YC S11) reviewed in TechCrunch: ""Worth the asking price.""",,Y Combinator,Y Combinator
"Founder Stories: Michelle Crosby, Wevorce (YC W13)",,Y Combinator,Y Combinator
People and Pine Cones: URX’s (YC S13) Y Combinator Story,"John Milinovich, cofounder of URX, posted a story about their YC experience on his blog.",Y Combinator,Y Combinator
"URX (YC S13) raises $3.1M seed round from First Round, Google Ventures, SV Angel, Crunchfund, Greylock",,Y Combinator,Y Combinator
Science Exchange (YC S11) gets $1.3M grant to validate 50 major cancer studies,,Y Combinator,Y Combinator
RentHop (YC S09) launches a new app that connects landlords and renters,,Y Combinator,Y Combinator
Zenefits (YC W13) launches its HR and benefits automation services for businesses in all 50 states,,Y Combinator,Y Combinator
"Double Robotics (YC S12) reviewed by Mashable: ""Most fun and effective telepresence robot I've ever seen.""",,Y Combinator,Y Combinator
"Nate, Brian and Joe of Airbnb (YC W09) tell their founding story on Charlie Rose",,Y Combinator,Y Combinator
Boris Jabes of Meldium (YC W13) in Geekwire: How to quit Microsoft and start your startup,,Y Combinator,Y Combinator
Founder Stories: Walker Williams of Teespring (YC W13),,Y Combinator,Y Combinator
"Kippt (YC S12) goes enterprise with its newest team collab tool, in use at top design agencies like teehan+lax",,Y Combinator,Y Combinator
Michael Arrington Unveils Stealth Y Combinator Startup URX (YC S13),,Y Combinator,Y Combinator
"Coin (YC W13) launches Arduino Bluetooth Low Energy module for $22, makes BLE integration easy",,Y Combinator,Y Combinator
Twitch in Fortune Magazine: Gamer video viewing surpass the Super Bowl's online numbers,,Y Combinator,Y Combinator
"Loom (YC W12) raises $1.4M for its photo library service, launches RAW photo support",,Y Combinator,Y Combinator
YourMechanic (YC W12) launches pre-purchase car inspections everywhere in San Francisco,,Y Combinator,Y Combinator
Listia (YC S09) raises $9M from General Catalyst for its used and free goods marketplace—mobile use up 2X in 3 months,,Y Combinator,Y Combinator
Flutter (YC W12) acquired by Google for its gesture recognition technology,,Y Combinator,Y Combinator
SimplyInsured (YC W13) raises $750K to simplify health insurance,,Y Combinator,Y Combinator
"Agent (YC S11) launches helping Android phones anticipate user needs, makes your phone a lot smarter",,Y Combinator,Y Combinator
Scribd (YC S06) launches a Netflix-like subscription service for digital books,,Y Combinator,Y Combinator
DoorDash (YC S13) raises $2.4M to improve food delivery — growing over 20% weekly,,Y Combinator,Y Combinator
99dresses (YC W12) launches iOS app and goes mobile-only for clothing swaps,,Y Combinator,Y Combinator
"YC-funded Twitch raises $20M for live video gaming, doubled viewers to 45M monthly in the past year",,Y Combinator,Y Combinator
Need leads for job candidates? HireArt (YC W12) launches a lower priced option for you,,Y Combinator,Y Combinator
"Swiftype (YC W12) raises $7.5M from NEA for site search done right—now serving 200M queries per month, up 20x in a year",,Y Combinator,Y Combinator
Mobile Deal-Finding App Shopular (YC W12) Raises $6.4 Million Series A From Sequoia,,Y Combinator,Y Combinator
Techcrunch goes hands on with home try-on custom fitted polo shirt service Vastrm (YC S12),,Y Combinator,Y Combinator
Chute (YC W12) lets brands ask its fans for permission to use their photos,,Y Combinator,Y Combinator
MIT Technology Review: One Month Rails (YC S13) and WeFunder (YC W13) on the forefront of crowd investing,,Y Combinator,Y Combinator
Thalmic Labs Myo (YC W13) featured in VentureBeat: The line between man and machine is blurring,,Y Combinator,Y Combinator
Strikingly (YC W13) launches its site builder for Southeast Asia,,Y Combinator,Y Combinator
iCracked (YC W12) sends someone to your place to pick up your old iPhone when you want to sell it,,Y Combinator,Y Combinator
"Ready For Zero (YC S10) in Palo Alto Online: helps people get out of debt, especially student loan debt",,Y Combinator,Y Combinator
Docker (YC S10) partners with RedHat OpenShift,,Y Combinator,Y Combinator
Kamcord (YC S12) launches gameplay video library for Android games,,Y Combinator,Y Combinator
Deadline to apply to Startup School is tomorrow,,Y Combinator,Y Combinator
Fast Company interview with 99 Dresses founder Nikki Durkin (YC W12),,Y Combinator,Y Combinator
Cube (YC W12) launches Windows Phone 8 and Windows 8 credit card payment apps,,Y Combinator,Y Combinator
"Startup Portrait: Microryza (YC W13) — Discovering, funding and experiencing new scientific discoveries",,Y Combinator,Y Combinator
"Goldbely (YC W13) raises $3M from Intel Capital, ACE & Co, 500 Startups, Tim Draper for artisan food delivery",,Y Combinator,Y Combinator
"Instacart (YC S12) growing 10% weekly, expands to Chicago with more cities on the way",,Y Combinator,Y Combinator
Future Advisor (YC S10) at Finnovate: Automatically manage your assets and portfolio for $19/mo,,Y Combinator,Y Combinator
"Watsi (YC W13) in Salon: Click here, save a life, for real",,Y Combinator,Y Combinator
Ark (YC W12) Launches Rapportive-Meets-Mailbox Email App In Pivot To Marketing Intelligence,,Y Combinator,Y Combinator
"One Direction raises $780,000 for charity using Prizeo (YC W13)",,Y Combinator,Y Combinator
Appcubator (YC W13) lets you drag-and-drop create and host Django web apps with no code knowledge necessary,,Y Combinator,Y Combinator
Pebble (YC W11) founder Eric Migicovsky at TC Disrupt: Not shaken by smartwatch competition,,Y Combinator,Y Combinator
Crohnology (YC S12) lets patients are collaborating for better health: A social network for Crohn's disease,,Y Combinator,Y Combinator
Estimote (YC S13) Wins Best Hardware Startup At TechCrunch Disrupt SF,,Y Combinator,Y Combinator
Crowdtilt (YC W12) launches first mobile app - Crowdfund anything while on the go,,Y Combinator,Y Combinator
Regalii (YC S13) is changing the way people send money to family abroad,,Y Combinator,Y Combinator
Trigger.io (YC W08) open-sources its cross-platform dev libraries as OpenForge,,Y Combinator,Y Combinator
ZDNet selects HelloSign (YC W11) and HelloFax as Top Business App for iOS,,Y Combinator,Y Combinator
"Solomon Hykes of Docker (dotCloud, YC S10) featured in Wired: Building a computer the size of the Internet",,Y Combinator,Y Combinator
"Apple won't buy your smashed old iPhone, but iCracked (YC W12) will— and they'll pick it up from you too",,Y Combinator,Y Combinator
Zapier (YC S12) brings integration with 200 web services to Google Glass,,Y Combinator,Y Combinator
Vastrm (YC S12) founder Jonathan Tang interviewed on Bloomberg: The Warby Parker for Shirts,,Y Combinator,Y Combinator
SpoonRocket (YC S13) in the Mercury News: Healthy meals delivered in 10 minutes for $6,,Y Combinator,Y Combinator
Rent Metrics (YC S12) helps landlords set rents with better data: Capturing 500M data points boiled down to 6M listings,,Y Combinator,Y Combinator
Facebook VP of Platform Mike Vernal on why they bought Parse (YC S11),,Y Combinator,Y Combinator
Alexis Ohanian embarks on an epic 100 stop college tour promoting entrepreneurship: Coming to a campus near you!,,Y Combinator,Y Combinator
SendHub (YC W12) raises $3M Series A from Bullpen Capital for its mobile-optimized business phone systems,,Y Combinator,Y Combinator
Lanyrd (YC W11) acquired by Eventbrite,,Y Combinator,Y Combinator
Alexis Ohanian interviews Watsi.org (YC W13) founder Chase Adam: Meet the future of philanthropy,,Y Combinator,Y Combinator
Learn to be a Ninja in Kyoto: Vayable (YC S12) interviewed on CBS News,,Y Combinator,Y Combinator
ZenPayroll (YC W12) now processes more than $100M per year of payroll for thousands of employees,,Y Combinator,Y Combinator
World Economic Forum names YC alums Airbnb and Codecademy as 2013 Technology Pioneers,,Y Combinator,Y Combinator
Estimote (YC S13) featured in Upstart Business Journal: Bringing Bluetooth low-energy tech to the masses,,Y Combinator,Y Combinator
Prizeo (YC W13) featured by Forbes as one of 12 companies transforming industries,,Y Combinator,Y Combinator
Heap (YC W13) Raises $2M For Their “Capture Everything” Analytics Tool,,Y Combinator,Y Combinator
"Weebly (YC W07) expands to new 36K sq ft SF HQ, will expand to 600 employees",,Y Combinator,Y Combinator
Soundfocus (YC S13) chosen as Gizmodo App of the Day: World's first music player tuned to your hearing,,Y Combinator,Y Combinator
Rap Genius (YC S11) reaches the Quantcast Top 100,,Y Combinator,Y Combinator
"Kamcord (YC S12) announces 1 billion gameplay videos recorded, raises an additional $1M in seed","Kamcord, the Y Combinator-backed startup offering a free SDK that makes it easy for iOS devs to offer in-game recording functionality to their users, is today announcing an additional $1M in seed funding and some big updates since the last time we checked in.",Y Combinator,Y Combinator
"Crowdtilt (YC W12) launches Crowdhoster, the world's most flexible open source crowd funding platform",,Y Combinator,Y Combinator
CoreOS (YC S13) in Wired: Linux hackers rebuild Internet from Silicon Valley garage,,Y Combinator,Y Combinator
Buttercoin (YC S13) Uses Bitcoin To Attack The $500B-A-Year Remittances Economy,,Y Combinator,Y Combinator
Graft Concepts (YC S13) is the Swiss Army Knife of iPhone cases,,Y Combinator,Y Combinator
"How PlanGrid (YC W12) will save NEA Baptist Hospital almost $2M, for an ROI of 7753.41%",,Y Combinator,Y Combinator
Teleborder (YC S13) uses tech smarts and SaaS to cut through the red tape of getting visas for all your workers,,Y Combinator,Y Combinator
Coinbase (YC S12) in the New Scientist: Launching instant Bitcoin micro payments off-blockchain,,Y Combinator,Y Combinator
Anthony Ha at Techcrunch gets the tour of Homejoy (YC S10): Launched in 26 cities in 6 months,,Y Combinator,Y Combinator
Balanced (YC W11) featured on Github OctoTales: How they get feedback from customers on API and design,,Y Combinator,Y Combinator
FundersClub (YC S12) goes invite-only,,Y Combinator,Y Combinator
Parse (YC S11) is throwing Parse Developer Day Sept 5 in SF — Learn the latest mobile app techniques,,Y Combinator,Y Combinator
Coinbase (YC S12) adds SMS commands for easy mobile bitcoin transfers and requests,,Y Combinator,Y Combinator
Toutpost (YC S13) is turning online debates into the best central repository for product info and advice,,Y Combinator,Y Combinator
"Bloomthat (YC S13) launches on-demand flowers for $35 in 90 minutes in SF, to disrupt $8B flower delivery market",,Y Combinator,Y Combinator
Amulyte (YC S13) is building a modern senior monitoring system so you can keep your grandparents safe,,Y Combinator,Y Combinator
"Panorama Education (YC S13) makes polling easy for educators in 3,000 US schools, grew customer base by 100%",,Y Combinator,Y Combinator
Crowdery (YC S13) provides AB testing for a brand's physical products,,Y Combinator,Y Combinator
"Swiftype (YC W12) raises $1.7M seed from A16z, NEA, Kleiner Perkins for rock solid site search",,Y Combinator,Y Combinator
Ink (YC S12) lets iOS apps talk to each other and share data,,Y Combinator,Y Combinator
"Firebase (YC S11) leaves public beta, announces pricing for real-time backend",,Y Combinator,Y Combinator
SoundFocus (YC S13) launches the music app optimized for 600 million people with hearing loss,,Y Combinator,Y Combinator
"Humble Bundle (YC W11) launches the Humble Origin Bundle including Mirror's Edge, Crysis 2",,Y Combinator,Y Combinator
"Plivo (YC S12) launches ""bring your own carrier"" so large companies don't have to switch",,Y Combinator,Y Combinator
"ixi-play (YC S13) launches an Android-powered smart robot for your kids for $299, now available for preorder",,Y Combinator,Y Combinator
GoComm (YC S13) takes on Yammer Mobile for task management and event coordination,,Y Combinator,Y Combinator
Hackermeter (YC S13) wants to kill your résumé and replace it with a high score,,Y Combinator,Y Combinator
"Casetext (YC S13) applies the lessons of Wikipedia to annotating law, takes aim at Westlaw and Lexis",,Y Combinator,Y Combinator
Watchsend (YC S13) lets you record mobile screen interactions for user testing so you can make your app better,,Y Combinator,Y Combinator
"Meta (YC S13) augmented reality glasses now available for pre-order, does what Glass can't",,Y Combinator,Y Combinator
"Leo Laporte on unboxing his Double Robotics (YC S12) at TWiT: ""This is cool!""",,Y Combinator,Y Combinator
LocalOn (YC S13) works with newspapers to give small businesses a one-stop shop for online marketing,,Y Combinator,Y Combinator
Siasto (YC W11) raises $750K seed round for its mobile collaboration and project management service,,Y Combinator,Y Combinator
"Senic (YC S13) wants to revolutionize measurement, starting with a smartphone-connected laser range finder",,Y Combinator,Y Combinator
"Streak (YC S11) launches native iOS app, brings Gmail directly into the Streak CRM mobile app",,Y Combinator,Y Combinator
"SimpleLegal (YC S13) launches to reduce legal bills using the magic of machine learning, typically 5% to 20% off",,Y Combinator,Y Combinator
Glio (YC S13) launches as the Yelp of Brazil and Latin America,,Y Combinator,Y Combinator
Weilos (YC S13) wants to pair you with an online weight loss coach who has shed pounds themselves,,Y Combinator,Y Combinator
7 Cups Of Tea (YC S13) connects people in need of emotional support with trained listeners,,Y Combinator,Y Combinator
"Webflow (YC S13) lets you design responsive websites visually, and publish instantly when you're done",,Y Combinator,Y Combinator
"Kivo (YC S13) uses git to make collaborating on documents easier, starting with PowerPoint",,Y Combinator,Y Combinator
"One Month Rails (YC S13) launches, teaching you how to build your startup while you learn to code",,Y Combinator,Y Combinator
FlightCar (YC W13) lets car owners in San Francisco ditch their idle cars and get paid up to $400/mo,,Y Combinator,Y Combinator
Hipmunk (YC S10) launches Hipmunk Tonight Ony: instant hotel rooms available this evening last minute,,Y Combinator,Y Combinator
"Soylent (YC S12) Closes In On Finalizing Its Formula, Reaches $1M In Pre-Orders",,Y Combinator,Y Combinator
Asseta (YC S13) launches their open and transparent marketplace for the $6 billion used semiconductor market,,Y Combinator,Y Combinator
True Link Financial (YC S13) is out to help the elderly avoid scammers with pre-paid Visa cards,,Y Combinator,Y Combinator
Disrupting payday loans: Sasha Orloff of LendUp (YC W12) at TEDxSacramento,,Y Combinator,Y Combinator
"SlidePay (YC W12) launches the ""Android"" of mobile payments—now any app can take payments like Square does",,Y Combinator,Y Combinator
"Grid (YC S12) raises a seed round from Phil Libin of Evernote, Jerry Yang, Yuri Milner, Founders Fund, others",,Y Combinator,Y Combinator
"Floobits (YC S13) lets you write code with others directly in Sublime Text, Emacs, Vim—pair programming done right",,Y Combinator,Y Combinator
"Butter Systems (YC S13) launches, making restaurant experiences better with tablet menus, now live at Bumble in Los Altos",,Y Combinator,Y Combinator
MakeGamesWithUs (YC W12) in the SF Chronicle: Giving young developers a home,,Y Combinator,Y Combinator
"Trigger.io (YC W08) launches v2.0—write JS apps that compile natively to iOS/Android, now with native modules",,Y Combinator,Y Combinator
"Alexis Ohanian of Reddit (YC S05) hosts Small Empires on The Verge, early viewing tonight at 5pm Pacific",,Y Combinator,Y Combinator
"Double Robotics (YC S12) helps Williams Cycling work remote, and save thousands on travel to their wind tunnel",,Y Combinator,Y Combinator
"Zenefits (YC W13) raises $2.1M from Venrock, Maverick, Aaron Levie, Charlie Cheever to automate startup HR",,Y Combinator,Y Combinator
"DoorDash (YC S13) delivers from favs like Oren's Hummus, Sprout for $6 in 45 mins—now serving PA, MV, Los Altos",,Y Combinator,Y Combinator
"Prim (YC S13) launches the Uber for Laundry—Painless pickup, wash, fold, now available in SF, MV, Palo Alto",,Y Combinator,Y Combinator
Pulitzer prize-winning author Junot Díaz uses Rap Genius (YC S11) to creatively annotate his works,,Y Combinator,Y Combinator
"Machine Zone (YC W08) debuts Game of War iOS MMO game, supports hundreds of thousands of players simultaneously",,Y Combinator,Y Combinator
Lob (YC S13) launches a cloud printing and shipping service for developers,,Y Combinator,Y Combinator
How Asana does marketing analytics: Google Analytics + Optimizely (YC W10) + Swiftype (YC W12),,Y Combinator,Y Combinator
"Watsi (YC W13) raises a $1.2M philanthropic seed round from PG, Tencent, YC, Conway, Khosla, Draper Richards Kaplan",,Y Combinator,Y Combinator
PaaS pioneer DotCloud (YC S10) brings on new industry vet Ben Golub as CEO,,Y Combinator,Y Combinator
GetGoing (YC S12) launches hotel search booking and lots of experience improvements,,Y Combinator,Y Combinator
"Loom (YC W12) launches cloud photo sync done right: Don't fill your HD,  store and view it all at any time on all devices",,Y Combinator,Y Combinator
"Goldbely (YC W13) in Fast Company: ""We let people travel with their taste buds.""",,Y Combinator,Y Combinator
"Binary Thumb (YC S12) launches Grid for iOS, a beautiful collaborative grid-based spreadsheet",,Y Combinator,Y Combinator
"FanHero (YC S13) launches, helping YouTubers sell merch to their fans",,Y Combinator,Y Combinator
Orbs CCG (YC S13) takes to Kickstarter to reinvent Magic: The Gathering online and make it async,,Y Combinator,Y Combinator
NASA Develops Novel Carbon Nanotube Growth Through Science Exchange (YC S11),,Y Combinator,Y Combinator
Apportable (YC W11) helps Björk release Android app album Biophilia—cross-compiled from iOS in less than 1 hr,,Y Combinator,Y Combinator
Meldium (YC W13) raises $1M in seed funding to help teams manage their passwords securely,,Y Combinator,Y Combinator
"RealCrowd (YC S13) brings crowdfunding to commercial real estate: Own real property, collect rent, $5K minimums",,Y Combinator,Y Combinator
FundersClub (YC S12) now shares carried interest with members on startup investment referrals,,Y Combinator,Y Combinator
"Estimote (YC S13) launches sensor-based analytics platform, with preorders now available",,Y Combinator,Y Combinator
"StatusPage (YC S13) launches: Now anyone can have a status page as good as Parse, New Relic, or Shopify's",,Y Combinator,Y Combinator
"Dropbox (YC S07) in Wired: ""It's going to work this way in the future. Why not us?"" —Drew Houston",,Y Combinator,Y Combinator
"Pebble (YC W11) ships over 275K units, tops 1M watch apps downloaded",,Y Combinator,Y Combinator
Coinbase (YC S12) announces instant bitcoin purchases,,Y Combinator,Y Combinator
"Mixpanel (YC S09) announces Data Driven Conference 2013, July 31 — Max Levchin and Aaron Levie speaking",,Y Combinator,Y Combinator
Comprehend (YC W11) raises $8.4M Series A from Sequoia to help bring drugs and medical devices to market faster,,Y Combinator,Y Combinator
"iCracked (YC W12) in Mashable: ""You learn more in the first 6 weeks of starting than all 4 years of college.""",,Y Combinator,Y Combinator
Instacart (YC S12) raises $8.5M from Sequoia Capital to scale its instant grocery delivery service to 10 cities nationwide,,Y Combinator,Y Combinator
"Apptimize (YC S13) launches, bringing reliable A/B testing to native iOS and Android apps",,Y Combinator,Y Combinator
"SpoonRocket (YC S13) launches in Berkeley, bringing $6 gourmet meals delivered to your curbside in less than 10 min",,Y Combinator,Y Combinator
Standard Treasury (YC S13) aims to make software that eats commercial banking,,Y Combinator,Y Combinator
"Pebble (YC W11) is coming to a Best Buy store shelf near you, starting July 7",,Y Combinator,Y Combinator
"Pixate (YC S12) raises $3.8M Series A from Accel to bring dynamic UIs with the power of CSS to iOS, Android and Mac",,Y Combinator,Y Combinator
"Quartzy (YC S11) raises $4M Series A round led by Khosla Ventures, making labs way easier to manage",,Y Combinator,Y Combinator
Time Magazine names Kicksend (YC S11) one of the Top 50 Best Android Apps of 2013,,Y Combinator,Y Combinator
Double Robotics (YC S12) has started shipping iPad-equipped telepresence robots,,Y Combinator,Y Combinator
"BuildZoom (YC W13) raises $1.4M from Formation 8 and angels, has over 3M licensed building contractor listings",,Y Combinator,Y Combinator
E la Carte (YC S10) raises $13.5M Series B from Intel Capital for user-friendly restaurant tablets,,Y Combinator,Y Combinator
"The Muse (YC W12) rebrands, now helps all professionals with job listings, career advice, company profiles",,Y Combinator,Y Combinator
Origami (YC S11) launches family-focused private groups,,Y Combinator,Y Combinator
"LendUp (YC W12) offers instant online and mobile loans, disrupting the payday loan space with funding from A16z, KP",,Y Combinator,Y Combinator
Crowdtilt (YC W12) raises $750K for Soylent and many others: Open source crowd funding with no restrictions,,Y Combinator,Y Combinator
"Kippt (YC S12) launches Inc, the way companies can build their own private knowledge base",,Y Combinator,Y Combinator
Firebase (YC S11) raises $5.6M Series A from Union Square Ventures and Flybridge,,Y Combinator,Y Combinator
Videopixie (YC S11) launches the easiest way to create beautiful videos with the help of pro video editors,,Y Combinator,Y Combinator
Homejoy (YC S10) launches home cleaning as a perk for your employees,,Y Combinator,Y Combinator
Great advice from the founders of Kamcord (YC S12) about how to find cofounders,,Y Combinator,Y Combinator
"Filepicker.io (YC S12) raises $1.8M from Andreessen Horowitz and Highland Capital Partners, rebrands as Ink",,Y Combinator,Y Combinator
Priceonomics (YC W12) discovers Airbnb lets travellers save up 49.5% on average over hotels nationwide,,Y Combinator,Y Combinator
Binary (YC W11) launches the easiest way to code on an iPad,,Y Combinator,Y Combinator
"Joe Gebbia of Airbnb (YC W09) interviewed at LeWeb London 2013: ""From nothing, you can start something""",,Y Combinator,Y Combinator
DrChrono (YC W11) ranked the #1 overall iPad EMR/EHR by Black Book Rankings,,Y Combinator,Y Combinator
FlightCar (YC W13) on MSNBC: Three 18 year olds drop out to change an industry,,Y Combinator,Y Combinator
Kicksend (YC S11) featured on the Today Show: Easy high quality one-hour photo prints for Dad this weekend,,Y Combinator,Y Combinator
"Instacart (YC S12) is now not just easier, but cheaper than buying groceries from the store too",,Y Combinator,Y Combinator
"Draft.io founder Nate Kontny (YC S11) on crashing and burning at demo day, and learning to build products people care about",,Y Combinator,Y Combinator
Heyzap (YC W09) mobile game ad platform growing explosively: Now running ads in over 800 games,,Y Combinator,Y Combinator
Airbnb (YC W09) introduces hyper-local Neighborhoods guide for Bangkok,,Y Combinator,Y Combinator
Scoutzie (YC S12) launches iOS 7 UI refreshes for your app in 7 days or less,,Y Combinator,Y Combinator
Twitch will be integrated into Microsoft's new Xbox One,,Y Combinator,Y Combinator
Drew Houston of Dropbox (YC S07) MIT Commencement address,,Y Combinator,Y Combinator
Josh Reeves of ZenPayroll's WSJ column: Don’t Raise Capital Until You Know How to Spend It,"Money is the lifeblood of a startup. The product and team are the heart and soul, but without capital, a company can’t pay its employees, rent an office or pay its bills. At the same time, not all sources of capital are created equal and raising too much capital too soon, or working with the wrong investor, can have long-term negative ramifications for your company. This short-term vs. long-term trade-off is a big part of why fundraising is just a complex topic. The key to remember throughout the process is that fundraising isn’t a goal — it’s a means to an end. Building a business you’re proud of, which solves a problem you care about, with people that share your values, is the ideal.",Y Combinator,Y Combinator
Tomer London of ZenPayroll (YC W12) selected for Inc 30 Under 30: Bringing Enlightenment to Payroll,,Y Combinator,Y Combinator
Easel.io (YC S12) teaches you everything you need to know about typography in their Setting Type tutorial,,Y Combinator,Y Combinator
"Kamcord (YC S12) now lets mobile game players add their own vocal tracks, has recorded over 500M videos since launch",,Y Combinator,Y Combinator
"EasyPost (YC S13) is a Stripe for Shipping, raises $850K and is doubling transactions every month",,Y Combinator,Y Combinator
"AnyPerk (YC W12) featured in PandoDaily: ""Might be the best Japanese import since Ichiro""",,Y Combinator,Y Combinator
"The Muse (YC W12) featured in Fox Business: Fixing job boards, 100 hiring partners so far",,Y Combinator,Y Combinator
"GinzaMetrics (YC S10) launches major update to SEO management software, adds Sean McCullough as CTO",,Y Combinator,Y Combinator
Twitch.tv grows to 35M unique viewers a month,,Y Combinator,Y Combinator
"Airbnb (YC W09) providing legal support for fined NYC Airbnb host Nigel Warren and landlord, files appeal",,Y Combinator,Y Combinator
Stripe (YC S09) lets marketplaces send payouts,,Y Combinator,Y Combinator
"Thalmic Labs (YC W13) raises $14.5M from Spark, Intel, Formation8, First Round to make the MYO armband the next big thing",,Y Combinator,Y Combinator
Heap (YC W13) launches analytics for iOS apps that don't require instrumentation: Capture all the swipes and taps automatically,,Y Combinator,Y Combinator
"Referly (YC S12) becomes Mattermark, the way VCs and angels can prospect for the best companies to invest in",,Y Combinator,Y Combinator
"PlanGrid (YC W12) launches hyperlinking and web-based markup for blueprints, now used by 35K construction projects",,Y Combinator,Y Combinator
"Segment.io (YC S11) launches single analytics solution for mobile app, sees over one billion API calls a month",,Y Combinator,Y Combinator
HireArt (YC W12) featured in NYTimes Op Ed by Thomas L. Friedman: How to Get a Job,,Y Combinator,Y Combinator
Coinbase (YC S12) is becoming the most trustworthy consumer brand in Bitcoin,,Y Combinator,Y Combinator
When a toilet brush becomes a Homejoy (YC S10) CEO Adora Cheung's secret ROI weapon,,Y Combinator,Y Combinator
Airware's Jonathan Downey (YC W13) interviewed in Wired: Envisioning the Future Drone Workforce,,Y Combinator,Y Combinator
Remote work done right: How Janine Yoong uses the Double Robotics (YC S12) Double at TokBox,,Y Combinator,Y Combinator
"PayDragon (YC S11) proves that mobile grocery ordering is sticky, growing revenue 35% per week",,Y Combinator,Y Combinator
Loom (YC W12) is building a better iCloud,,Y Combinator,Y Combinator
"Hipmunk (YC S10) takes aim at Kayak: Searches, bookings and revenue doubling every year",,Y Combinator,Y Combinator
Instacart (YC S12) launches in Oakland and Berkeley,,Y Combinator,Y Combinator
Soylent taking pre-orders on Crowdhoster now: What if you never had to worry about food again?,What if you never had to worry about food again?,Y Combinator,Y Combinator
"Airbrite (YC S12) launches Celery, an online store builder that lets sellers easily accept pre-orders",,Y Combinator,Y Combinator
"Crowdhoster by Crowdtilt (YC W12) launches custom reward levels, themes, and multiple campaigns",,Y Combinator,Y Combinator
BeatDeck (YC W13) launches analytics platform to show musicians who their fans are,,Y Combinator,Y Combinator
"FlightCar (YC W13) launches in Boston, bringing free airport parking and low cost rental cars to Logan Airport",,Y Combinator,Y Combinator
LendUp (YC W12) wins Finovate 2013 Best in Show for consumer loan platform to help the underbanked build credit,,Y Combinator,Y Combinator
"Welcome Kevin, Michael, Steve, Dalton, and Andrew",YC has a bunch of announcements about people coming and going so I thought I’d do them all at once.,Y Combinator,Y Combinator
"HireArt (YC W12) in the Harvard Business Review on hiring: To Attract New Grads, Hire Like a Startup",,Y Combinator,Y Combinator
Matterport (YC W12) featured in Xconomy: Makes highly accurate 3D scans of rooms push-button simple,,Y Combinator,Y Combinator
"Pebble (YC W11) raises $15M from Charles River Ventures for the future of smart watches, has shipped 70K devices",,Y Combinator,Y Combinator
Coinbase (YC S12) launches subscriptions and recurring payments using Bitcoin,,Y Combinator,Y Combinator
ZenPayroll (YC W12) launches autopilot for payroll,,Y Combinator,Y Combinator
"Embark (YC S11) launches Embark SF, unifying BART, MUNI, AC Transit and Caltrain in one app",,Y Combinator,Y Combinator
Airware (YC W13) raises $10.7M from Andreessen Horowitz and Google Ventures for commercial drone autopilots,,Y Combinator,Y Combinator
Cloudant (YC S08) raises $12M for highly scalable database-as-a-service,,Y Combinator,Y Combinator
"YC alums named in Fast Company Most Creative 2013: Apoorva Mehta, Katelyn Gleason, Mahbod Moghadam",,Y Combinator,Y Combinator
Box acquires Crocodoc (YC W10),,Y Combinator,Y Combinator
"Coinbase (YC S12) raises $5M from Union Square Ventures, largest financing round yet for a Bitcoin startup",,Y Combinator,Y Combinator
Chute (YC W12) raises $7M to help publishers and brands manage user-generated photos,,Y Combinator,Y Combinator
"Science Exchange (YC S11) Raises $3 Million from Union Square Ventures, O'Reilly AlphaTech",,Y Combinator,Y Combinator
"Grouper (YC W12) launches iPhone app, now in 20 cities, 400 partner bars, served hundreds of thousands of drinks",,Y Combinator,Y Combinator
"Strikingly (YC W13) raises $1.5M from SV Angel, Index Ventures, FundersClub",,Y Combinator,Y Combinator
Behind the scenes at Thalmic Labs (YC W13): A look inside their Waterloo Labs,,Y Combinator,Y Combinator
"It's OK, I've got Lawdingo (YC W13)","That’s what the good folks at Lawdingo have done with a brilliant, tongue-in-cheek look at legal advice.",Y Combinator,Y Combinator
"Instacart (YC S12) adds Costco delivery to San Francisco, no membership needed",,Y Combinator,Y Combinator
Trigger.io (YC W08) announces 10X growth in the last year for its write-once-run-anywhere mobile platform,,Y Combinator,Y Combinator
CrowdMed (YC W13) featured in New Scientist: Crowd diagnosis could spot rare diseases doctors miss,,Y Combinator,Y Combinator
"Crowdtilt (YC W12) Confirms $12M Raise From Andreessen, Sean Parker, Dave Morin & Others",,Y Combinator,Y Combinator
Verbling (YC S11) brings immersive language learning into your living room with Courses,,Y Combinator,Y Combinator
ZenPayroll (YC W12) and Xero form cloud-based accounting partnership to rival the likes of ADP and QuickBooks,,Y Combinator,Y Combinator
"Heap (YC W13) launches a modern take on analytics: Track everything, and write no code to do it",,Y Combinator,Y Combinator
InterviewStreet (YC S11) in Forbes Magazine: The Prince of Programming Contests helps top coders worldwide get the best jobs,,Y Combinator,Y Combinator
"CrowdMed (YC W13) raises $1.1M, launches crowdsourced medical diagnosis",,Y Combinator,Y Combinator
OKCupid partners with Coinbase (YC S12) to become the latest Web service to support Bitcoin,,Y Combinator,Y Combinator
"FlightCar (YC W13) raises $5.5M from General Catalyst, Softbank, Brian Chesky, Ryan Seacrest, to bring P2P Airport Car Rental everywhere",,Y Combinator,Y Combinator
"SendHub (YC W12) launches the best phone service for businesses on iOS and Android, supports call, text, call transfer, and group messages",,Y Combinator,Y Combinator
"ReelSurfer (YC S12) gets a makeover, adds NY Times and ESPN",,Y Combinator,Y Combinator
"Kippt (YC S12), an Evernote for the Web, launches new API and App Gallery",,Y Combinator,Y Combinator
"SmartAsset (YC S12) launches the most in-depth way to understand buying a home, now with even more helpful data",,Y Combinator,Y Combinator
"Backlift (YC W12) launches a back-end service for front-end developers, works great with Dropbox, Backbone, and Angular",,Y Combinator,Y Combinator
"ZenPayroll (YC W12) launches ZenPayroll for Accountants, making it easy for them to manage all their clients from one dashboard",,Y Combinator,Y Combinator
"Optimizely (YC W10) raises $28M from Benchmark Capital, growing over 400% a year",,Y Combinator,Y Combinator
Tastemaker (YC S12) launches a personalized interior design service for the rest of us - world class interior design starting at $400,,Y Combinator,Y Combinator
Creative Market (YC W10) releases an Adobe Photoshop extension that lets you buy premium design content without ever leaving Photoshop,,Y Combinator,Y Combinator
"Coderwall (YC W12) launches Pitchbox, a recruiting service for the very best hackers to find their dream jobs",,Y Combinator,Y Combinator
"Firebase (YC S11) launches Firepad, an collaborative editor just like Google Docs that's open source",,Y Combinator,Y Combinator
HireArt (YC W12) wants to help you find a job at an education startup,,Y Combinator,Y Combinator
"Tracks.by (YC S12) Team Morphs Its Music Discovery Site, Hipset, Into A YouTube Network For Celebrities",,Y Combinator,Y Combinator
"TapIn.TV (YC S12) evolves into Framebase, making building products that use video much easier",,Y Combinator,Y Combinator
"Draft (YC S11) launches a clean, modern word processor with built in editing services",,Y Combinator,Y Combinator
Watsi (YC W13) profiled in The Next Web: YC's first startup non-profit,,Y Combinator,Y Combinator
"Arram Sabeti, founder of ZeroCater (YC W11), on getting his start in the Valley",,Y Combinator,Y Combinator
StoryWorth (YC W11) launches to record and elicit family stories,,Y Combinator,Y Combinator
AeroFS (YC S10) now launches to the public: Build your own Dropbox and sync files to infrastructure you own yourself,,Y Combinator,Y Combinator
"Sanjay Dastoor, cofounder of Boosted Boards (YC S12), showcases their product at TED 2013",,Y Combinator,Y Combinator
"Close.io (YC W11) Raises Funding From SV Angel, Spark Capital To Improve Communication For Salespeople",,Y Combinator,Y Combinator
"Payments Startup Balanced (YC W11) Raises More Money From Andreessen Horowitz, CollabFund, And Others",,Y Combinator,Y Combinator
Airbnb (YC W09) cofounder Brian Chesky interviewed by Ryan Seacrest on the Today Show,,Y Combinator,Y Combinator
"TiKL (YC W12) downloaded over 28M times with zero marketing spend, releases TiKL touch to talk API",,Y Combinator,Y Combinator
"Bitnami (YC W13) launches an app store for all server software, already delivers over 1M downloads per month",,Y Combinator,Y Combinator
"Prizeo (YC W13) channels celebrity influence into funding for charities, announces campaign with Jamie Oliver",,Y Combinator,Y Combinator
"NewsBlur (YC S12) scales on a shoestring, handles a huge influx of users post-Google-Reader-pocalypse",,Y Combinator,Y Combinator
Vidyard (YC S11) raises $6M Series A from OMERS Ventures to build out its video marketing and analytics platform,,Y Combinator,Y Combinator
Stripe (YC S09) partners with Parse (YC S11) to let mobile app developers easily accept payments in their apps and write less code to do it,,Y Combinator,Y Combinator
Kippt (YC S12) goes way beyond bookmarking with new 2.0 release: Now is the way to store all content from URLs,,Y Combinator,Y Combinator
Microryza (YC W13) is teaming up with Science Exchange (YC S11) to directly fund breast cancer research,,Y Combinator,Y Combinator
WeFunder (YC W13) launches to bring crowdfunding startups to the masses,,Y Combinator,Y Combinator
Posmetrics (YC W13) launches iPad-based customer feedback solution for brick-and-mortar businesses,,Y Combinator,Y Combinator
"Perfect Audience (YC S11) now serves over 4 billion ad impressions per month for 2,500 advertisers",,Y Combinator,Y Combinator
"Firebase (YC S11) launches its iOS SDK, brings realtime capabilities to mobile",,Y Combinator,Y Combinator
Terascore (YC W13) launches to help teachers bring testing online,,Y Combinator,Y Combinator
"Fivetran (YC W13) launches to bring spreadsheets into the modern age: SQL and Matlab, meet easy point-and-click.",,Y Combinator,Y Combinator
"Sift Science (YC S11) launches to fight fraud on your website, raises $5.5M Series A from Union Square Ventures, Max Levchin, others",,Y Combinator,Y Combinator
StyleUp (YC W13) recommends daily personalized outfits tailored to your style and location,,Y Combinator,Y Combinator
CircuitLab (YC W13) has 70K monthly users for its browser-based electronics design and simulation tool,,Y Combinator,Y Combinator
"Errplane (YC W13) launches performance monitoring and alert service for web apps - New Relic, Pingdom, Airbrake all in one",,Y Combinator,Y Combinator
Lollipuff (YC W13) launches an eBay-like marketplace for authenticated designer clothing and accessories,,Y Combinator,Y Combinator
SwapBox (YC W13) launches the solution to missed deliveries at your home: an delivery kiosk coming to a neighborhood near you,,Y Combinator,Y Combinator
"InstantCab (YC W12) launches in San Francisco, offers more drivers, lower fare prices than Uber, Sidecar",,Y Combinator,Y Combinator
"Amiato (YC W12) raises $2M from A16z, Data Collective, Ignition to bring the power of SQL to deep analysis of A/B tests",,Y Combinator,Y Combinator
BuildZoom (YC W13) connects homeowners with over 2.5M licensed contractors for remodeling projects,,Y Combinator,Y Combinator
"Automatic (YC S11) connects to your car's data port, lets you see everything about your car and driving patterns",,Y Combinator,Y Combinator
"Clerky (YC S11) launches the fastest, easiest way to incorporate a startup",,Y Combinator,Y Combinator
"Matterport (YC W12) launches a 3D interactive scanner for real world environments, announces $5.6M funding round",,Y Combinator,Y Combinator
"Pathjoy (YC S10) raises $1.7M from Andreessen Horowitz, First Round Capital, Resolute.VC, Max Levchin, PB, others",,Y Combinator,Y Combinator
ScreenHero (YC W13) launches Windows version of collaborative screen sharing app,,Y Combinator,Y Combinator
SimplyInsured (YC W13) launches to take the pain out of health insurance quotes and enrollment,,Alexis Ohanian,Alexis Ohanian
Save your business from password hell: Meldium (YC W13) launches secure cloud password service for all your SaaS apps,,Alexis Ohanian,Alexis Ohanian
Semantics3 (YC W13) launches the one Consumer Products API to rule them all: Over 20M products with clean metadata,,Alexis Ohanian,Alexis Ohanian
From Triceratops excavation to Anthrax therapeutics: Microryza (YC W13) launches a Kickstarter for scientific research,,Alexis Ohanian,Alexis Ohanian
Thalmic (YC W13) launches the Myo armband for gesture control,,Alexis Ohanian,Alexis Ohanian
Padlet (YC W13) brings drag-and-drop to collaborative website creation,,Alexis Ohanian,Alexis Ohanian
TrustEgg (YC W11) launches the the way for any parent to set up trusts for their children,,Alexis Ohanian,Alexis Ohanian
"Upverter (YC W11) raises $650K, running a hackathon at YC on Friday Feb 23",,Alexis Ohanian,Alexis Ohanian
Citus Data (YC S11) launches CitusDB for Hadoop,,Alexis Ohanian,Alexis Ohanian
"Referly (YC S12) makes its first acquisition, LaunchGram",,Alexis Ohanian,Alexis Ohanian
"Codecademy (YC S11) launches API lessons for Twitter, Evernote, Box, WePay, Firebase, Github, more",,Alexis Ohanian,Alexis Ohanian
Zenefits (YC W13) gives small businesses a one-stop shop for employee health insurance and all benefits,,Alexis Ohanian,Alexis Ohanian
FlightCar (YC W13) launches its 'Airbnb for airport car rentals' service at SFO,,Alexis Ohanian,Alexis Ohanian
"Balanced (YC W11) releases Balanced Payouts, letting developers get next-day ACH deposits",,Alexis Ohanian,Alexis Ohanian
Virool (YC S12) raises $6.6M to bring viral video to the masses.,,Alexis Ohanian,Alexis Ohanian
Strikingly (YC W13) launches the simplest way to build strikingly beautiful websites for both mobile and web,,Alexis Ohanian,Alexis Ohanian
Pixelapse (YC W12) launches to bring Github-style sharing and version control to designers,,Alexis Ohanian,Alexis Ohanian
Screenhero (YC W13) launches screen sharing with multiple cursors: Work together remotely without fighting for the mouse for the first time,,Alexis Ohanian,Alexis Ohanian
Cube (YC W12) launches the iPad Point of Sale businesses have been waiting for,,Alexis Ohanian,Alexis Ohanian
Swish (YC W13) launches a Kickstarter for physical products and open and transparent listings,,Alexis Ohanian,Alexis Ohanian
Goldbely (YC W13) launches to bring famous gourmet cuisine all over the country to your doorstep,,Alexis Ohanian,Alexis Ohanian
"Elastic (YC W11) launches Close.io, sales software designed by sales people",,Alexis Ohanian,Alexis Ohanian
YC and Upverter (YC W11) are hosting a Hardware Hackathon Feb 23 in Mountain View,,Alexis Ohanian,Alexis Ohanian
Michael Fitzgerald of Submittable (YC S12) interviewed on Mixergy,,Alexis Ohanian,Alexis Ohanian
Custora (YC W11) to teach online class about Customer Lifetime Value Thursday at 2PM EST,,Alexis Ohanian,Alexis Ohanian
Coinbase (YC S12) launches Donate Bitcoin widget,,Alexis Ohanian,Alexis Ohanian
"SendHub (YC W12) launches Sendhub Manager, letting orgs give every employee their own work phone number accessible on their own smartphone",,Alexis Ohanian,Alexis Ohanian
Segment.io (YC S11) launches the easiest way for developers to integrate all analytics providers (20+ supported),,Alexis Ohanian,Alexis Ohanian
CircuitHub (YC W12) launches the world's first free online collaborative electronic parts library,,Alexis Ohanian,Alexis Ohanian
"The Muse (YC W12) raises $1.2M, has 3M registered users and 700k uniques monthly",,Alexis Ohanian,Alexis Ohanian
InstallMonetizer (YC W12) is a highly selective ad network for desktop software,,Alexis Ohanian,Alexis Ohanian
CryptoSeal (YC S11) launches the easiest way to set up secure VPN for all your cloud servers,,Alexis Ohanian,Alexis Ohanian
"Kamcord (YC S12) raises $1.5M from A16z, Google Ventures, to bring video recording to every mobile game",,Alexis Ohanian,Alexis Ohanian
"Firebase (YC S11) releases its Security API, now making secure realtime apps easier to create",,Alexis Ohanian,Alexis Ohanian
Snapjoy (YC S11) acquired by Dropbox,,Alexis Ohanian,Alexis Ohanian
"Shopular (YC W12) goes national, lets you see all coupons and deals from 100 brands the second you hit the mall",,Alexis Ohanian,Alexis Ohanian
Flutter (YC W12) is featured as one of the Best Apps of 2012 by the Mac App Store,,Alexis Ohanian,Alexis Ohanian
Canopy Labs (YC S12) raises $1.5M to bring high end customer analytics to every business,,Alexis Ohanian,Alexis Ohanian
Crowdtilt (YC W12) releases the Crowdtilt API to let any website crowdfund and tilt purchases,,Alexis Ohanian,Alexis Ohanian
"ZenPayroll (YC W12) raises $6.1M from Google Ventures, Salesforce.com, others, to deliver cloud-based payroll services",,Alexis Ohanian,Alexis Ohanian
Humble Bundle (YC W11) has sold $3.6M in worth of games in its latest THQ Bundle,,Alexis Ohanian,Alexis Ohanian
"Coinbase (YC S12) launches the Pay By Bitcoin button, lets any site accept Bitcoin in a few lines of code",,Alexis Ohanian,Alexis Ohanian
"Kicksend (YC S11) launches version 3.0, can print from your smartphone to 15,000 Walgreens stores in one hour",,Alexis Ohanian,Alexis Ohanian
"Leaky (YC S11) launches the simplest way to save on car insurance nationwide, raises $670K",,Alexis Ohanian,Alexis Ohanian
"Plivo (YC S12) raises $1.75M from Andreessen Horowitz, Battery Ventures, Qualcomm, SV Angel",,Alexis Ohanian,Alexis Ohanian
BufferBox (YC S12) acquired by Google,,Alexis Ohanian,Alexis Ohanian
"Crowdtilt (YC W12) now supports nonprofit fundraising, with half the fees of competitors and immediate transfer",,Alexis Ohanian,Alexis Ohanian
"42Floors (YC S12) Raises $5M From Dave McClure, Alexis Ohanian, Others, Expands Office Search Site To New York",,Alexis Ohanian,Alexis Ohanian
Balanced (YC W11) Raises $1.4M To Provide A Payment Platform For Peer-To-Peer Marketplaces,,Alexis Ohanian,Alexis Ohanian
Previously mobile-first Instacart (YC S12) launches web store to deliver groceries,,Alexis Ohanian,Alexis Ohanian
"GetGoing (YC S12) is now in private beta, saves vacationers 40% on flights with the flip of a coin",,Alexis Ohanian,Alexis Ohanian
"Clever (YC S12) raises $3M, has now unlocked K12 data in over 2,000 schools",,Alexis Ohanian,Alexis Ohanian
FundersClub (YC S12) raises $6M seed round to change startup funding,,Alexis Ohanian,Alexis Ohanian
MongoHQ (YC S11) raises $6M from Trinity Ventures for their database as a service engine,,Alexis Ohanian,Alexis Ohanian
"Priceonomics (YC W12) launches Racklove, a safe place to buy/sell bikes, and a Stolen Bike Finder",,Alexis Ohanian,Alexis Ohanian
"SendHub (YC W12) launches Shared Groups for text and voice, the ideal way for teams and businesses to contact each other",,Alexis Ohanian,Alexis Ohanian
"Pathjoy (YC S10) makes a maid service for the masses with easy web booking, now launched in the SF Bay Area",,Alexis Ohanian,Alexis Ohanian
"Snapjoy (YC S11) launches its iOS app, making it easy to browse all the photos in your life",,Alexis Ohanian,Alexis Ohanian
Perfect Audience (YC S11) launches self-service Facebook ad retargeting,,Alexis Ohanian,Alexis Ohanian
"Streak (YC S11) raises $1.9M from Chris Sacca, Redpoint, Floodgate, Crunchfund. CRM-in-the-Inbox service is growing 71% monthly.",,Alexis Ohanian,Alexis Ohanian
"MyVR (YC W12) raises $1.4M from SV Angel, Chris Dixon, to attack the $85B vacation rental market",,Alexis Ohanian,Alexis Ohanian
Glassmap (YC S11) launches the way for local businesses to make custom location-aware mobile apps,,Alexis Ohanian,Alexis Ohanian
Referly (YC S12) raises $1M to bring affiliate commerce to everyone,,Alexis Ohanian,Alexis Ohanian
Heyzap (YC W09) launches the easiest way for mobile gamers to play with their friends,,Alexis Ohanian,Alexis Ohanian
"ReadyForZero (YC S10) now detects when payments happen automatically, making it easier for consumers to get out of debt",,Alexis Ohanian,Alexis Ohanian
"LendUp (YC W12) raises from A16z, Start Fund, Google Ventures, Kleiner Perkins, Kapor to disrupt payday loans",,Alexis Ohanian,Alexis Ohanian
Embark (YC S11) transit apps double in reach after iOS 6 update,,Alexis Ohanian,Alexis Ohanian
MinoMonsters (YC W11) retools and hits 1.5M players,,Alexis Ohanian,Alexis Ohanian
Twitch (previously Justin.tv) raises $15M from Bessemer Venture Partners,,Alexis Ohanian,Alexis Ohanian
"Grouper (YC W12) launches in 10 cities - SF, NYC, Chicago, Boston, LA, more",,Alexis Ohanian,Alexis Ohanian
Come meet YC partners and alums in Cambridge at MIT (Weds at 5:30PM),,Alexis Ohanian,Alexis Ohanian
SpinPunch (YC S12) builds beautiful high-performance HTML5 games - first launch is Starcraft-like Mars Frontier,,Alexis Ohanian,Alexis Ohanian
Pics Or It Didn’t Happen: HD Trade Services (YC S12) Lets Small Logistics Providers Track Shipments Like The Big Boys,,Alexis Ohanian,Alexis Ohanian
Collections (YC S12) launches support for Facebook photos for its upgrade to Apple Finder,,Alexis Ohanian,Alexis Ohanian
Markupwand (YC S12) takes the pain out of translating Photoshop files to HTML/CSS,,Alexis Ohanian,Alexis Ohanian
"Filepicker.io (YC S12) lets developers take uploads from cloud storage easily - now used by Aviary, others",,Alexis Ohanian,Alexis Ohanian
"AnyLeaf (YC S10) relaunches as AnyList, the simplest and best auto-syncing grocery list iPhone app",,Alexis Ohanian,Alexis Ohanian
"Trigger.io (YC W08) launches Trigger.io Reload, letting mobile devs iterate fast on mobile, as inspired by clutch.io",,Alexis Ohanian,Alexis Ohanian
Ridejoy (YC S11) launches new iPhone app,,Alexis Ohanian,Alexis Ohanian
Sorry We Missed You: BufferBox (YC S12) Solves The Problem Of Missing Packages,,Alexis Ohanian,Alexis Ohanian
How Statwing (YC S12) Makes It Easier To Ask Questions About Data So You Don’t Have To Hire a Statistical Wizard,,Alexis Ohanian,Alexis Ohanian
MicroEval (YC S12) Aims To Take The Pain Out Of Performance Reviews,,Alexis Ohanian,Alexis Ohanian
Wedding Startup RegistryLove (YC S12) Lets Couples Register For Anything,,Alexis Ohanian,Alexis Ohanian
Diaspora’s Next Act: Social Remixing Site Makr.io (YC S12),,Alexis Ohanian,Alexis Ohanian
"ViaCycle (YC S12) launches Zipcar for bicycles, coming to SF",,Alexis Ohanian,Alexis Ohanian
"Snapjoy (YC S11) launches open signups, Windows uploader, and Flickr, Picasa and Instagram importer",,Alexis Ohanian,Alexis Ohanian
MobileWorks (YC S11) virtual workforce completes 1M tasks,,Alexis Ohanian,Alexis Ohanian
The Coco Controller by Milkshake Labs (YC S12) will turn your iPhone and Android phone into a mobile gaming powerhouse,,Alexis Ohanian,Alexis Ohanian
Science Exchange (YC S11) launches the Reproducibility Initiative to verify scientific research,,Alexis Ohanian,Alexis Ohanian
"WePay (YC S09) rolls out white-label payments API, drops prices, targets PayPal",,Alexis Ohanian,Alexis Ohanian
OrderAhead (YC W11) nabs $2.3M seed for the fastest easiest way to order takeout,,Alexis Ohanian,Alexis Ohanian
"Flip Video co-founder unveils new e-learning company, Knowmia (YC S12)",,Alexis Ohanian,Alexis Ohanian
Kamcord (YC S12) Helps Record And Share Those Epic Mobile Gaming Moments,,Alexis Ohanian,Alexis Ohanian
Tastemaker (YC S12) Wants To Make Interior Design More Affordable And Accessible,,Alexis Ohanian,Alexis Ohanian
"QuicklyChat (YC S12) Brings “Push-To-Talk” Video To Small, Remote Teams",,Alexis Ohanian,Alexis Ohanian
"Meet The Double (YC S12), A Teleconferencing Robot With An iPad For A Face",,Alexis Ohanian,Alexis Ohanian
"HiMom (YC S12) Helps Your Parents Keep Up With Your Life, One Postcard At A Time",,Alexis Ohanian,Alexis Ohanian
Data Nitro (YC S12) launches the way to use Python with Excel,,Alexis Ohanian,Alexis Ohanian
"Scoutzie (YC S12) Is A More Curated, Thoughtful Marketplace For Designers",,Alexis Ohanian,Alexis Ohanian
ReelSurfer (YC S12) lets you clip and share video from any website,,Alexis Ohanian,Alexis Ohanian
Everyday.me (YC S12) launches the Evernote for your life - a timeline for both your public stream and private journal,,Alexis Ohanian,Alexis Ohanian
"Vastrm (YC S12) makes the perfect fitting polo shirt for you, launches home try-on program",,Alexis Ohanian,Alexis Ohanian
TapIn.tv (YC S12) Launches To Bring Instantaneous Live Video Streaming To The iPhone,,Alexis Ohanian,Alexis Ohanian
Grid (YC S12) Reinvents The Spreadsheet For The Tablet Age,,Alexis Ohanian,Alexis Ohanian
Easel (YC S12) launches as an easier way to design for the web in your browser,,Alexis Ohanian,Alexis Ohanian
Canopy Labs (YC S12) launches self-serve platform for sales lead optimization and customer modeling,,Alexis Ohanian,Alexis Ohanian
MakeGamesWithUs (YC W12) is turning high school kids into game developers,,Alexis Ohanian,Alexis Ohanian
FarmLogs (YC W12) launches the way farms can store all their data in the cloud,,Alexis Ohanian,Alexis Ohanian
Yardsale (YC S11) 100K users just 2 weeks after launching,,Alexis Ohanian,Alexis Ohanian
FiveStars (YC W11) raises $13.9M from Lightspeed Venture Partners and DCM,,Alexis Ohanian,Alexis Ohanian
VoiceGem (YC S12) launches the easiest way to send personal voice messages,,Alexis Ohanian,Alexis Ohanian
Authy (YC W12) launches the simplest way to add Google-style two-factor authentication to your site or service,,Alexis Ohanian,Alexis Ohanian
E la Carte (YC S10) launches restaurant tablets in 113 airports nationwide,,Alexis Ohanian,Alexis Ohanian
Kytephone (YC W12) launches Version 2.0: Adds SMS texting and new homescreen,,Alexis Ohanian,Alexis Ohanian
"Instacart (YC S12) brings one-hour delivery of groceries to SF, PA, MV, aims to be Amazon for one-hour delivery",,Alexis Ohanian,Alexis Ohanian
Zapier (YC S12) launches 3rd party developer platform - Now any app can zap data to 60+ services,,Alexis Ohanian,Alexis Ohanian
WePay (YC S09) has a secret weapon: Better fraud detection = merchants get money faster,,Alexis Ohanian,Alexis Ohanian
"HelloFax (YC W11) launches HelloSign, the easiest way to do e-signatures",,Alexis Ohanian,Alexis Ohanian
Hiptype (YC S12) launches a Google Analytics-style service for e-books,,Alexis Ohanian,Alexis Ohanian
"Amicus (YC S12) helps nonprofits reach volunteers through software, boosts participation by 50%",,Alexis Ohanian,Alexis Ohanian
NewsBlur (YC S12) takes feed reading back to the basics,,Alexis Ohanian,Alexis Ohanian
PayDragon (YC S11) raises $1.35M so hungry people can skip lines,,Alexis Ohanian,Alexis Ohanian
Zencoder (YC W10) acquired by Brightcove for $30M,,Alexis Ohanian,Alexis Ohanian
"Vayable (YC S12) lists 3,000 travel experiences in 600 cities worldwide, launches concierge service",,Alexis Ohanian,Alexis Ohanian
FundersClub (YC S12) launches a new way for startups to get funded,,Alexis Ohanian,Alexis Ohanian
Meteor (YC S11) raises $11.2M from Andreessen Horowitz and Matrix Partners to create the next Ruby on Rails,,Alexis Ohanian,Alexis Ohanian
Sponsorfied (YC S12) launches marketplace that helps big brands sponsor top events with great swag,,Alexis Ohanian,Alexis Ohanian
Chute (YC W12) raises $2.7M from Salesforce (and others) to become the Twilio for media content,,Alexis Ohanian,Alexis Ohanian
"SmartAsset (YC S12) launches the easiest, most trustworthy way to make tough financial decisions like buying a home",,Alexis Ohanian,Alexis Ohanian
Vidyard (YC S11) announces big revisions to its professional video hosting service,,Alexis Ohanian,Alexis Ohanian
"Listia (YC S09) launches a Rewards Store, grows 400% in the last 6 months",,Alexis Ohanian,Alexis Ohanian
Virool (YC S12) launches the easiest and best way for video creators to boost their virality,,Alexis Ohanian,Alexis Ohanian
TapEngage (YC S11) acquired by Dropbox,,Alexis Ohanian,Alexis Ohanian
Autodesk buys mobile video shooting star Socialcam (YC W12) for $60M,,Alexis Ohanian,Alexis Ohanian
Per Vices (YC W12) featured in Ars Technica: Could do for radio what the Apple I did for computing,,Alexis Ohanian,Alexis Ohanian
"Filepicker.io (YC S12) brings easy file uploads and cloud services to iOS, Android and the web",,Alexis Ohanian,Alexis Ohanian
Parallel Universe (YC S12) launches a spatial in-memory database for infinitely large 2D and 3D games and simulations,,Alexis Ohanian,Alexis Ohanian
"Stripe (YC S09) raises $20M Series B from General Catalyst, Redpoint, now used by over 100,000 developers",,Alexis Ohanian,Alexis Ohanian
Plivo (YC S12) launches scalable API platform for Voice & SMS apps,,Alexis Ohanian,Alexis Ohanian
"Meetings.io (YC W11) attracts 100K users in 2 months, adds screen and file sharing",,Alexis Ohanian,Alexis Ohanian
LeanMarket (YC S12) brings real-time bidding on display ads to the masses,,Alexis Ohanian,Alexis Ohanian
"Flotype Bridge (YC W11) signs up over 1,000 developers in its first day, delivers 60M messages in its first week",,Alexis Ohanian,Alexis Ohanian
Delight.io (YC W10) launches the easiest way for iOS developers to see what their users are doing,,Alexis Ohanian,Alexis Ohanian
"Refer.ly (YC S12) lets you earn cash for recommendations (and now, donate it to charities)",,Alexis Ohanian,Alexis Ohanian
"SwipeGood (YC W11) is now Elastic, a sales-as-a-service platform for startups",,Alexis Ohanian,Alexis Ohanian
"Acunote (YC W11) launches project management for software teams of 2 to 10,000 with a live Gmail-like interface",,Alexis Ohanian,Alexis Ohanian
Kicksend (YC S11) gets named among Gizmodo's Top Android Apps,,Alexis Ohanian,Alexis Ohanian
"Coinbase (YC S12) launches the PayPal of Internet-Only currency, making it easy to transact Bitcoin",,Alexis Ohanian,Alexis Ohanian
Sendhub (YC W12) adds voice calls and voicemail - now the easiest way to get an extra phone number for your business,,Alexis Ohanian,Alexis Ohanian
Clever (YC S12) launches a Twilio for education data,,Alexis Ohanian,Alexis Ohanian
"Citus Data (YC S11) makes scalable data analytics available to anyone, raises $1.6M from Trinity, others",,Alexis Ohanian,Alexis Ohanian
Custora (YC S11) has analyzed $10 billion in retail sales so far in 2012,,Alexis Ohanian,Alexis Ohanian
"Tagstand (YC S11) hits 1M NFC actions, offers popular Android Task Launcher app for free",,Alexis Ohanian,Alexis Ohanian
"Freshplum (YC S11) raises $1.4M seed round from NEA, Greylock, Google Ventures, CRV",,Alexis Ohanian,Alexis Ohanian
Rentobo (YC S11) launches the simplest way landlords can fill and manage their vacancies,,Alexis Ohanian,Alexis Ohanian
"Yardsale (YC S11) launches nationwide, so now you can sell all that stuff you've been meaning to get rid of",,Alexis Ohanian,Alexis Ohanian
Submittable (YC S12) is the easiest way for publishers to handle submissions,,Alexis Ohanian,Alexis Ohanian
"Codecademy (YC S11) raises $10M round from Index Ventures, others",,Alexis Ohanian,Alexis Ohanian
Zapier (YC S12) launches an IFTTT for business users to move data between all the tools they use,,Alexis Ohanian,Alexis Ohanian
MemSQL (YC W11) launches to make your database fly,,Alexis Ohanian,Alexis Ohanian
Two New Partners: Kirsty Nathoo and Carolynn Levy,We’re delighted to announce that Y Combinator has two new partners: Kirsty Nathoo and Carolynn Levy.,Alexis Ohanian,Alexis Ohanian
Kytephone (YC S11) launches mobile app to kid-proof Android smartphones,,Alexis Ohanian,Alexis Ohanian
Hipmunk (YC S10) raises $15M Series B from IVP and Ignition,,Alexis Ohanian,Alexis Ohanian
"Flutter (YC W12) raises $1.4M from Andreessen Horowitz, NEA to bring Kinect-like gestures to all webcams",,Alexis Ohanian,Alexis Ohanian
"ColourLovers (YC W10) raises $1.3M from SV Angel, Crunchfund, slated to launch Creative Market",,Alexis Ohanian,Alexis Ohanian
WSJ says FutureAdvisor (YC S10) makes saving for your retirement approachable,,Alexis Ohanian,Alexis Ohanian
Exec (YC W12) raises $3.3M round led by Sam Altman,,Alexis Ohanian,Alexis Ohanian
"Humble Bundle (YC W11) Launches New Flagship ""Pay What You Want"" Sale",,Alexis Ohanian,Alexis Ohanian
"GoCardless (YC S11) launches PayLinks, a bit.ly for payments",,Alexis Ohanian,Alexis Ohanian
PlanGrid (YC W12) raises $1.1M to be the way all construction projects manage their plans,,Alexis Ohanian,Alexis Ohanian
"Grubwithus (YC W11) raises $5M Series A from GRP Partners, Suster to join board",,Alexis Ohanian,Alexis Ohanian
Mixpanel (YC S09) raises $10M Series A from Andreessen Horowitz,,Alexis Ohanian,Alexis Ohanian
Take a tour of Anyvivo's Jellyfish Warehouse (YC W12) -- soon to be Amazon.com for all pets and plants,,Alexis Ohanian,Alexis Ohanian
Swiftype (YC W12) launches the future of search: Finally site search that rocks,,Alexis Ohanian,Alexis Ohanian
"Priceonomics (YC W12) raises $1.5M from Andreessen Horowitz, Spark Capital, SV Angel, others",,Alexis Ohanian,Alexis Ohanian
WePay (YC S09) raises $10M growth round from Ignition Partners,,Alexis Ohanian,Alexis Ohanian
42 Floors (YC W12) launches Showroom to help make your office truly awesome,,Alexis Ohanian,Alexis Ohanian
Quiet giant Weebly (YC W07) reports over 75M monthly visitors and 11M websites created,,Alexis Ohanian,Alexis Ohanian
"Forbes reports Y Combinator is the #1 incubator: $7.78B in value created, $45.2M avg startup",,Alexis Ohanian,Alexis Ohanian
42Floors (YC W12) brings disruption to the commercial real estate: Inc covers it,,Alexis Ohanian,Alexis Ohanian
"Pair (YC W12) raises $4.2M from Yuri Milner, SV Angel, Crunchfund and more",,Alexis Ohanian,Alexis Ohanian
"Socialcam (YC W12) nabs angel funding from the A-List: Yuri, Laurene Powell Jobs, Tim Draper, Ashton, more",,Alexis Ohanian,Alexis Ohanian
Per Vices (YC W12) launches a software defined radio (SDR) that will revolutionize wireless,,Alexis Ohanian,Alexis Ohanian
Crocodoc (YC W10) releases HTML5 document embedding for all other web-based services,,Alexis Ohanian,Alexis Ohanian
"SendHub (YC W12) secures $2M seed funding from Kapor Capital, 500 Startups, Menlo Ventures, angels",,Alexis Ohanian,Alexis Ohanian
"Ark (YC W12) raises $4.2M from A16z, Charles River, Greylock, Intel Capital, SV Angel and more",,Alexis Ohanian,Alexis Ohanian
Siasto (YC W11) Draws Nearer To The Holy Grail Of Project Management Software,,Alexis Ohanian,Alexis Ohanian
"Pebble e-Paper Watch has raised over $4.1M, setting new Kickstarter all-time records",,Alexis Ohanian,Alexis Ohanian
"There are now over 200,000 people in Everyme (YC S11) circles",,Alexis Ohanian,Alexis Ohanian
Firebase (YC S11) launches cloud platform that lets you write your whole app client side,,Alexis Ohanian,Alexis Ohanian
Ryan Junee's Kaleidescope (YC W11) launches beautiful curated street-style fashion app,,Alexis Ohanian,Alexis Ohanian
"Meetings.io (YC W11) launches dead simple web videoconferencing done right, 15k users in 8 hours",,Alexis Ohanian,Alexis Ohanian
"Learn about Startups with YC at Carnegie Mellon University today (Thu, Apr 5, 6pm)","Come by and say hello at Rashid Auditorium at CMU later today. It starts at 6 PM and goes til around 9:30 PM. Harj, Aaron and I will be there, along with amazing YC alums who are running very successful startups.",Alexis Ohanian,Alexis Ohanian
Dealupa (YC W12) launches a pagerank for daily deals and solves deal fatigue,,Alexis Ohanian,Alexis Ohanian
Flutter (YC W12) brings the power of Kinect gestures to 5 BILLION webcams,,Alexis Ohanian,Alexis Ohanian
99Dresses (YC W12) is giving women an infinite closet,,Alexis Ohanian,Alexis Ohanian
FamilyLeaf (YC W12) is bringing your kin together in a private social network for families,,Alexis Ohanian,Alexis Ohanian
Leaky (YC S11) is back to help you find the best possible car insurance for you,,Alexis Ohanian,Alexis Ohanian
Ark (YC W12) launches people search done right,,Alexis Ohanian,Alexis Ohanian
Pair (YC W12) is a Path for you and your most significant other,,Alexis Ohanian,Alexis Ohanian
Streak.com (YC S11) Takes On Salesforce With A Simple CRM For Gmail,,Alexis Ohanian,Alexis Ohanian
"With EveryArt (YC W12), You Don’t Have To Be Afraid Of Commissioning Art",,Alexis Ohanian,Alexis Ohanian
"Shoptiques (YC W12) raises from Andreesen, Greylock, Benchmark, SV Angel for local women's fashion",,Alexis Ohanian,Alexis Ohanian
"FutureAdvisor (YC S10) raises from Sequoia, Keith Rabois and Jeremy Stoppelman",,Alexis Ohanian,Alexis Ohanian
42Floors (YC W12) launches the best and easiest way to find commercial real estate,,Alexis Ohanian,Alexis Ohanian
SendHub (YC W12) is taking off: 4X usage since launch,,Alexis Ohanian,Alexis Ohanian
500Friends (YC W10) Raises $4.5M Series A For Its Social Loyalty Platform,,Alexis Ohanian,Alexis Ohanian
New: Apply to Y Combinator without an Idea,"Y Combinator is trying an experiment this funding cycle.  We’re
going to have a separate application track for groups that don’t
have an idea yet.",Alexis Ohanian,Alexis Ohanian
HackPad (YC W12) is hooking you up with an awesome wiki for SXSW,,Alexis Ohanian,Alexis Ohanian
Loopt (YC S05) acquired by Green Dot for $43.4M,,Alexis Ohanian,Alexis Ohanian
HireArt (YC W12) is fixing the traditional resume system,,Alexis Ohanian,Alexis Ohanian
Sonalight (YC W12) Lets Android Users Text While Driving Without Touching A Phone,,Alexis Ohanian,Alexis Ohanian
Songkick (YC S07) Secures Sequoia’s First Ever UK Investment With A $10M B Round,,Alexis Ohanian,Alexis Ohanian
Work at a Startup 2012,If you’re like a lot of programmers you may have considered  one day joining a startup.  But the prospect probably seems  a bit mystifying.  Most people know what the deal is with working for a big company.  What’s the deal with working for a startup?,Alexis Ohanian,Alexis Ohanian
Chute (YC W12) Launches A Twilio For Photos,,Alexis Ohanian,Alexis Ohanian
On The Shoulders Of Giants: Y Combinator Demo Day Brings The Future To Computer History Museum,,Alexis Ohanian,Alexis Ohanian
Plangrid (W12) Builds A New Market For The iPad: The Construction Industry,,Alexis Ohanian,Alexis Ohanian
Flypad (YC W12) Wants To Turn Your iPhone Into A Steering Wheel,,Alexis Ohanian,Alexis Ohanian
iCracked (YC W12) Takes On The Geek Squad With Worldwide Local iPhone Repair,,Alexis Ohanian,Alexis Ohanian
Analytics Startup Mixpanel (YC S09)  Is Tracking 4 Billion Actions Each Month — And It’s Cash-Flow Positive,,Alexis Ohanian,Alexis Ohanian
Get anything done for $25/hour flat in San Francisco with Justin Kan's Exec (YC W12),,Alexis Ohanian,Alexis Ohanian
Kicksend (S11): Send Original-Quality Photos to Anyone via Your iPhone,,Alexis Ohanian,Alexis Ohanian
Coderwall (W12) Wants to be the Reputation System for Developers,,Alexis Ohanian,Alexis Ohanian
"Popset (YC W12) Makes Group Photo-Sharing Easy, Export To Facebook Even Easier",,Alexis Ohanian,Alexis Ohanian
The Startup Whisperer,,Alexis Ohanian,Alexis Ohanian
Quartzy (YC S11) Scores $1.2M To Help Life Scientists Stay Organized,,Alexis Ohanian,Alexis Ohanian
"The Daily Muse (W12), The Community For Professional Women, Looks To Reinvent The Company Profile",,Alexis Ohanian,Alexis Ohanian
Rapportive (S10) Acquired By LinkedIn,,Alexis Ohanian,Alexis Ohanian
ScreenLeap (YC W12) launches today: Because Screen-Sharing Doesn’t Need To Make You Crazy,,Alexis Ohanian,Alexis Ohanian
Glassmap (YC S11) launches a simpler Find My Friends that works great with Facebook,,Alexis Ohanian,Alexis Ohanian
"YC Fast Company Most Innovative Honorees: Airbnb, Dropbox, Bump, Reddit, Disqus",,Alexis Ohanian,Alexis Ohanian
Start-up Q&A: How GoCardless (YC S11) are giving the credit card companies a run for their money,,Alexis Ohanian,Alexis Ohanian
WePay (YC S09) grows revenue 10x in 2011,,Alexis Ohanian,Alexis Ohanian
Y Combinator Named one of Fast Company's 50 Most Innovative Companies in 2012,,Alexis Ohanian,Alexis Ohanian
Crowdtilt (YC W12) Launches To Become The “Kickstarter For Any Group”,,Alexis Ohanian,Alexis Ohanian
"SendHub (YC W12) public launches today -- Offers simple SMS for businesses, grew 3x in January and 45% this month alone",,Alexis Ohanian,Alexis Ohanian
"Accel, SV Angel Put $1.5M In Online Bank Payments Platform GoCardless (YC S11)",,Alexis Ohanian,Alexis Ohanian
"Social Ridesharing Startup Ridejoy (YC S11) Raises $1.3M From Freestyle Capital, Lerer Ventures",,Alexis Ohanian,Alexis Ohanian
Embark NYC is the #1 MTA award-winning best app to reduce your subway headaches,,Alexis Ohanian,Alexis Ohanian
"Inside Stripe, The PayPal Competitor Backed By PayPal Founders Peter Thiel, Elon Musk (and YC!)",,Alexis Ohanian,Alexis Ohanian
Congratulations Crunchies Winners! Dropbox (S07) Is The Best Overall Startup,"This year’s fifth annual Crunchies Awards has just finished up at the classy Davies Symphony Hall in San Francisco, and it was a smashing success. We poked fun #humblebraggers, got cussed at by Siri, honored former TechCrunch CEO Heather Harde, and gave wild monkey trophies to tech’s greatest innovators. If you missed the event or our livestream, check out the full list of nominees and winners below.",Alexis Ohanian,Alexis Ohanian
SocialCam is the latest alum startup returning to Y Combinator,,Alexis Ohanian,Alexis Ohanian
Welcome Geoff,We’re happy to announce that Y Combinator has recruited Geoff Ralston as our newest partner.,Alexis Ohanian,Alexis Ohanian
DrChrono (YC W11) Raises $2.8 Million to Digitize Doctor's Visits,,Alexis Ohanian,Alexis Ohanian
Y Combinator now accepting applications for Summer 2012 batch,,Alexis Ohanian,Alexis Ohanian
Embark (S11) Is Now Plotting Two Million Transit Trips A Month,,Alexis Ohanian,Alexis Ohanian
Welcome Garry and Aaron,"Y Combinator is pleased to announce two new venture partners, Garry Tan and Aaron Iba.  They’re both YC alumni, both formidable hackers, and both really nice people.",Alexis Ohanian,Alexis Ohanian
Codecademy and The White House Announce Code Summer+ Youth Education Program,,Alexis Ohanian,Alexis Ohanian
Changing the way we dine (Elacarte S10),,Alexis Ohanian,Alexis Ohanian
"GrubWithUs launches iPhone App, now making it even easier to eat with cool people",,Alexis Ohanian,Alexis Ohanian
"YC alum COLOURlovers launches CreativeMarket: Etsy for mousemade designs (patterns, shapes, photos, fonts, gradients)",,Alexis Ohanian,Alexis Ohanian
"Convore is reborn as Grove.io, a chat service for businesses",,Alexis Ohanian,Alexis Ohanian
Hackruiter (S10) Announces Hacker School,,Alexis Ohanian,Alexis Ohanian
Code Year: Make 2012 the year you learn to code,"Make your New Year’s resolution
        learning to code.
        
        Sign up on Code Year to get a new
        interactive programming lesson sent to you each week and you’ll be building apps
        
        and web sites before you know it.",Alexis Ohanian,Alexis Ohanian
Blackhawk Network Buys Gift Card Marketplace Cardpool (W10),"Y-combinator-backed gift card marketplace Cardpool has been acquired by Blackhawk Network, a subsidiary of Safeway and one of the largest distributors of gift cards in the world. Financial terms of the deal have not been disclosed.",Alexis Ohanian,Alexis Ohanian
Dropbox (S07): The Inside Story Of Tech's Hottest Startup,,Alexis Ohanian,Alexis Ohanian
"Dropbox (S07) Raises $250M In Funding, Boasts 45 Million Users","We knew it was in the works, and now Dropbox has confirmed that it has raised a massive round of funding. The company has landed $250 million in Series B financing (bringing its total of capital raised to $257.2 million). Last we heard the round values Dropbox at $4 billion.",Alexis Ohanian,Alexis Ohanian
Stay in Conan O'Brien's Studio with Airbnb.com,,Alexis Ohanian,Alexis Ohanian
Lanyrd (W11) Secures $1.4 million In Seed Funding To Make Conferences More Social,,Alexis Ohanian,Alexis Ohanian
Vidyard Is A YouTube For Businesses,,Alexis Ohanian,Alexis Ohanian
Tagstand Greases The Wheels Of NFC Development,,Alexis Ohanian,Alexis Ohanian
Can’t Wait Is A Mobile Social Network For Movie Trailers,Anyone who’s spent a late night hour or three browsing movie trailers on trailers.apple.com will understand the utility of the Can’t Wait iPhone app. Co-founders Eric Florenzano and Eric Maguire tell me that the app’s closest competitor is trailers.apple.com itself — and that the only way to track the updates on that site is via its RSS feed.,Alexis Ohanian,Alexis Ohanian
Aisle50 Takes Group Buying to the Grocery Store,,Alexis Ohanian,Alexis Ohanian
Science Exchange: A Central Marketplace For Core Research Facilities,,Alexis Ohanian,Alexis Ohanian
MarketBrief Makes Obtuse SEC Documents Human-Friendly,,Alexis Ohanian,Alexis Ohanian
"YC NYC Meetup, September 26","Have you ever considered joining a startup?  Or starting your own?
Or both?  If so we’d love to have you at Y Combinator’s first NYC
meetup, this September 26.  We’ll have both YC partners and founders
of companies we’ve funded on hand to answer your questions and talk
about your ideas.",Alexis Ohanian,Alexis Ohanian
Munch on Me Helps You Discover Tasty Dishes with Daily Deals,,Alexis Ohanian,Alexis Ohanian
Envolve Launches An API For Real-Time Chat,,Alexis Ohanian,Alexis Ohanian
Stypi Is Etherpad Reborn,,Alexis Ohanian,Alexis Ohanian
Leaky Is Hipmunk For Car Insurance,,Alexis Ohanian,Alexis Ohanian
Snapjoy Will Organize Your Photos For You (And Make Sure You Don’t Lose Them),,Alexis Ohanian,Alexis Ohanian
Kicksend Launches In Beta To Make Sharing Big Files A Breeze,,Alexis Ohanian,Alexis Ohanian
Interview Street Streamlines The Search For Great Programmers,,Alexis Ohanian,Alexis Ohanian
Parse: A Heroku For Mobile Apps,,Alexis Ohanian,Alexis Ohanian
PageLever Offers Deeper Insight Into Facebook Analytics,,Alexis Ohanian,Alexis Ohanian
Airbnb (W09) Raises Massive $112 Million Funding Round,,Alexis Ohanian,Alexis Ohanian
Scridb (S06) Introduces Float,,Alexis Ohanian,Alexis Ohanian
Verbling Links Up Language Learners With Native Speakers Through Live Video Chat,,Alexis Ohanian,Alexis Ohanian
Quartzy Brings Order To Science Lab Supply Cabinets,,Alexis Ohanian,Alexis Ohanian
ZeroCater (W11): Because Lunch At The Office Doesn’t Have To Be A Complete Pain,,Alexis Ohanian,Alexis Ohanian
Twitter Acquires BackType (S08),,Alexis Ohanian,Alexis Ohanian
Want To See Which Ads Perform Best? MixRank (S11) Is A Spy Tool For AdSense,,Alexis Ohanian,Alexis Ohanian
App Watch: Loopt (S05) Tries a Groupon in Reverse,,Alexis Ohanian,Alexis Ohanian
"Welcome Sam, Garry, Emmett, and Justin","We’re trying something new at Y Combinator this cycle. We’ve recruited four YC alumni to be part time partners:  Loopt founder Sam Altman, Posterous founder Garry Tan, and Justin.tv founders Emmett Shear and Justin Kan.  They’re going to do the same sort of work regular YC partners do advising startups, but only 1/5 of their time.",Alexis Ohanian,Alexis Ohanian
Hacker News Search,"We now finally have search for HN, thanks to Octopart, who’ve been working on it for a while as a test of their new search database, ThriftDB. You’ll see a searchbox at the bottom of most pages.",Alexis Ohanian,Alexis Ohanian
Y Combinator Numbers,"What should we measure, though?  The easiest thing to measure is how many of the startups we fund raise more money after YC.  By that test we’re doing fairly well.  Even before Ron Conway and Yuri Milner ensured the number would be 100% by offering $150k to every startup we funded, we’d got it up to about 94%.",Alexis Ohanian,Alexis Ohanian
"Munch On Me (S11) Is A Groupon For Food, Done Right",,Alexis Ohanian,Alexis Ohanian
Octopart (W07) The Little Startup That Hung In There,,Alexis Ohanian,Alexis Ohanian
Best Young Tech Entrepreneurs 2011: The Most Promising Startups,,Alexis Ohanian,Alexis Ohanian
Keep Track of Future Plans and Friends' Activities With WhereBerry (W11),,Alexis Ohanian,Alexis Ohanian
Lockitron Lets You Unlock Your Door With Your Phone,,Alexis Ohanian,Alexis Ohanian
Holy Donkey Kong! SurveyMonkey Acquires Wufoo (W06)!,"We are delighted to announce that we have signed a definitive agreement to be acquired by SurveyMonkey, the world’s leading provider of web-based survey solutions. Wufoo’s form builder will join their family of products and Infinity Box will become a wholly owned subsidiary of SurveyMonkey.",Alexis Ohanian,Alexis Ohanian
InPulse Adds A Smartphone-Like Experience To Your Wrist Watch,,Alexis Ohanian,Alexis Ohanian
DotCloud (S10) Gets $10M to Redefine Cloud Openness: Cloud Computing News,,Alexis Ohanian,Alexis Ohanian
"Sendoid: Finally, Sharing Big Files Isn’t A Huge Pain",,Alexis Ohanian,Alexis Ohanian
GiftRocket Lets You Send Gifts That Can Be Redeemed At Specific Locations,,Alexis Ohanian,Alexis Ohanian
Beetailer Helps Online Retailers Set Up Shop On Facebook,,Alexis Ohanian,Alexis Ohanian
"Moki.TV Is The Ultimate, Personalized Guide To What’s Streaming On The Web",,Alexis Ohanian,Alexis Ohanian
"Youngest Y Combinator Founders Launch MinoMonsters, The Pokemon Of Social Games",,Alexis Ohanian,Alexis Ohanian
"Moki.TV Is The Ultimate, Personalized Guide To What’s Streaming On The Web",,Alexis Ohanian,Alexis Ohanian
"Airbnb, Hipmunk and Socialcam launch SXSW contest: win a private island trip",,Alexis Ohanian,Alexis Ohanian
Earbits Brings A Twist To Music Startups: Online Radio That Lets Bands Pay For Playtime,,Alexis Ohanian,Alexis Ohanian
Y Combinator's Graham Doesn't See `Bubble' in Technology: Video,,Alexis Ohanian,Alexis Ohanian
AdGrok (S10) Raises $470K To Be The TurboTax For Search Engine Marketing,"Today, the startup, which launched in August 2010,  is also announcing the general availability of AdGrok to users.  AdGrok’s web-based platform allows small businesses purchase contextual  keywords on Google AdWords, without the cost of a SEM agency’s work. The  SaaS suggests keyword buys, carries them out, and then collects and  displays stats about their performance. AdGrok essentially  becomes a  business’ interface to AdWords, replacing Google’s platform with a more  user-friendly software.",Alexis Ohanian,Alexis Ohanian
Like.fm Is A Social Network For Tracking Songs,,Alexis Ohanian,Alexis Ohanian
Cardpool (W10) Launches One Gift Card To Rule Them All,,Alexis Ohanian,Alexis Ohanian
Comprehend Systems Wants To Make Data Analysis Less Of A Pain,,Alexis Ohanian,Alexis Ohanian
TellFi Is Like “Google Voice” For Companies,,Alexis Ohanian,Alexis Ohanian
"HelloFax (W11): Sign And Send Faxes From Your Browser, Without The Hassle",,Alexis Ohanian,Alexis Ohanian
Engineers Recruit Engineers With Hackruiter,,Alexis Ohanian,Alexis Ohanian
"Look Out Quora, InboxQ (W10) Takes Q&A Off-Site And On To Twitter",,Alexis Ohanian,Alexis Ohanian
1000Memories (S10) Raises $2.5 Million to Help Digitally Memorialize Loved Ones,,Alexis Ohanian,Alexis Ohanian
"Crocodoc (W10) Launches HTML5-Based Document Viewer With Annotations, Embeds, And Its Own API","Last spring document sharing portal Scribd launched an impressive new HTML5 engine that can render the site’s millions of documents in the browser, without Flash. Now fellow Y Combinator alum Crocodoc is launching its own HTML5-based document viewer that’s very similar to Scribd’s, but with a few key improvements, including the ability to actually annotate these documents in the browser. In other words, you now have one less reason to fire up your bloated copy of Adobe Acrobat. You can check out a document that’s been rendered using this HTML5 technology right here.",Alexis Ohanian,Alexis Ohanian
Greplin (W10) Grabs $4 Million From Sequoia For Social Search,,Alexis Ohanian,Alexis Ohanian
SwipeGood Raises $500K To Allow You To Donate With Each Purchase,"Y Combinator-incubated startup SwipeGood, which allows you to donate to charity each time you buy, has raised $500,000 in new funding from Bebo co-founder Michael Birch, the recently launched Start Fund, Y Combinator, Ron Bouganim, MR Rangaswami (Sandhill Group), and Frederik Fleck (Richmond View Ventures).",Alexis Ohanian,Alexis Ohanian
Convore (W11) Wants To Be The Easiest Group Communication App Yet,,Alexis Ohanian,Alexis Ohanian
Chirply (S10) is Threadless for Paper Goods,,Alexis Ohanian,Alexis Ohanian
Meet The People You Follow On Twitter With Conference Directory Lanyrd,,Alexis Ohanian,Alexis Ohanian
"Yuri Milner, SV Angel Offer EVERY New Y Combinator Startup $150k","Two years ago Yuri Milner, through his investment firm DST, disrupted the traditional Silicon Valley venture capital model when he began investing in the hottest startups – companies like Facebook, Zynga and Groupon – at very high valuations and extremely easy deal terms. He looks brilliant in hindsight, with all of his U.S. investments at significantly higher valuations since he invested.",Alexis Ohanian,Alexis Ohanian
Grubwithus (W11) Brings Strangers Together Over Social Meals,,Alexis Ohanian,Alexis Ohanian
YC Co-Founder Jessica Livingston On The Dearth Of Women In Tech (And Some Steps To Fix It),,Alexis Ohanian,Alexis Ohanian
Tutorspree (W11) Is An Airbnb For Tutoring,,Alexis Ohanian,Alexis Ohanian
Airbnb (W09) Grows 800% in 2010,Watch video interview here: http://video.foxbusiness.com/v/4497867/a-travel-company-grows-800-in-2010#,Alexis Ohanian,Alexis Ohanian
Mixpanel (S09) Gets A UI Makeover; Monthly Data Volume Growing By 40 Percent,,Alexis Ohanian,Alexis Ohanian
Bump (S09) Raises $16 Million Round Led By Andreessen Horowitz,,Alexis Ohanian,Alexis Ohanian
DotCloud (S10): An Application Platform That Lets You Mix And Match,,Alexis Ohanian,Alexis Ohanian
Rackspace Buys Server Management Platform Cloudkick (W09),"Hosting company Rackspace is acquiring Y Combinator-backed startup Cloudkick, which offers a full-fledged server management system to businesses.",Alexis Ohanian,Alexis Ohanian
DailyBooth's (S09) iPhone App: Picturing the Future of Status Updates,,Alexis Ohanian,Alexis Ohanian
Salesforce.com Buys Heroku For $212 Million In Cash,,Alexis Ohanian,Alexis Ohanian
"Congratulations to Rapportive, inDinero and Hipmunk for Being in ReadWriteWeb's Top 10 Startups of 2010","We chose some of these startups due to their great features and impressive momentum. We chose some for addressing important consumer and business pain-points in particularly innovative ways. Whether any of these companies are the next Facebook or Google hardly matters. These startups left their mark on 2010, many of them helping to foster some of the most important trends of the year.",Alexis Ohanian,Alexis Ohanian
Y Combinator And Yodlee Team Up To Give Startups Access To Financial Data,"Startup incubator Y Combinator has announced this morning that  it is partnering with Yodlee, the provider of personal financial management an payments data to give the incubator’s startups access to Yodlee’s technology.",Alexis Ohanian,Alexis Ohanian
On the Wings of Angels,,Alexis Ohanian,Alexis Ohanian
Optimizely’s (W10) Dan Siroker Interviewed on Mixergy,,Alexis Ohanian,Alexis Ohanian
"Ron Conway's ""The Crystal Ball"" featuring Hipmunk, Optimizely, 1000memories and Greplin @ Web 2.0",,Alexis Ohanian,Alexis Ohanian
"DailyBooth's (S09) Brian Pokorny: ""Picture Talking"" at Web 2.0",,Alexis Ohanian,Alexis Ohanian
"Now Over 200 Million Users A Month, Disqus (S07) Gets A New Look, Premium Add-Ons, New API",,Alexis Ohanian,Alexis Ohanian
Crowdbooster (S10) Brings Twitter Analytics with a Twist,,Alexis Ohanian,Alexis Ohanian
Wattvision (W09) Power Monitor: Best Price through Energy Circle,"Wattvision’s electricity monitor is now for sale — we think it was worth the wait!  If you have been thinking about an energy monitor, but are looking for something simple, “electrician free”, quick to install and with the ability to record your usage over time, Wattvision is for you.",Alexis Ohanian,Alexis Ohanian
Hipmunk (S10) Lands A Big Acorn: ITA (And Soon Google?) Will Help Power Their Airfare Results,,Alexis Ohanian,Alexis Ohanian
"Facebook's Paul Buchheit talks about Facebook, Google and his new gig",,Alexis Ohanian,Alexis Ohanian
"Y Combinator announces two new partners, Paul Buchheit and Harj Taggar","We’re delighted to announce that Y Combinator is getting two new partners, the first we’ve added since we started YC in 2005.",Alexis Ohanian,Alexis Ohanian
Aweditorium (W09) brings indie music discovery to iPad (the Flipboard of music),,Alexis Ohanian,Alexis Ohanian
Turn Your Entire Life Into A List With Workflowy (S10),,Alexis Ohanian,Alexis Ohanian
Wufoo (W06) integrates Notifo (W10) for form notifications,,Alexis Ohanian,Alexis Ohanian
Reddit head leaves Conde Nast for Hipmunk,"Christopher Slowe, a five-year veteran of Reddit who has been in charge of the Conde Nast-owned social news site since the departure of its founders Steve Huffman and Alexis Ohanian last year, announced on Monday that he’s leaving his post. He’ll be joining Hipmunk, the travel search site that Huffman launched a few months ago and which brought Ohanian on board in September.",Alexis Ohanian,Alexis Ohanian
Ditching Politics for Entrepreneurship (featuring Optimizely's Dan Siroker),,Alexis Ohanian,Alexis Ohanian
Why Ready For Zero (S10) Started A Company to Help People Pay Off Credit Card Debt,,Alexis Ohanian,Alexis Ohanian
Good Luck HireHives,,Alexis Ohanian,Alexis Ohanian
Notifo (W10) Growl for Windows plugin released,,Alexis Ohanian,Alexis Ohanian
Mertado (W10) Now Lets Developers Bake A Retail Store Into Social Games,,Alexis Ohanian,Alexis Ohanian
OhLife’s Daily E-Mails Motivate a New Wave of Online Diarists,,Alexis Ohanian,Alexis Ohanian
Y Combinator's Original Home For Sale,"We just put our original building at 135 Garden St in Cambridge on the market. We hesitated for a long time because this is such a unique building. It’s like a loft inside, and yet within walking distance of Harvard Square. I know how rare that combination is because I remember how long I looked for this building. If I’d been able to think of any excuse for keeping it, I would have. (I’m still open to suggestions.)",Alexis Ohanian,Alexis Ohanian
"Steve Huffman, Founder of Reddit (S05) and Hipmunk (S10) Interviewed on Mixergy",,Alexis Ohanian,Alexis Ohanian
"Y Combinator Featured in Forbes: ""The Disruptor In The Valley""",,Alexis Ohanian,Alexis Ohanian
Startup School 2010 photos!,Thanks @xo,Alexis Ohanian,Alexis Ohanian
Advice for YC Applicants: Better Last-Minute than Late,"The application deadline for the winter 2010 cycle is tomorrow. Don’t worry if you decide to apply at the last moment. Some of the best startups we’ve funded only decided to apply a few hours before the deadline. (In fact, way more YC-funded startups applied at the last minute than I realized, judging from this thread on Hacker News.)",Alexis Ohanian,Alexis Ohanian
Wattvision (W09) Energy Sensor: Now shipping!,,Alexis Ohanian,Alexis Ohanian
Cloudkick (W09) Now Managing 1 Million Servers,"Cloudkick, a Y Combinator-incubated startup that offers a free server management system to businesses, has hit a few milestones today. The startup is now managing 1,000,000 servers around the world.",Alexis Ohanian,Alexis Ohanian
TapZilla (S10) Offers Daily Deals For Paid Mobile Apps,"The daily deal model has become a popular way to save a buck on local merchant services. But what about deals on mobile apps? TapZilla, a Y Combinator-backed company that launches to the public today, is taking the daily deal model and applying it to discounts on paid mobile apps.",Alexis Ohanian,Alexis Ohanian
A/B Testing You'll Actually Use: Optimizely (YC W10) Launches Out of Beta,,Alexis Ohanian,Alexis Ohanian
"CarWoo (S09) Promises Car Buyers Hassle-Free Quotes Online, Raises $4.2 Million","The Internet was supposed to make car shopping easier, Tommy McClung is explaining. Back in the 1990s, sites like Vehix.com, Cars.com, and Autotrader.com promised a future where you wouldn’t have to haggle with a salesman, and where you didn’t have to drive from dealer to dealer just to see who could offer the best price or who had the model and color you wanted in stock.",Alexis Ohanian,Alexis Ohanian
inDinero’s Founder Shows How Entrepreneurship Gets Easier With Experience: Mixergy Interview,,Alexis Ohanian,Alexis Ohanian
Ask Y Combinator anything: YC Q&A Sessions coming to Boston (11 Oct) & NYC (13 Oct),,Alexis Ohanian,Alexis Ohanian
Can a 20-Year-Old Help You Track Your Finances?,,Alexis Ohanian,Alexis Ohanian
Opzi (S10): A Quora For The Enterprise,"Within businesses, employees can share information over email, and through collaboration platforms like Yammer, Salesforce’s Chatter and others. But Q&A platforms like Quora have recently taken off as a centralized knowledge repository for a vast number of topics that is easily searchable. Today at TechCrunch Disrupt, Opzi is launching a Q&A platform designed specially for businesses.",Alexis Ohanian,Alexis Ohanian
Make Your #NewTwitter Background Pretty With Themeleon (COLOURlovers W10),,Alexis Ohanian,Alexis Ohanian
"Dropbox (S07) Updates Apps for Android, iOS; Launches App Directory And BlackBerry App",,Alexis Ohanian,Alexis Ohanian
inDinero’s Jessica Mah: This Is A 20-30 Year Company That We Want To Build,,Alexis Ohanian,Alexis Ohanian
Do You Know Where Your Child (or Husband or Girlfriend) Is? Whereoscope Can Tell You,,Alexis Ohanian,Alexis Ohanian
Justin.tv’s Newest App Now Broadcasts Live Video From Your iPhone,,Alexis Ohanian,Alexis Ohanian
The Fridge (S10): Private Mini-Facebooks that Put Social Networking in Context,,Alexis Ohanian,Alexis Ohanian
The Most Powerful Colors in the World by COLOURlovers (W10),,Alexis Ohanian,Alexis Ohanian
10 Hot Startups to Watch,"Five years ago, Facebook was new, YouTube had just launched and Twitter didn’t exist. Now imagine, as a marketer, if you had gotten an early heads up that these platforms would become powerhouses. What if you were the first person to walk up to the CMO and say, “We should really be investing in consumer generated content and social networks.” You’d be a hero. When you know what’s coming up next, you can build campaigns that don’t follow your consumers but are already at the destination when they get there.",Alexis Ohanian,Alexis Ohanian
How the B-School Dropouts at Bump (S09) Are Filling a Big Gap in Mobile Communications,,Alexis Ohanian,Alexis Ohanian
"Gift card marketplace Cardpool (W10) Introduces Instant Redemption, Attracts Super Angels",,Alexis Ohanian,Alexis Ohanian
ReadyForZero Wants To Help You Get Control Of Credit Card Debt,Credit card debt is a undoubtedly serious issue for many Americans. Defaulting on credit card bills can result in damage to your credit score and even bankruptcy. Y Combinator-backed ReadyForZero is launching today as easy to use web-based platform to help guide consumers out of credit card debt.,Alexis Ohanian,Alexis Ohanian
World Economic Forum Names Scribd (S06) as a Technology Pioneer 2011,Technology Pioneers 2011: Empowering People and Transforming Society,Alexis Ohanian,Alexis Ohanian
Welcome Alexis!,"We’re happy to announce that we’ve appointed Alexis Ohanian as YC’s Ambassador to the East. He’s going to be based in New York, and he’ll be talking to potential YC applicants and representing us at events all along the Atlantic Corridor.",Alexis Ohanian,Alexis Ohanian
"Adioso (W09), Flight Search For People Keeping Their Options Open",,Alexis Ohanian,Alexis Ohanian
The Other Half Of Search: Greplin (W10) Is A Personal Search Engine For Your Online Life,,Alexis Ohanian,Alexis Ohanian
TechCrunch Now Using Disqus (S07) for Commenting System,,Alexis Ohanian,Alexis Ohanian
Cloudant's (S08) BigCouch is open-source,,Alexis Ohanian,Alexis Ohanian
Tech startups are changing the way workers are screened and hired.,,Alexis Ohanian,Alexis Ohanian
Facebook To Begin Giving Y Combinator Startups VIP Treatment,"Startups that enter the Y Combinator program don’t generally do it for the money alone — most companies receive $20,000 or less in seed funding. Instead, they do it for the exposure, connections, mentors, and resources that the YC program affords. And they just got one more major perk: Facebook has announced that it will be working to help YC companies create “transformative social experiences”, and it’s going to give them preferential treatment and access to company resources. From the Facebook post:",Alexis Ohanian,Alexis Ohanian
MessageParty Ties Location With Chat Rooms,,Alexis Ohanian,Alexis Ohanian
Photos Too Racy for Facebook? Put Them in the Fridge,,Alexis Ohanian,Alexis Ohanian
"Mr. Startup: Paul Graham, founder of YCombinator, and his ""no asshole"" rule",,Alexis Ohanian,Alexis Ohanian
Motorola Snaps Up 280 North (W08) For $20 Million,,Alexis Ohanian,Alexis Ohanian
Star investors (and other stars) come out for Y Combinator's Demo Day,"Dozens of Silicon Valley’s top investors turned out to see the latest crop of companies from Y Combinator, which kicked off the 11th Demo Day at its Mountain View headquarters on Tuesday.",Alexis Ohanian,Alexis Ohanian
Koduco Is Bringing Old-School Fun To Multiplayer iPad Games,,Alexis Ohanian,Alexis Ohanian
WePay (S09) Brings Hassle-Free Group Payments Platform To Facebook,,Alexis Ohanian,Alexis Ohanian
Teevox Turns Your iPhone Into A Computer TV Remote Control,,Alexis Ohanian,Alexis Ohanian
InDinero peers into your company’s financial future (invites),,Alexis Ohanian,Alexis Ohanian
GinzaMetrics Aims To Bring Simplicity To SEO Software,"There’s no doubt that SEO can be a confusing, yet incredibly important task for businesses both big and small. Enter Y Combinator-backed GinzaMetrics, which is unveiling its “pro-sumer” SEO software today.",Alexis Ohanian,Alexis Ohanian
Listia (S09) Named One of the Top 100 Web Sites of 2010 by PCMag.com,,Alexis Ohanian,Alexis Ohanian
Reddit CoFounder Dips Back Into Y Combinator With Travel Startup Hipmunk,,Alexis Ohanian,Alexis Ohanian
1000Memories Confronts Death by Celebrating Lives,Read the full article on Xconomy here: http://www.xconomy.com/san-francisco/2010/08/16/1000memories-confronts-death-…,Alexis Ohanian,Alexis Ohanian
1000Memories (S10) Partners with WePay (S09),,Alexis Ohanian,Alexis Ohanian
I Move You Is An Evite For Healthy Activities,,Alexis Ohanian,Alexis Ohanian
AdGrok Simplifies Keyword Bidding And More On Google AdWords,,Alexis Ohanian,Alexis Ohanian
Whereoscope (S10) Gives Parents An Easy Way To Track Where Their Kids Are,,Alexis Ohanian,Alexis Ohanian
"With a New App, Bump (S09) Gets a Bump",,Alexis Ohanian,Alexis Ohanian
Live Long And Prosper With FutureAdvisor,,Alexis Ohanian,Alexis Ohanian
Introducing the YCommonApp,"Apply to jobs at over 25 Y Combinator-funded startups by answering a short video questionnaire. It’s the most efficient way to introduce yourself to YC companies looking to hire (it takes 10 minutes, which works out to be about 20 seconds/startup).",Alexis Ohanian,Alexis Ohanian
"Gmail Plugin Rapportive (S10) Raises Over $1 Million From Gmail Creator, Many Others",,Alexis Ohanian,Alexis Ohanian
"Paul Graham’s Checklist, Would You Make The Cut? [Video interview with TechCrunch]",,Alexis Ohanian,Alexis Ohanian
It’s As If The iPhone 4 Was Created For DailyBooth (S09); Their App Will Prove It,,Alexis Ohanian,Alexis Ohanian
GazeHawk Heatmaps With Web Cams,,Alexis Ohanian,Alexis Ohanian
"With Olark (S09), You Can Follow Customers Around Your Online Store To Make Sure They Buy",,Alexis Ohanian,Alexis Ohanian
"Inc.com's 30 Under 30 List: Featuring Songkick (S07), Posterous (S08) and Airbnb (W09)",Congrats everyone!,Alexis Ohanian,Alexis Ohanian
PagerDuty (S10) Makes Sure Your Team Knows When A Server Goes Down,,Alexis Ohanian,Alexis Ohanian
Optimizely (W10) Makes It Remarkably Easy To Run A/B Tests On Your Website,Read the full article via http://techcrunch.com/2010/07/15/optimizely-ab-test/,Alexis Ohanian,Alexis Ohanian
"Crocodoc (W10) Raises Cash, Upgrades Web-based Document Review Service",,Alexis Ohanian,Alexis Ohanian
"Crocodoc (W10) Raises Cash, Upgrades Web-based Document Review Service",,Alexis Ohanian,Alexis Ohanian
1000Memories (S10): A Loved One Has Passed Away. What’s Your Digital Strategy?,,Alexis Ohanian,Alexis Ohanian
AngelConf 2010: Learn about Angel Investing from the Experts,"Have you thought about investing in startups, but didn’t know how?  You’re not alone.  Investing in startups seems mysterious and difficult. How much are you supposed to invest?  What legal agreements do you need?  Where do you find startups to invest in?  How do you pick winners?",Alexis Ohanian,Alexis Ohanian
The Way I Work: Justin Kan of Justin.tv,,Alexis Ohanian,Alexis Ohanian
DailyBooth.com (S09) builds community through photos,"DailyBooth CEO Brian Pokorny, left, and co-founder Ryan Amos in San Francisco look at a video feed of co-founder Jon Wheatley, who’s in London. 									        (Robert Durell, For The Times / May 21, 2010)",Alexis Ohanian,Alexis Ohanian
"Seeing Interactive (W10) Raises Seed Round From Baseline, Buchheit, Schachter, and Lerer Ventures",,Alexis Ohanian,Alexis Ohanian
A New Way to Get Money for Group Events (WePay S09),"If you’ve ever organized an event like a bachelor party and tried to collect money from a group of friends, you know how difficult it can be to get some people to put up their share.",Alexis Ohanian,Alexis Ohanian
Heyzap (W09) raises $3M round for social game platform expansion,,Alexis Ohanian,Alexis Ohanian
Airbnb's (W09) Brian Chesky Now Homeless: Living on Airbnb for the Rest of the Year.,,Alexis Ohanian,Alexis Ohanian
Y Combinator Gives A Crash Course On What It’s Like To ‘Work At A Startup’,,Alexis Ohanian,Alexis Ohanian
Former Forbes CEO invests in WebMynd’s (W08) publisher tools,,Alexis Ohanian,Alexis Ohanian
Notifo (YC W2010) Gets a Co-Founder… Me,,Alexis Ohanian,Alexis Ohanian
"Treehouse (from Fliggo, YCS08): Maybe The Perfect App For Bros Icing Bros",,Alexis Ohanian,Alexis Ohanian
YC Founders at Work Interview: Posterous,YC Founders at Work Interview 06- Posterous from Jessica Livingston on Vimeo.,Alexis Ohanian,Alexis Ohanian
Need to process payments?,"There’s a YC-funded startup working on payment processing done right.  They’re already processing payments for a lot of other YC startups, and now they’re looking to expand their private beta to some more companies.",Alexis Ohanian,Alexis Ohanian
Dropbox (S07): Files Without Borders,,Alexis Ohanian,Alexis Ohanian
Late applications for summer 2010 have all been considered,"We’ve now read all the late applications for summer 2010 and contacted the groups we wanted to talk to in person, so if you submitted a late application and you haven’t heard from us by now, that means we’re not going to fund you this summer. Please don’t let that get you down, because it is much harder (about 3x harder) for a late application to be accepted. We saw plenty of late applications we would have invited to interviews if they’d applied as part of the regular process. We hope groups that applied late will consider applying again for the next YC cycle, whose application deadline will be this fall.",Alexis Ohanian,Alexis Ohanian
Invitations sent for Work at a Startup,"We’ve just sent out all the invitations for Work at a Startup. If you applied, please check your email and rsvp using the link we sent you.",Alexis Ohanian,Alexis Ohanian
Loopt (S05): Turning Consumer Loyalty Into a Cellphone Game,,Alexis Ohanian,Alexis Ohanian
YC Founders at Work Series: Reddit interview tomorrow at 1:00pm PDT,,Alexis Ohanian,Alexis Ohanian
"Mobile App Recommender Appsaurus (S07) Raises $850K From Mitch Kapor, Chris Sacca And Others","Hello, Chair, the company that develops a social app recommendation engine within an iPhone app, has raised  $850,000 in funding from Harrison Metal Capital, Mitch Kapor, Chris Sacca, and Wilson Sonsini. The startup previously raised money from Y Combinator and David Parker.",Alexis Ohanian,Alexis Ohanian
A Twist To Y Combinator’s ‘Demo Day’: Pitching To Programmers,"Unemployment may be high, but it’s still tough for young start-ups to find talented computer programmers in Silicon Valley, according to incubator and seed-investment firm Y Combinator. That’s why it’s holding a unique event on June 17 called “Work at a Startup,” in which the firm’s portfolio companies will present their businesses to job seekers. About 125 programmers will hear pitches from 35 Y Combinator companies, followed by a networking reception. (The deadline for programmers to apply is at 12 a.m. PT tonight.)",Alexis Ohanian,Alexis Ohanian
The application deadline for Work at a Startup is tomorrow,"If you’re a programmer interested in attending our new event, Work at a Startup, the deadline for applying is tomorrow at midnight PST.",Alexis Ohanian,Alexis Ohanian
YC has just closed a new $8.25 million fund,"We’re happy to announce we’ve just closed a new fund of $8.25 million. The investors are a superset of those who invested in our previous fund: Sequoia Capital led again, and in addition we have a number of prominent angels, including Ron Conway, Paul Buchheit, Aydin Senkut, XG Ventures, and Geoff Ralston. It has been pleasant to work with investors who understand startups so well, and we look forward to continuing the relationship.",Alexis Ohanian,Alexis Ohanian
PG's panel at Google I/O today @ 3pm,"What do notable tech-minded VCs think about big trends happening today? In this session, you’ll get to hear from and ask questions to a panel of well-respected investors, all of whom are programmers by trade. Albert Wenger, Chris Dixon, Dave McClure, Paul Graham, and Brad Feld will duke it out on a number of hot tech topics with Dick Costolo moderating.",Alexis Ohanian,Alexis Ohanian
Anybots Launches QB: Telepresence Robot Lets You Be At the Office ... Without Being There,,Alexis Ohanian,Alexis Ohanian
Mixpanel/WePay (S09) tech talk: PHP Inventor Rasmus Lerdorf talks about...PHP!,,Alexis Ohanian,Alexis Ohanian
Delicious Memorial Day BBQ ideas from Foodoro (W09),,Alexis Ohanian,Alexis Ohanian
Work at a Startup: June 17 @ YC,"June 17 2010, 6:00-7:30 pm | Y Combinator, 320 Pioneer Way, Mountain View",Alexis Ohanian,Alexis Ohanian
Newly Seeded Etacts (W10) Seeking Holy Grail Of The Unified Inbox,"With the proliferation of many new forms of social media and electronic communication, it’s getting increasingly difficult to manage all the inboxes.",Alexis Ohanian,Alexis Ohanian
Etacts (W10) Makes Something Fred Wilson Wants,I love it when I write about something I need and some developer out there builds it. It happens all the time and it never ceases to amaze me.,Alexis Ohanian,Alexis Ohanian
NativeHost: Run your Cappuccino applications on the desktop,,Alexis Ohanian,Alexis Ohanian
GitHub Issues Cappuccino App: Desktop and Web,,Alexis Ohanian,Alexis Ohanian
PG Particpating in Panel at the Google I/O 2010 (5/19 @ 3pm),"What do notable tech-minded VCs think about big trends happening today? In this session, you’ll get to hear from and ask questions to a panel of well-respected investors, all of whom are programmers by trade. Albert Wenger, Chris Dixon, Dave McClure, Paul Graham, and Brad Feld will duke it out on a number of hot tech topics with Dick Costolo moderating.",Alexis Ohanian,Alexis Ohanian
Former Microsoft Execs Lead $10 Million Round In Ruby On Rails Startup Heroku (W08),,Alexis Ohanian,Alexis Ohanian
Picwing is Offering 2 Months Free in Honor of Mother's Day,"Of all the startups Y Combinator has funded, Picwing is probably the one that has changed our lives the most. It’s the perfect thing for parents with a new baby, because it’s the easiest way to send prints of photos. All you have to do is tell Picwing where you want prints sent. Then as you take good photos you send them to Picwing, which sends a shipment every two weeks to all the people you’ve specified.",Alexis Ohanian,Alexis Ohanian
"Nowmov (W10) Launches: Sit Back, Relax, And Watch An Endless Stream Of YouTube Videos",,Alexis Ohanian,Alexis Ohanian
Zencoder (W10) Wants To Be The Amazon Web Services Of Video Encoding,"Transcoding videos, which changes the format, size and bit rate of a video file, is an arduous, yet necessary process for media content owners. Many sites outsource the transcoding technology to services like Encoding.com, which offer a SaaS application to format videos. Today, Y Combinator-backed Zencoder is entering the space, hoping to become the Amazon Web Services for encoding.",Alexis Ohanian,Alexis Ohanian
Dropbox (S07) Announces Mobile API,,Alexis Ohanian,Alexis Ohanian
Get Custom Notifications on Your iPhone with Notifo (W10),,Alexis Ohanian,Alexis Ohanian
Picwing (S08) Reboots With An iPhone App That Prints Photos For Your Mom,,Alexis Ohanian,Alexis Ohanian
He's Start-ups’ Best Friend,,Alexis Ohanian,Alexis Ohanian
Cloud management startup Cloudkick (W09) raises another $2M,,Alexis Ohanian,Alexis Ohanian
Frothy Times for Web Angel Investing,http://gigaom.com/2010/04/27/frothy-times-for-web-angel-investing/#,Alexis Ohanian,Alexis Ohanian
PHP Founder Rasmus Lerdorf Joins Group Payments Startup WePay (S09),"WePay, a startup that’s meant to help take the pain out of managing payments for groups like fraternities and soccer teams, has landed a big new hire: Rasmus Lerdorf, the man who originally created the programming language PHP.  Lerdorf, who left Yahoo last November, will be leading development of WePay’s API.  The API will begin rolling out to a small number of developers this summer (you can ask to take part by emailing API@wepay.com ).",Alexis Ohanian,Alexis Ohanian
"Geek Power: Steven Levy Revisits Tech Titans, Hackers, Idealists",,Alexis Ohanian,Alexis Ohanian
Wufoo interview now online,,Alexis Ohanian,Alexis Ohanian
Delicious Mother's Day Gift Ideas from Foodoro,,Alexis Ohanian,Alexis Ohanian
"Mertado (W10) : Deal Hunting, Social Shopping For Facebook",,Alexis Ohanian,Alexis Ohanian
Scribd (S06)/Posterous (S07) Named as BusinessWeek's Best Young Tech Entrepreneurs 2010,,Alexis Ohanian,Alexis Ohanian
I'm interviewing Kevin Hale of Wufoo live today at 1:00 pm (PT),,Alexis Ohanian,Alexis Ohanian
YC Featured in Forbes' Ten Technology Incubators Changing The World,Ten Technology Incubators Changing The World,Alexis Ohanian,Alexis Ohanian
I'm going to be interviewed on Mixergy tomorrow at 11am PDT,Hope you’ll tune in: http://mixergy.com/upcoming-jessica-livingston/#,Alexis Ohanian,Alexis Ohanian
CHROMAom founder Darius Monsef's Birthday Cake Featured in MarthaStewart.com,,Alexis Ohanian,Alexis Ohanian
NewsTilt (W10) Aims To Help Journalists Create A Business Model For Content,"The business and content models behind news have been changing dramatically over the past few years; with the mechanisms by which journalists interact with their audiences constantly transforming along the way. Y Combinator- backed NewsLabs is launching a platform, called NewsTilt, that will help aim to help journalists adapt the future of online news. The platform will officially launch tomorrow.",Alexis Ohanian,Alexis Ohanian
Paul is speaking at the Entrepreneurial Bootcamp at Stanford Today,,Alexis Ohanian,Alexis Ohanian
"Mixpanel (S09) Lands Chinese Social Game Developer Five Minutes, Continues Strong Growth",,Alexis Ohanian,Alexis Ohanian
Facebook Acquires Divvyshot (W09)!,"As a result, we’ve reached an agreement with Facebook for them to acquire many of the company’s assets.  We will join the Facebook engineering team and focus on Facebook Photos.",Alexis Ohanian,Alexis Ohanian
RethinkDB (S09) Raises $1.2 Million For Its Database For Solid-State Drives,,Alexis Ohanian,Alexis Ohanian
Wepay launches!,,Alexis Ohanian,Alexis Ohanian
BusinessWeek Chooses Inkling Markets (W06) as One of America's Most Promising Startups,,Alexis Ohanian,Alexis Ohanian
"Got Roomies? Pay Your Bills With WePay (S09), the Online Group Payment System","The company has been in private beta for the past six months and says that its testers have been giving it rave reviews. If it does what it says it does, we wouldn’t see why not.",Alexis Ohanian,Alexis Ohanian
"Justin.tv for iPhone Racks Up 355,000 Downloads in First Week",,Alexis Ohanian,Alexis Ohanian
Paul Graham of Y Combinator on Start-Ups,,Alexis Ohanian,Alexis Ohanian
Y Combinator Matures: 1/4 of Startups Funded Before They Finish the Program,"When I think Y Combinator, I think a couple of scrappy college dropout co-founders for whom living on ramen is more than proverbial and coding is life. They pitch an idea, come out to California, drink in some startupy goodness and maybe make something of it.",Alexis Ohanian,Alexis Ohanian
Startups And Top Investors Unite At Y Combinator’s Tenth Demo Day,"I’m here at Y Combinator headquarters in Mountain View, California, where over two dozen startups are showing off their wares to a room full of investors and press. The room is packed with with some of Silicon Valley’s most highly regarded VCs, angel investors, and entrepreneurs.",Alexis Ohanian,Alexis Ohanian
Dropbox interview now online,,Alexis Ohanian,Alexis Ohanian
"Colourlovers Mixes With ColorSchemer, Added To Twitter’s Design Palette",,Alexis Ohanian,Alexis Ohanian
YC Founders at Work Series: Dropbox interview today at 1:00pm PDT,,Alexis Ohanian,Alexis Ohanian
Gift card marketplace CardPool (W10) pays users to recommend friends,"CardPool, a new startup incubated by  Y Combinator, helps users get money for gift cards that they don’t want. Now it’s also offering a financial incentive for those users to recruit their friends.",Alexis Ohanian,Alexis Ohanian
RentHop (S09): Featured on Reuter's Entrepreneurs Edge,RentHop is the place to go to find an apartment to rent or lease one out. Check it out if you are in NYC!,Alexis Ohanian,Alexis Ohanian
tweetBracket: A Dead Simple Way To Share Your March Madness Picks,,Alexis Ohanian,Alexis Ohanian
Data Marketplace (W10) Is An Amazon For Structured Information,"There has always been a vibrant ecosystem around financial data. Financial institutions, such as hedge funds and investment banks, pay thousands of dollars for quantitative tabular data (financial data in spreadsheets). But now, the web has provided a mechanism to distribute and publish large amounts of data, but much of this data is raw (meaning, it’s not built into a spreadsheet format) and hard to find in a Google search. And finding the data, and then putting the data into a format that is easy to digest can be a laborious task. Y Combinator’s Data Marketplace is hoping to change this by providing a platform where financial professionals can request data sets and then data aggregators/consultants can then find and format the appropriate data.",Alexis Ohanian,Alexis Ohanian
"Etacts (W10) Adds Contact Info, Social Networking, and Handy Statistics to Your Gmail Sidebar",,Alexis Ohanian,Alexis Ohanian
"PayPal Launches Revamped iPhone App, Teams With Bump (S09) For Phone-Tapping Money Transfers",,Alexis Ohanian,Alexis Ohanian
"PG Speaking on SXSW Panel Today at 3:30. YC Meetup at ""Submerged Bar"" Afterward.",,Alexis Ohanian,Alexis Ohanian
Responses for Summer 2010 Applications Delayed,"Though we were scheduled to respond today to summer 2010 funding applications, it looks like we are going to be about a day late. I got some kind of bug this week and was knocked out for a couple days, and that threw everything off. We’re pretty sure we’ll be able to respond to everyone tomorrow. Sorry about that.",Alexis Ohanian,Alexis Ohanian
AirBnB and Weebly interviews now online,You can now view the first two interviews from the YC Founders at Work Series:,Alexis Ohanian,Alexis Ohanian
Airbnb TV Episode 1: Venice Beach Bungalow,,Alexis Ohanian,Alexis Ohanian
Startup Insights from WePay (W09),http://blog.wepay.com/2010/03/11/5-things-i-%E2%80%9Cknew%E2%80%9D-or-should-have-known-before-starting-a-company-but-didnt-fully-understand-until-now/#,Alexis Ohanian,Alexis Ohanian
Site creation startup Weebly (W07) opens up to user-designed themes,,Alexis Ohanian,Alexis Ohanian
"YC @ SXSW. Monday, March 15th - Submerged Bar, 333 East 2nd Street",,Alexis Ohanian,Alexis Ohanian
SV Angel Partner Brian Pokorny Now CEO of Dailybooth (S09),,Alexis Ohanian,Alexis Ohanian
The White House using Justin.tv!,"Vice President Joe Biden, it turns out, will be speaking in Tel Aviv on Thursday",Alexis Ohanian,Alexis Ohanian
Posterous (S08) Raises $4.4 Million,"San Francisco based Posterous, a fast growing publishing platform, has taken a $4.4 million investment from Redpoint Ventures. Partner Satish Dharmaraj, who is also an individual investor in Posterous, led the round and joins the company’s board of directors (and he maintains his personal blog at Posterous here).",Alexis Ohanian,Alexis Ohanian
Y Combinator Will Now Accept Late Applications,The deadline for applying for the summer 2010 funding cycle is today at 10 pm Pacific. We moved the deadline earlier this year to decrease the stress for applicants who get offers from the increasing number of other YC-like organizations.,Alexis Ohanian,Alexis Ohanian
Weebly Wednesday,At 12:30 pm (PT) today I’ll be interviewing  Weebly co-founder David Rusenko. Tune into Justin.tv (http://www.justin.tv/jessicaycombinator#r=XHx3dbY~&s=li) to watch the interview. Weebly applied to YC at the very last minute. I’ll be talking with David about the early days of Weebly.,Alexis Ohanian,Alexis Ohanian
I'm interviewing the founders of AirBnB live today at 1:30 pm (PT),"At 1:30 pm (PT) today I’ll be interviewing Brian Chesky and Joe Gebbia, two of AirBnB’s founders. Tune into Justin.tv (http://www.justin.tv/jessicaycombinator#r=XHx3dbY~&s=li) to watch the interview.",Alexis Ohanian,Alexis Ohanian
PG ranked #11 in BusinessWeek's Top Angels list,,Alexis Ohanian,Alexis Ohanian
Crocodoc (W10) Makes It A Snap To Share And Mark Up Documents,,Alexis Ohanian,Alexis Ohanian
Welcome Harj,"We’re happy to announce that we’re hiring Harjeet Taggar to work for YC. Harj was a founder of Auctomatic, which we funded in winter 2007, and which went on to be acquired by Live Current Media in 2008. Officially Harj is in charge of biz dev, but he’s going to do pretty much everything we do, including selecting and advising startups.",Alexis Ohanian,Alexis Ohanian
Simple website builder Weebly (W07) goes international,,Alexis Ohanian,Alexis Ohanian
@ycombinator,We finally got @ycombinator. Tell us on Twitter how you’d like us to use it! What would you want to hear about?,Alexis Ohanian,Alexis Ohanian
The First YC Conference,"Recently we realized that the YC alumni network is now so big that we could start to organize entire conferences where the audience and the speakers were all YC founders.  There are now around 450 alumni, most of them still in the Bay Area, and some of the older startups are now quite formidable.  We had the first conference last night, about SEO, and it it seems to have been a success.",Alexis Ohanian,Alexis Ohanian
YC Alumni Down Under,,Alexis Ohanian,Alexis Ohanian
Feb 25: Y Combinator Seattle Meetup,We’ll be bringing in pizza and beers and hanging out all evening to talk about startups and answer any of your questions about YC.,Alexis Ohanian,Alexis Ohanian
CardPool (W10) Wants To Buy And Sell Your Unused Gift Cards,,Alexis Ohanian,Alexis Ohanian
Bump’s (W09) Mobile Data Swapping API Now Open To Everyone,,Alexis Ohanian,Alexis Ohanian
reMail (W09) Acquired by Google,,Alexis Ohanian,Alexis Ohanian
Merlin Mann interviews Appsaurus (YC S07) at Macworld,,Alexis Ohanian,Alexis Ohanian
Divvyshot (W09) launches refreshingly simple photo sharing | CNET News,,Alexis Ohanian,Alexis Ohanian
Mixpanel (S09) Raises Seed Funding From Metrics Gurus Max Levchin And Michael Birch,,Alexis Ohanian,Alexis Ohanian
Hackathon at Berkeley this weekend!,"The annual Hackathon is coming up this weekend. We expect 100 people to show up and spend the night starting at 6pm. The hacking will take place from 6pm on Friday in the Wozniak Lounge at Soda Hall, and end at 12pm on Saturday. Thats 18 hours of hacking craziness followed by presentations from the teams and deliberation by the 9 judges from Zynga, Facebook, Y Combinator, and EECS peeps @ Berkeley.",Alexis Ohanian,Alexis Ohanian
"Find a delicious Valentine's Day gift on Foodoro-- and get $4.95 flat shipping, too.",,Alexis Ohanian,Alexis Ohanian
How to Avoid Mediocre Co-Founders,"Said Livingston, “Above all else, never hire a B player – B players hire C players and then you find yourself with a mediocre team. My best advice is to always hire someone more competent than yourself.”",Alexis Ohanian,Alexis Ohanian
Girls in Tech's Catalyst Conference today,How to Steer your Company through Expansion (and Have Fun),Alexis Ohanian,Alexis Ohanian
Cloudkick (W08) Rolls Out Freemium Model For Server Management System,,Alexis Ohanian,Alexis Ohanian
Anybots Telepresence Robots Go into Mass Production,Congratulations Trevor and Anybots team!,Alexis Ohanian,Alexis Ohanian
Applications open for summer 2010; note earlier deadline,"Applications are now open for Y Combinator’s summer 2010 cycle. Summer 2010 will be our 5th anniversary, and since we fund startups twice a year it will be the 11th group of startups we’ve funded. We’ve funded 171 companies so far, so there’s a chance we’ll hit 200 this summer.  At 2.5 founders per startup, the YC alumni network is starting to be big enough to fill a decent sized auditorium. (Despite its size it is still remarkably cohesive, probably because everyone has been through similar experiences.)",Alexis Ohanian,Alexis Ohanian
FlightCaster (W09) wins the Amazon Payments prize!,,Alexis Ohanian,Alexis Ohanian
"From PlayStation to Y Combinator: The Reddit (S05) Origin Story, Part 2 : Technology",,Alexis Ohanian,Alexis Ohanian
Inkling Market's tgethr (W06) Will Simply Help Your Team Collaborate,,Alexis Ohanian,Alexis Ohanian
Dropbox (S07) Announces 4 Million Users!,,Alexis Ohanian,Alexis Ohanian
MeetingMix (S08) Gets Your Co-Workers To Cut To The Chase,,Alexis Ohanian,Alexis Ohanian
Posterous (S08) Jumps On The Revenue Wagon; Signs Coca-Cola for Promo Site,,Alexis Ohanian,Alexis Ohanian
Xobni (S06) takes over Twitter's old offices,,Alexis Ohanian,Alexis Ohanian
Bump (S09) featured in CNBC's Planet of Apps!,Dave Lieb comes on at the 2:33 mark.,Alexis Ohanian,Alexis Ohanian
Dropbox & Dailybooth Take Home Crunchies!,This year’s third annual Crunchies Awards,Alexis Ohanian,Alexis Ohanian
Recommendations engine DirectedEdge (S09) opens up to developers,,Alexis Ohanian,Alexis Ohanian
Community First: How Wufoo (W06) Created a Captive Audience,,Alexis Ohanian,Alexis Ohanian
ZumoDrive (S07) Lands Deal With HP To Power Storage And Syncing On Mini Netbooks,Zecter is a Silicon Valley startup creating technology that transforms the way people use cloud storage.,Alexis Ohanian,Alexis Ohanian
Hello Chair (S07) Launches Appsaurus: A Smarter Recommendation Tool Than App Store Genius,,Alexis Ohanian,Alexis Ohanian
Fuzzwich (YC S07) featured on the Rachael Ray Show,,Alexis Ohanian,Alexis Ohanian
YC was nominated for a Crunchie!  But please vote for Ron Conway instead.,"We were pleased to learn we’d been nominated for a Crunchie, in the angel investor category.  But also nominated is Ron Conway, and we think you should vote for him instead.  Ron is the angel investor par excellence.  No one has funded more startups, and no one is better liked, by both founders and other investors.",Alexis Ohanian,Alexis Ohanian
Lingt (S09) Uses Games To Turn You Into A Language Learning Addict,,Alexis Ohanian,Alexis Ohanian
"Wattvision Shows The Power Of Simple, Realtime Energy Monitoring",,Alexis Ohanian,Alexis Ohanian
Octopart (W07) Powers Product Search for EETimes,"SAN FRANCISCO, Dec. 8 /PRNewswire/ — EE Times Group [formerly TechInsights], a division of United Business Media [LON: UBM], announced today a new and improved focus on electronic products and components as it aggressively responds to the needs of its audience and advertisers. The first iteration of this strategy is a robust vertical search platform powered by Octopart as part of a new EE Times Product content area of eetimes.com. To lead this effort, EE Times is promoting Allan Yogasingam to a newly created position to oversee the EE Times Products development.",Alexis Ohanian,Alexis Ohanian
"Congratulations, Appjets!","It was announced today that Appjet (YC S07) has been acquired by Google.  No one we’ve funded deserved it more than the Appjets: over the last two years those guys worked their asses off.  In fact, they are a good example of how extreme iteration can be.",Alexis Ohanian,Alexis Ohanian
Kevin Hale of Wufoo (W06) on how to make users fall in love with your 	app,,Alexis Ohanian,Alexis Ohanian
WSJ's Walt Mossberg Reviews ZumoDrive (S07),"You’re seeing a preview of SeenThis? — a Facebook application that helps you discover the latest news, videos and more by showing you what’s popular with your friends — both on Facebook, and on sites like this one.",Alexis Ohanian,Alexis Ohanian
Airbnb Top 40 Accommodations,"If you feel like traveling the world, check out AirBnB’s (W09) top places to stay– they look amazing!",Alexis Ohanian,Alexis Ohanian
Dropbox (S07) Raised $6 Million Sequoia-Led Series A In October 2008,,Alexis Ohanian,Alexis Ohanian
WakeMate (S09) Helps You Kiss Groggy Mornings Goodbye,,Alexis Ohanian,Alexis Ohanian
FlightCaster (S09) Takes Off With $1.3 Million In Funding And A New API,,Alexis Ohanian,Alexis Ohanian
"Ridin’ Vidly (S08): Chamillionaire Helps Launch Realtime Video Responses, Vidly Express",,Alexis Ohanian,Alexis Ohanian
(Socialbrowse's W08) Qwisk Brings Your Social Networks To The Browser,,Alexis Ohanian,Alexis Ohanian
280 North (W08) Releases Atlas,,Alexis Ohanian,Alexis Ohanian
Happy Halloween! (Y Combinator Pumpkin),,Alexis Ohanian,Alexis Ohanian
Startup School '09 Highlights (video),Last Saturday’s Startup School was a huge success! Alexa Lee (http://alexalee.com) made a wonderful video with highlights of the day. I think it accurately captures the collegial atmosphere of SUS. Enjoy!,Alexis Ohanian,Alexis Ohanian
"Staying With Newfound Friends, for a Fee-- AirBnB (W09) Featured in NYT","In a quiet part of the neighborhood, close enough to late-night hot spots like Pete’s Candy Store but not overrun with foot traffic, I had a clean, bright room to myself in a newly renovated apartment, for which I paid a mere $75 a night. (Less, actually, but I’ll get to that in a minute.)",Alexis Ohanian,Alexis Ohanian
Loopt (S05) Acquires GraffitiGeo (S09),,Alexis Ohanian,Alexis Ohanian
"Bump Technologies (S09) Confirms Sequoia Funding, Reveals Roster Of Angels",,Alexis Ohanian,Alexis Ohanian
Upgrading To Windows 7? Easily Install Multiple Software Programs With Ninite (S08),,Alexis Ohanian,Alexis Ohanian
Startup School Final Speaker List,,Alexis Ohanian,Alexis Ohanian
"HeyZap (W08) Helps Flash Games Go Viral With New API, Launches Analytics Too",,Alexis Ohanian,Alexis Ohanian
Photo-blogging Site DailyBooth (YC S09) Raises $1 Million -WSJ,Congratulations DailyBooth!,Alexis Ohanian,Alexis Ohanian
Online Shop Til You Drop With Your Friends On Plurchase (YC S09),,Alexis Ohanian,Alexis Ohanian
Wufoo (W06) Launches Integrated Payments Feature For Online Form Builder,,Alexis Ohanian,Alexis Ohanian
Startup rental (RentHop YC S09) website takes on Craigslist,"Nice Reuters article on RentHop. The RentHop guys are focused on NYC-area rentals right now, but plan to expland to other cities. I wish this was around when I was in my 20s and rented a place in NYC.",Alexis Ohanian,Alexis Ohanian
Justin.tv founders named to top 30 under 30 by Inc.,,Alexis Ohanian,Alexis Ohanian
Songkick integrates Twitter to go realtime and preserve your gig tweets,,Alexis Ohanian,Alexis Ohanian
Posterous Adds Themes,,Alexis Ohanian,Alexis Ohanian
A Nice Post by Fred Wilson,,Alexis Ohanian,Alexis Ohanian
EtherPad Launches A Virtual Document Time Machine,,Alexis Ohanian,Alexis Ohanian
Tweetvite: An Events Site Dedicated To Planning And Finding Tweetups,,Alexis Ohanian,Alexis Ohanian
The piñata tradition taken to a whole new level!,,Alexis Ohanian,Alexis Ohanian
TokBox & EtherPad (YC S07): Video Chat Gets Real-Time Document Editing,"TokBox is one of the most fully-featured video chat platforms available. Like TinyChat, ooVoo, and other services, it has a close connection with social networks and other forms of sharing content. But it didn’t have the kind of document-handling capabilities that could make it useful for more than just talking with friends and family or holding meetings. Now that’s changed, because by integrating with EtherPad, you can now collaborate on documents in real time right within a TokBox group chat. Soon you’ll also be able to add TokBox video chats to your private company EtherPads as well.",Alexis Ohanian,Alexis Ohanian
"TechCrunch50: Don Dodge, Paul Graham, Jason Hirschhorn and Mike Schroepfer join Panel of Experts",,Alexis Ohanian,Alexis Ohanian
Justin.tv API Hack Day at YC: 9/5,"Can you find the median of two sorted lists of cocktail weenies in O(log(n))? If the answer is yes and you live in the Bay Area, then you should join us Saturday, September 5th from 12 – 9pm at the Y Combinator offices for our Official Justin.tv API Hack day!",Alexis Ohanian,Alexis Ohanian
Speaking at Women 2.0 Startup Weekend,,Alexis Ohanian,Alexis Ohanian
YC Demo Day(s),,Alexis Ohanian,Alexis Ohanian
Picwing (YC S08) and the importance of print photos,"“Memory is pretty visual to me, and photography is kind of a way to freeze in time the memories you may have of something,” explained Edward Kim, co-founder of Picwing as he took me on a photo-shoot through his neighborhood near Pacific Bell Park in San Francisco.  “You can always look back at old photos and relive those moments from the past, like going to Disneyland with your family when you were young.”",Alexis Ohanian,Alexis Ohanian
FlightCaster: How to Get Early Notification on Flight Delays - The Middle Seat Terminal - WSJ,WSJ reporter Sarah Nassauer writes:,Alexis Ohanian,Alexis Ohanian
"The Y Combinator list: Bump, Mixpanel, JobPic take off with newest class | VentureBeat",,Alexis Ohanian,Alexis Ohanian
JobSpice: The Solution to Your Resumé Nightmare,"Every idea has its time, and with the unemployment rate rising, JobSpice is right on schedule. Think of it as Google Docs for your resumé: it’s an online service that makes creating and distributing resumes easy, without the hassle of cutting, pasting and tabbing yourself to death in Microsoft Word. Simply plug in your work and education info, and it will let you choose from a litany of pre-made templates; better yet, it won’t lose your formatting if you submit the document online, and it makes tracking different versions of your resumé easy.",Alexis Ohanian,Alexis Ohanian
‘Low Points and Screw-Ups’: Start-Ups Crave Mentors’ Real Stories (WSJ),http://blogs.wsj.com/venturecapital/2009/08/19/low-points-and-screw-ups-y-com…,Alexis Ohanian,Alexis Ohanian
Silicon Valley Elite Flock To Y Combinator Demo Day,,Alexis Ohanian,Alexis Ohanian
Olark (S09) Is A Dead Simple Chat Widget For Site Owners,,Alexis Ohanian,Alexis Ohanian
140 Characters? That’s A Lot Of Writing. Just Post A Picture On DailyBooth,,Alexis Ohanian,Alexis Ohanian
Flightcaster Tells You When Your Flight Is Delayed Hours Before The Airline Will,,Alexis Ohanian,Alexis Ohanian
The Request for Startups,We’re trying a new experiment in the next funding cycle: we’re suggesting specific ideas for startups and we’re building this into the application software.,Alexis Ohanian,Alexis Ohanian
Snaptalent (W08) shuts down gracefully,"Dear Investors, Users, and Snaptalent Fans,",Alexis Ohanian,Alexis Ohanian
Startups Give E-mail a Big Boost on the iPhone with ReMail and GPush,,Alexis Ohanian,Alexis Ohanian
PG on Fox Today,,Alexis Ohanian,Alexis Ohanian
"Tim Ferriss and Kevin Rose on Y Combinator, Language Learning and More",Tim Ferriss and Kevin Rose’s thoughts about YC (at 8:19). Kevin was one of our speakers this summer and was a big hit with the founders. He told us a lot of very interesting stuff about the history of Digg that even we’d never known. Tim has invested in 2 YC startups (Posterous and RescueTime) and has helped out a bunch of others. Thanks guys!,Alexis Ohanian,Alexis Ohanian
"GraffitiGeo: Foursquare Meets Yelp, With A Dash Of Augmented Reality",,Alexis Ohanian,Alexis Ohanian
reMail (YC W09) brings better email search to the iPhone,Congrats Gabor!,Alexis Ohanian,Alexis Ohanian
"Octopart (YC W07) launches Company Tools, allows part suppliers to easily upload data",,Alexis Ohanian,Alexis Ohanian
JobSpice Makes Resumes Web Friendly,,Alexis Ohanian,Alexis Ohanian
A Whiteboard Artifact,,Alexis Ohanian,Alexis Ohanian
SocialBrowse and FanChatter,"Here’s an article about SocialBrowse & FanChatter, 2 Minnesota startups we’ve funded.",Alexis Ohanian,Alexis Ohanian
Directed Edge Sees A Post-Search Web Where Recommendations Rule,,Alexis Ohanian,Alexis Ohanian
Guy Kawasaki's Fireside Chat with Paul and Mike Moritz,PG and Sequoia’s Mike Moritz talk about what they look for in a startup .,Alexis Ohanian,Alexis Ohanian
Team Apart hits the right price for collaboration: $0.00,,Alexis Ohanian,Alexis Ohanian
JobAlchemist (YC S'08) launches video game job board.,,Alexis Ohanian,Alexis Ohanian
Listia Is An Awesome Way To Give And Get Free Stuff,,Alexis Ohanian,Alexis Ohanian
Startups unite to drive nail into the coffin of Internet Explorer 6,,Alexis Ohanian,Alexis Ohanian
Bump Technologies Featured in Apple iPhone TV Ad!,,Alexis Ohanian,Alexis Ohanian
FanChatter Takes Social Media To The Ball Game,,Alexis Ohanian,Alexis Ohanian
"Charlie Rose - A conversation with Sam Altman, Founder and CEO of Loopt",Amazing interview with Sam!,Alexis Ohanian,Alexis Ohanian
"HighlightCam Makes It Easy To Remotely Watch Babies, Pets And Burglars",,Alexis Ohanian,Alexis Ohanian
RethinkDB: A MySQL Storage Engine Built From The Ground Up For Solid State Drives,,Alexis Ohanian,Alexis Ohanian
Be Their Guest: These Folks Have Room to Spare -- or Share,,Alexis Ohanian,Alexis Ohanian
Mixpanel Takes Stat Tracking Beyond Google Analytics,,Alexis Ohanian,Alexis Ohanian
EtherPad Gets A Makeover And Becomes Even More Of A Threat To Google Docs (Invites),,Alexis Ohanian,Alexis Ohanian
How Scribd made pages pay | The Guardian,,Alexis Ohanian,Alexis Ohanian
Picurio Crowdsources Photo Sharing,,Alexis Ohanian,Alexis Ohanian
The scoop behind Scoopler's fundraising,"Cool interview that I just saw today– Orrick’s John Bautista (also one of YC’s lawyers) interviews AJ Asver, co-founder of Scoopler (YC Summer’08), for his show fundRazor. Can’t wait to see AJ and Dilan more often now that they’ll be in the Bay Area. Looking good AJ and JB!",Alexis Ohanian,Alexis Ohanian
"RentHop: Easier Apartment Hunting, Without The Broker Fee",,Alexis Ohanian,Alexis Ohanian
Bump Technologies' Quest To Destroy The Business Card,I love using Bump! “Order more business cards” has officially been crossed off my to-do list.,Alexis Ohanian,Alexis Ohanian
Posterous Acquires Fellow Y Combinator Alum Slinkset,,Alexis Ohanian,Alexis Ohanian
Flash Gaming Payments Heat Up: Heyzap Launches Microtransaction Platform,,Alexis Ohanian,Alexis Ohanian
YC alumni and investors who invested in them party!,,Alexis Ohanian,Alexis Ohanian
Inkling's Tgethr - Get tgethr,,Alexis Ohanian,Alexis Ohanian
Game Site OMGPOP Asks Teens to Pay Up,,Alexis Ohanian,Alexis Ohanian
"Paul Buchheit, FriendFeed cofounder and Gmail creator",,Alexis Ohanian,Alexis Ohanian
AirBnB: From Crash Pad To Pizza Profitable,Pizza profitable? I like it! Next stop: Steak dinner profitable.,Alexis Ohanian,Alexis Ohanian
Songkick Aims To Make A Database Of Every Concert Ever!,Songkick’s (S07) exciting news.,Alexis Ohanian,Alexis Ohanian
Interview with Ross Boucher of 280 North,Nice interview Ross!,Alexis Ohanian,Alexis Ohanian
Heyzap Closes Seed Funding Round For Its Flash Gaming Widget,Congrats Immad and Jude!,Alexis Ohanian,Alexis Ohanian
reMail launches,,Alexis Ohanian,Alexis Ohanian
Win 1 Year of Free Printing with Picwing!,"Eddie & Enrique are running a contest for a year’s worth of free prints on Picwing. Of course you can use the service for anything, but I send digital photos of my new baby to Picwing and every 2 weeks they automatically get printed and mailed to all the grandparents. They love it and I’d probably never get around to doing it without Picwing!",Alexis Ohanian,Alexis Ohanian
Search Goes Real-Time With Scoopler (YC S08),Congrats AJ and Dilan!,Alexis Ohanian,Alexis Ohanian
198 people,"A reporter was recently trying to calculate how many people were employed by startups funded by Y Combinator. His back of the envelope estimate was 200, which seemed high to me, so I asked all the startups.  It turned out he was dead on. There are now 26 YC-funded startups that have employees other than the founders, and between them they employ 198 people.",Alexis Ohanian,Alexis Ohanian
